windspeed,cloudcover,humidity,pressure,temperature
26.27917314028314,5.981742513788991,42.00258490949785,1038.1488953935548,32.84253838603832
16.272104852301705,20.392761381886405,46.943708539805854,1000.7841350760801,36.8388844027445
43.63872298224601,7.948813005089739,93.1533876248646,1017.217041398243,35.43112782405848
20.139803585601314,50.81756815987376,70.79663853295841,1002.8075847585989,35.508343983781685
18.73315341121132,62.206363097680054,21.356330994116295,980.7099816622521,26.27321399630015
32.06854257188844,38.04462922631302,46.19256083263659,985.4983096860234,28.38666132911239
46.01658288495843,53.015423002858896,67.88345838673352,993.9389799117159,25.326689537883507
25.400895936035205,8.543489398296867,31.840521778929485,1028.7300912028065,32.823521329972536
36.13453317772152,76.99584228848788,27.863287979807243,1006.5238910915565,21.44102187385661
22.844151244800422,3.2782047440628737,24.750789260252148,1015.3174198565238,31.24683153090632
10.940382550341877,63.44255835658051,70.44637910012653,1036.631394356152,35.9728569271394
6.197616312919102,43.33465416867139,45.647794058201214,988.8214227018531,34.45839885304513
6.816321824968957,18.380374644785302,49.89429246115792,1031.709162177533,39.79294502803963
1.0662857930257896,52.305587072384355,24.80322970200845,1002.7541604777782,33.20146810200169
27.645113854405512,78.09482289675277,79.04150596675461,1000.2488001417754,30.785848122453476
6.555298968700224,41.352241467067664,81.3405429801756,1017.5316974561414,40.82940129665721
43.28491704705471,36.770902560413454,86.35484443007414,1033.9183130332328,33.166824106992074
49.1448762334006,14.246038635554282,72.1330677249293,1000.9121547454338,27.92122947507397
24.793436339053766,59.45759856285093,81.86308583181449,1025.684494471262,34.93149977721999
22.483697297506637,82.80137139885912,66.17811286945027,981.1545250715359,30.246485825260685
17.403623770358646,56.13415502799079,59.33096485167102,1017.3860967420792,32.83543802670004
31.901347275467657,16.508756220266207,40.78500327967412,1017.8335201696347,28.54328638968891
30.401354600735853,66.12278302281493,24.270202355180032,1013.363631216391,23.297631169746097
17.169106046362703,3.01417647083686,43.34575733026608,1036.2693574556856,37.71159077848822
17.15833258682516,83.80539483285983,74.69009705524164,1036.3154767982674,34.913761747393934
32.24019166582998,92.14951835301255,94.14679360080343,1000.5236526084376,30.64259199426107
27.72730911151883,59.703648985917454,40.497098090698486,1007.3818551389386,26.059914642629142
35.92777138691841,88.17800007957044,73.58793176103299,1027.5425330227183,27.42621445751599
47.06961747520803,8.450557909763589,58.25957173285266,1030.6346840520957,29.62621872265646
38.97957804998337,22.83444941354401,70.20387343685493,1005.0781282902145,31.716681127123252
15.217285401685388,31.72606369914458,20.129747432301954,1000.9415955765988,29.15586593144575
37.95612169253386,77.31667073308755,29.812249367866972,1029.2369917856677,21.276539840728237
22.501226365610627,48.42398450341092,37.36168990593322,1002.6121693037194,29.273634266432154
38.88281953438465,34.83474619071622,91.47609550378233,1004.3139315561574,35.82703670150464
44.32856352752376,15.806969916016389,23.2422122620384,988.1318258663331,23.19720562203804
12.496967456495112,81.06429943234316,65.57070901448618,1012.5769482525161,34.66699578393158
11.932250576497827,2.052342056887013,94.29114534660906,999.586883927097,46.48180618312246
21.63124541370727,33.727046554477745,72.16559342970268,1015.4364037653728,36.0614308666151
2.5766936824008377,24.277560530398155,58.75232978745765,1006.8925440478494,41.72713173576348
34.284296963845335,12.901034659997057,50.87934236184546,1024.8881877658146,30.510886127038322
37.48505397866805,17.204149769404275,69.93561454588459,996.6663723324305,32.005564228121244
17.27150026509455,49.3797056136094,58.43081204547041,990.3199735284367,32.6558217521653
23.264262654836294,42.605649477588805,76.43295542903476,1022.1775856464648,35.25111794634284
29.517829356261434,51.83692030149361,69.42196642645771,1003.047632172811,29.170919519987557
3.679892300775023,72.76203702273595,65.39269427871668,1013.8162145021539,38.244436348802985
35.56487669327296,89.23287636881861,96.54483024201835,1036.464124154068,30.053749927597472
26.33508353745225,11.846207194761572,86.85535409700094,1009.0456216986912,39.65101978726927
31.21311411113612,8.26778582483585,68.70863526947217,989.1435277548006,34.88377987689221
36.191529042544154,32.03546550046542,63.09201826971271,1005.602210791428,29.98321427557339
33.77793703865778,54.6301150413659,77.91549968317955,1008.7118585499377,29.728024700530277
4.766079434281595,9.988735038591845,84.31324327765236,1025.958704652676,44.5634070082181
39.12960380578973,71.59717842411182,43.618966922881995,991.7112953297982,21.982800759001684
30.502329091686814,55.60942179322218,73.35577463323372,1000.8141060406003,30.573366124211184
35.744042100352516,74.84613045780989,30.812355258253294,983.0016991738611,19.84027672912834
13.075086250604418,35.79138024289319,54.43610591844557,1022.1186758844923,35.159032766171826
11.071360959212878,40.10965682575179,95.07492149326262,1024.635940633979,42.622741142165616
41.30461389303931,80.757156565936,46.10394849406386,1007.4314821281654,22.214010167946153
19.51945924514301,26.70094565289416,32.33880070770311,1012.2961195198595,30.144337492915678
28.767336120253912,38.14169278677553,31.691668591528057,1024.9888302939037,26.669063136131726
27.57977361831084,1.3493001193543464,51.498285609618925,996.0980858284362,34.192865921454846
29.258341122650943,55.53207730533509,38.0141052367192,1016.4179171534247,26.276305715798724
3.475321373324708,85.14638001660191,54.153664318848314,1037.835160861097,33.696271159058064
15.123682280829282,2.7891286898406253,77.51085631088822,1019.4780691047322,42.86257102458663
3.3240269743208817,61.37897030751094,91.05278122666961,984.6866082032818,41.14135739956008
24.00804876343271,84.54485327919357,28.813322515570093,997.4156041637743,21.730256522196882
45.104934020349454,49.393188467725544,81.4726599544693,1011.1475963457993,27.913560100553585
19.45880916571395,31.30216410735015,28.278422763455026,984.3602460010776,28.040025669014245
39.122487696532026,99.65838132388646,50.35474178378722,1020.5941887128769,20.823325268912896
14.362317946751507,6.483122559670596,99.72384578058815,1019.252731956375,43.79850719046953
42.813288601840284,21.04234797955382,25.494219004408976,1032.5794214376178,22.506393495782472
20.97515544372321,88.52446146055108,21.830482658285195,1009.9995672892526,21.0143250792974
17.760870782544856,29.73068704803037,46.691893341670514,1021.528312985989,35.857422611448065
34.87398022688979,81.98466612145747,96.08966633141152,990.9210925191836,28.94584460163974
25.637864112789128,33.320129396000034,21.603071563497195,980.1721815613612,26.244874588421162
16.866002236759115,81.19809554759236,37.81692105815338,990.3352396616153,27.099111809718316
2.9046114738738305,68.57287645889586,68.25299130585623,983.732875898421,37.04297924453988
8.331966190829993,46.85224367247839,38.70026755214834,1005.663081491557,34.094379703153784
38.616185856329324,52.29453271460345,24.3046091051721,1008.0982002358168,21.682338475037813
46.036585378100355,17.765954827140185,24.19557633318929,1018.6683618505821,22.7015327991344
8.441914238766396,11.588394861518658,64.73274747575437,988.4463119853147,40.74716766504674
28.472061075410288,71.69427903263924,64.95151277327884,992.8829658497714,28.838770775626273
1.7086846969626757,84.85731812163992,76.51790536660863,1027.899569753457,37.82804870775321
14.542172862488933,72.19708048703481,30.53929052765575,1014.5913496867513,28.671251595749418
22.439397951022578,91.28647058937183,59.98813543527214,981.7618156210693,26.88725301997806
36.79389336494048,89.0078414194781,68.07593345233553,1030.9042803394352,25.429726728699265
2.2053926734909246,77.81872785868336,37.79006866966613,1017.7883358934643,30.994967292277234
39.061532550140804,89.8126920077717,63.78741374108237,991.1983463861891,23.187416537897732
10.132388215265953,16.722360380729484,76.65906735571278,995.1239444754153,40.791237685166095
37.97658855224604,73.13610673707433,99.26725033311898,1013.2128448295146,32.243116233057066
31.27354058929899,75.36766034802174,67.7138163984703,1013.6480708915601,26.788749267551076
16.978791846215113,15.397657513350937,88.89526375399386,1028.3113198364226,41.531885924199834
36.1875740395587,90.95832719678076,86.693819958286,1001.5149582904003,27.298094235785413
11.81612919069613,0.8785234785470775,95.22135181154479,1012.9581887931515,46.320482368708404
10.986397950793958,43.460499627847526,77.84444775908467,1014.9522787098934,37.79736588018625
3.087237908725793,2.1479049639596903,37.04803307128802,1013.5205850635998,39.430375775119025
19.653858691205045,52.335784581193266,43.847290212812375,984.374350722664,29.953497868769496
4.8853315551341145,41.21561537513644,82.77479708756734,1004.6751724660329,42.58624057088975
20.975045267982278,62.30619371155382,61.66581977249881,1000.3330472773573,30.61850671151866
0.49017880385303636,76.64441180678212,40.104691756527885,1039.566663094356,32.42814032727148
7.7541673578888854,76.85752290786851,72.53362718013268,1007.9413138092586,36.24191620157248
46.618597034609984,72.22216003414292,92.5228721106971,1006.1136725414327,26.138094218648284
39.778090808520595,10.187744177740132,48.61518870109356,1009.0212539853536,28.73776264229362
11.808179536777248,41.743852614448826,67.69958911979548,1035.1569549181618,37.642619087285404
35.91460035356743,81.59504980652274,66.52004247052008,1016.6872312780655,26.73361026777595
33.424089553771836,65.4300181483994,30.1579736106728,1003.3486032492832,21.218682707869597
8.846280702190262,68.10279049277278,27.219599128718464,1034.7546437930412,29.75775705274482
18.55292635053746,22.69260320095785,91.15414156713823,1035.7905764940238,41.31983734909332
45.68528712808184,32.50598609408261,94.68295131624012,995.8587640319157,31.042401582297842
36.935894160282515,95.58112108809276,92.33934305202234,1003.603765529239,27.666477857171238
38.017459815324614,84.69252572583137,51.73238355528252,1037.987520202901,24.274166421772815
28.19430168673145,16.49217367113235,43.00960733868018,1012.4629213317331,30.826116124619496
33.2769899367553,54.46930709856821,95.37378219235977,1005.904704661439,33.37018422561253
25.436923813415273,49.05072673280924,90.6241894779235,991.724272116532,36.51757331275213
37.04469016681168,44.36598592100167,85.58538726088267,1003.066330384677,31.87101831088031
36.63638227108479,47.06135713739857,46.73480009540483,1017.8740834832568,27.7489918168373
1.5541593786123464,64.28885098725156,71.09940890245525,982.3220688434285,36.51783261435084
31.588719631988184,96.71494168769895,80.03362206044409,984.9983772067797,27.02351493025005
31.49068318620903,87.53253392608012,66.09234370564839,980.3225843014256,26.836135815389934
3.3659982799815804,87.51264036036214,68.16034666395814,993.1356400714149,34.34635997615271
20.519063258682145,70.33767330701107,80.53502263038138,990.9795679319611,33.215980899735534
44.93945618061649,1.758763425244847,81.34623852746213,1031.048460857751,35.16850027632161
47.67194123516571,44.04605329387381,39.195893231535486,991.1142813567083,20.960794932614473
39.11054738566092,51.11262351744643,51.25397753484715,1019.6708615518172,26.45968449700096
7.5735594485424995,84.2491305025664,82.4947537310993,987.1015480403225,36.90591538917342
18.735997839402735,92.2842061145722,40.91580062489137,1015.6135862161387,26.41705760070457
9.127667460854466,45.15458847890854,93.24751727848924,1006.1372091022297,41.63612537168456
32.60680680803076,30.045963342215753,87.11146199600176,1004.5200869436193,34.08556684305257
38.657222565633745,33.735470249685285,91.63649647503281,1031.393713561077,34.873672314814065
44.18828593123009,57.866225582760144,43.783993503903304,990.0631680079421,20.81141917283703
43.03242377341852,27.49719568297363,28.409360832443546,1015.7130894963667,24.047457632569873
4.960496383045543,91.07387256807415,28.047250430039156,1029.3118433534034,28.419386719849324
6.283700348952142,41.86519809039032,64.47260317913268,1022.8338093496665,38.40119347613486
45.48359064710344,99.00641684660827,44.44723525661669,1039.0007492686996,18.440111651409637
42.18922159589663,10.951524733963879,41.08173468022119,980.1263525881566,27.252365333061423
23.01890825247199,18.787923427293542,37.79243151757167,1033.0615588710211,33.84757351901357
21.50260458885766,51.1590685649486,64.96780883902134,1016.8070813752294,33.36595929489858
27.639983744156005,86.83053732447864,63.84761853955532,980.1490718392477,26.22504574374906
29.83179249408115,35.395310992374505,53.78501435934146,1007.9296292824105,29.037721640454563
12.710828021715237,83.74678742598644,31.075202818723113,1026.0462426283405,28.894223676348375
20.187088173862623,42.54525864781476,94.30358454714278,990.952801706647,38.56931522274204
30.98464820694589,85.29920350321194,54.2348769806424,1020.7086308907437,25.2324758577073
10.31336930345561,27.743143037522344,29.891383595607053,988.380105219927,33.18149990888476
49.94166188166055,47.18917476494854,22.9663151324035,1028.2071463273787,19.814337547177377
14.146972614601866,27.873131603439084,32.207463871285015,1014.1078020992743,32.41179923430329
27.620763901099988,21.522352550807522,43.77009854113892,982.0331991599288,29.841701394502852
27.707979686622853,42.11457202976201,70.40748182574318,985.4525424495162,31.176386053931306
22.574261419455194,33.47067522234896,97.67485362649919,1031.8319029801426,38.829300422869245
12.077172833857214,78.7146956337916,41.765414080473604,981.9800850233471,28.805035021908914
28.267653616775974,74.76385569931068,83.18434174651675,997.9125559336555,32.29389535494483
4.550720767505534,35.85534031696779,92.91090703711698,1014.0147132545058,43.497696615346214
19.346305666776686,99.22739611887471,51.32580600419846,992.8063868225383,26.82895860898289
11.21260975080019,97.38378148804013,40.26188751398213,993.4539299441134,28.67071957710256
6.208888698447318,91.78334776778036,59.28535196473084,1026.5620406990456,33.50480589945254
46.27414654405788,58.65079929985455,91.73696785658476,997.459675058723,30.676118951578243
34.997145747163664,41.23107418394203,20.87854945115747,982.3149769685795,22.96358134325361
8.441444117056662,31.302294884240244,58.930518155368375,1023.2673080003764,38.225280222501695
47.46979302997582,1.503206893470821,80.60762095241088,1037.2619575024912,32.80343820593621
10.79960540738788,63.1806731825853,68.09043433273489,1029.9160385965517,37.98626211665619
11.78066318986193,55.31619099085279,59.78715068036066,1012.9137217685039,36.11997848633088
6.663518777253074,62.9871515564094,64.2890561136029,1005.4930251824526,34.73607921448717
36.392656771574146,57.59549124358953,69.53853263742707,1035.5099102532708,31.31372031689555
28.543771631744796,13.771594148022148,74.56601235403387,1025.9735262990923,37.00206192328717
2.912556620743534,69.53793900848946,48.49484690903323,1014.2394344741002,34.60050049185734
1.264997470748147,36.043577472030506,61.38996375502171,1032.7893391348086,41.138700153787
26.632974388786536,51.629483315010695,41.885617078365804,1016.1027418086663,27.233268901990797
32.576559596134345,36.565377373609245,98.7192041979792,1038.4102800561263,37.083474827540186
41.14368082579333,2.1999870222929707,34.983045374193395,1031.4974286977063,27.745604363998005
23.913646207776967,87.65538213142943,32.052578085666035,1013.0267138417304,23.50844519729441
33.82652393795286,14.87334432942765,41.505782059327665,1035.370172576909,30.9968454286409
36.68278304785445,58.21730627718543,93.60434004061567,1000.5463372210451,31.7005438645023
30.6526346489053,88.31310136131304,72.7084846467817,1022.0556212814259,28.159924479111538
17.61081261837132,22.13292496236299,56.47420205467601,990.2765361682854,35.847864320610434
6.594774151382154,41.20147326288732,94.03163260558271,1033.7218949035,44.36420981451339
32.37692722647509,37.77319819015823,92.01177540021521,994.8830089933172,36.2170532614938
38.43481659061999,8.92204804298099,52.12740047482274,1036.9419506976008,30.890122466360562
9.491355932698086,42.35172707969417,65.09127704985539,981.0194874408487,36.66322749546963
24.743335954074062,47.947848613247714,92.4299185566861,1020.910213804184,38.70870184670493
19.862269239347718,2.6597332087300085,45.551892991577276,989.0033701820934,32.54787623887769
10.285153776265815,48.81437573990032,52.60297851175529,1026.2486883311246,36.05582592161749
12.265657493091842,9.383012754199827,83.44116758838848,1009.5143558176133,42.68441087177982
11.883707416383803,89.24626593563649,75.89110762852997,1034.5790151538502,34.89601274011491
20.946547724668246,65.01577480148687,23.89203135973461,1022.9041525828686,26.037179695354133
19.5230959165887,5.642693258579823,29.39011492303714,1026.0959593189098,34.53072245087773
27.70893661133862,82.70430180725108,87.70111025105679,987.2287621508113,31.47575486338758
4.660534493131791,36.159944939871515,22.37909901327205,985.7936726202392,31.377634974724092
29.062516795213096,22.561713920859326,93.59433644455505,1031.033462311202,36.958926580913136
1.092304414490619,25.39212161238158,41.740220186829795,993.5464306149512,37.7900125835766
12.868756417016048,59.771858736500796,67.87033459192949,1032.0165095647508,36.33069919927915
25.10690069897285,8.155293465165148,65.1664707433738,988.5522882486587,37.24562474500122
34.34681516923286,5.874513625782852,51.70030049262125,998.5070768392286,30.90428051982406
38.56328118072986,62.75130465754491,22.51495388873756,1035.7243237556133,18.776231389193796
1.7780658133190297,98.19094694031928,35.39770086363476,1030.3830699848884,30.735883075993016
26.8743443983497,48.34284142895443,69.19787886668749,983.2545586343309,31.930547918397572
17.721829626131214,41.32833270236878,55.709821816726574,1006.8858506171098,33.92803755621051
34.745446014413076,94.71977027459388,53.10696368151386,1034.5920705286167,22.401067666717516
14.188988105581707,24.099058108957372,27.81623206317189,980.8854705275069,33.05633535930756
37.18618148137252,24.054103313491858,47.77019401969433,986.4391692060893,27.256735386569986
30.111845391832958,90.51161130606656,62.114444164741485,1018.7117531027332,26.654740366079714
39.48361918588002,64.69311795989626,26.215418795392907,986.2990089741386,20.35958782987589
49.21969790356645,5.3783788387651965,25.335660209757478,1006.9302950684246,23.925090382116032
45.42929885820834,67.39774079204449,59.324270657509956,1010.4693669150122,22.734858805385862
29.66450974231087,82.0031541256507,64.90017390726891,1031.6152438104223,27.08429892294762
44.68810887039873,27.395331774196297,40.61132037004836,1037.443449217221,26.287660140807212
7.654490642740214,38.28928742815162,46.06130775725127,1010.7338568768487,36.29123216924173
2.1517578460974294,19.767661789187496,83.74963396309103,1010.6216193022989,45.22765159601812
26.656662495180715,63.33462694818437,89.53888191993056,1023.6077203093743,35.4382818682008
48.71848880694303,66.41948691941361,46.01829493282572,991.5503969988865,20.55795428312108
35.48682237209537,6.853583141797214,48.45716514264497,1036.451512438387,31.03615811959172
15.25712017918156,67.77046509190993,86.42612458247639,980.0719354671902,36.469164223159424
33.4385676403555,65.8454584151527,97.90676011288875,980.1076322043373,32.86251969714048
1.9953856552350824,3.513445842301932,45.64745562376367,1017.5399817082008,41.4635127185615
23.530981033024247,55.53700761348718,83.09812569761095,1000.4890815368461,33.71844130830664
11.862784170666451,61.393843358566535,58.37538950998322,1003.8869144178834,32.89676054606993
2.459907578111559,43.01556571818368,41.098243651584994,993.28623055144,36.61109204288468
12.495519035309272,90.1317175595463,74.54281572451178,1004.4681438449156,33.10055701324088
36.12302156638842,32.83693193971211,57.00403014684811,1029.6789886053614,27.820387062560854
27.559439113338037,6.717837200184562,41.45299515992056,1021.9549668914171,31.086073819411673
1.171744914372752,67.18529949706551,28.57837151153122,985.679225350584,30.35176111845484
20.486887657699803,60.522025234331956,89.35635310519088,983.4007903188294,36.680524700495475
37.60855522667959,98.9058510582962,90.29342427428992,1010.3715678486114,27.269916264998226
47.73023467816756,23.13082809762619,25.996940473103383,1023.8096578019822,22.51893630969176
43.71787854295172,39.54943864138103,73.07162964865952,1019.8693441457851,28.67457419426531
0.07598756149862496,46.11797969606496,33.00619444919594,1031.8468816223951,34.63450173146753
10.935099851341018,86.1507887186512,71.70560641356806,987.9958770715236,34.119947216596444
10.386844212094282,41.456799172910166,92.60937548482951,1016.3451582126668,42.348903708347926
20.654731501387126,77.21483245249682,40.817175217772686,1025.9608728398002,26.759383830241575
32.28772822711704,15.69427265212563,47.83433862214372,1036.2704472818073,32.78687052946481
7.653453044063135,40.97843937452187,83.61039673426185,986.0529822430816,41.35366829524459
45.78393470027281,15.497744831596716,78.82990341946599,994.3785110433072,30.313265843682277
38.855845741071924,94.96788649410193,52.69242275643313,1001.2754859297717,21.228522127996992
20.966596866382158,17.775730435845418,87.88384634220903,1012.4450255031225,39.735965427358
29.199673813709598,41.90727335504364,93.64683822650383,1004.5167316643831,36.239124273651655
27.090100264121986,8.226072295998465,56.211491077406734,1031.6670370409104,33.42679347883086
29.111502783853847,92.13835219980818,23.1561282083116,1037.0316162729227,20.301719515744768
43.00576268747842,62.38187674358009,60.75519824377022,984.2047193763327,25.19185514805148
10.005981972533668,96.24562625810474,79.17459676302721,1021.980837938459,32.84258962252061
34.185698433792645,4.227163522177612,37.6028593982186,986.8563991249285,29.24138462595456
5.351640006874309,17.497850895419308,27.954425648526655,1033.8773092362123,35.02916435254779
22.95819873945219,38.004882664636284,42.817171484561314,988.5259126067126,31.158349128691956
31.791943447425247,62.13599015956436,20.926951094109043,1039.4906725129401,23.26098154529282
0.6250830573392152,32.9517673072018,77.23773837340423,1005.6650127160586,41.488556819006995
5.403313200367155,71.18740203983907,31.685469257811576,1002.9162129590452,29.768988367578768
4.563338471238615,16.512954688166626,77.8919217673639,1015.1768290615848,43.72094245782038
18.734630380057236,60.06365585782093,38.763839406956265,1003.6613861895406,26.69403106275668
31.100447843922385,39.796617770793986,99.36496870261523,994.0816164007418,35.11644982738817
49.7982515232818,50.82409786985201,62.543630565340166,1017.7486306516536,23.630659766671673
12.703944267085838,56.96330610708844,23.30710848012157,1023.701815913604,30.48742707889411
6.797976574579473,5.989588026040671,81.81431019973171,1036.7192963121563,44.53151222572064
20.73813241938094,92.40242612768648,52.807219610439766,1004.5471164547437,27.949721945699164
7.2987716334228185,78.60918351512605,68.58570306252858,1022.3463761318172,34.95129429159815
1.2272271299214377,44.245578873972434,96.09705782703574,1030.016210992516,45.70669906769797
28.1979529494158,54.74694984274203,61.381581747638236,1029.8830289520824,29.058604465868566
43.97862566129538,3.2535603027285087,84.35010920614307,982.0562083147872,32.79142360294689
43.04250525603454,49.79473335080343,44.223425383270495,1001.3421392019312,23.39881393355406
5.039428640928745,42.631594127540964,77.16168347541876,980.8051015499766,40.33320352956154
7.373845764894349,37.4485266919049,27.945840348896745,1013.5447952435379,33.56955234942885
24.55604965791868,81.53521336376443,91.46792439698916,1031.9054255660249,33.77066686326947
18.385826006922056,18.192437452303167,35.9797925887146,1028.8950820123002,33.885831790981904
35.15372713840949,17.631024953400832,44.15436277802633,1028.67497436238,29.615833413185815
24.747050010595906,52.16778260977903,96.65695050691374,1001.1101598702492,36.79389879034924
1.0059089343658567,68.71438288499358,32.4170873825597,982.7797792892426,31.07174465813473
14.228208913971635,2.2440529508664486,40.35278075855643,990.3450632992241,34.488887073903385
45.074593534589766,54.58404902449689,66.41434385569042,1020.2414815404904,25.008340099130233
25.575441343716026,29.869912872872884,98.45551993442263,988.0305676680226,36.92230802201772
39.897437585157945,75.68815180210028,75.31355796527379,987.5197020652237,26.47381904024882
20.11480496384636,46.88719069766102,29.135206000806466,1001.2205143467635,29.350622869462818
33.84818239231195,83.40752650577078,79.84937218402706,985.6720896757724,26.987775512531545
8.450160861847966,39.69759755202963,54.097237162906346,999.7870485287075,37.35402458185952
36.82666336108417,82.70895487742987,99.38631526884504,1038.1815592234868,31.54447656335078
39.32905232084078,71.65070842141765,70.2973648104798,981.1970665270859,25.391010738896313
4.507012955797274,82.82573867905232,62.55647160741138,1029.8325684331019,34.73605503173584
9.165537152664676,81.24204632166663,64.58121251022774,1039.6172997808624,35.461142524972374
23.14446367947514,48.636441848332254,71.32494486316602,1006.1843164470594,31.431712258100717
31.871836820381578,36.80914081188017,78.54634221432512,1036.583322124583,35.12257217195157
31.874566728742153,76.51448408800825,26.265746818084423,995.6686921086417,22.275437994515283
33.410149028785476,36.152407678293926,30.45356158476613,1038.9378380749529,25.85927866490341
35.72076234998499,8.93965703860583,44.038218041636775,1031.693078656591,30.276545198424238
25.288331886043693,85.884464740688,58.23634598176074,1033.081854202572,29.588924829608878
28.74277446256831,39.71982368612898,44.88539179478559,987.8239015288871,27.324587792074958
0.42030669041487334,13.260395076306875,37.107050325097156,1032.2037450707262,39.315960472968285
8.330035267111812,64.64768126899502,94.00237667066318,1036.5093794402437,41.25399874428073
24.92820210474588,88.9773247831306,22.60804274595147,1029.1428787459997,22.5475771927876
37.2796529035178,86.09655210028278,95.09585365306243,985.4818413948252,28.972519323911165
40.44624500116994,55.444682072567154,92.57938515732432,985.0865979443284,32.4670662270871
36.44718460402759,8.807111701729553,74.70253999255027,1001.4563596175951,33.05145947649395
24.320136164260482,69.66030818587089,22.60276655437483,1022.2955400385316,23.25089734792608
14.063877392343366,60.88287001535817,38.02844492662985,980.74716969003,27.23872257244052
22.235808012075537,21.01483389392339,98.3280498940398,1037.0387447718176,40.37909140544183
0.4647449045027341,90.05402563215539,92.47602920696936,1011.526955966806,39.032037577896226
29.897972805591266,8.66677372357344,97.16575687928021,1001.5023465610136,39.82870282129183
3.7283452054980737,37.30382585547717,99.68985278591377,1013.6737357514327,46.07781767240063
7.269504743685607,9.45330531266566,25.1109973035941,1022.9471718004288,34.8754895250491
31.298831022613143,91.19448566283526,65.6690029180617,996.3967452639514,25.866513488524866
0.6674336172874662,3.5384129109471973,86.73100889762054,997.4674188336718,48.54085452731491
28.67776666472153,42.57647768239601,45.576717262750854,1008.0906109947412,28.689845454833513
31.919004366013993,86.17786866737279,54.8446977802882,1020.1958435936112,25.695834356685864
39.41375067584394,25.138233910222475,42.699091892438545,1022.3822200953077,28.37543405289087
3.4015263981761192,10.501227056179518,23.045770863951745,999.4433983654184,35.185267227501775
0.14658316982592567,12.700433158170355,25.817067389734902,999.3494935668921,36.15218891841035
38.342894696492856,40.49350942101494,21.715341570037083,1009.2265247703847,24.250646119265188
14.502693959957941,42.8581859293113,62.179555914889136,1012.5153020359653,36.25982608794596
44.36026107617902,71.80769373595963,69.47384665744273,1018.9648480963563,23.72455198172124
9.248429706238209,23.792866406483824,44.61613460055966,1017.0625809019934,35.563195525733974
29.275287767437202,70.18396795944777,86.09188297135715,1002.3510730404014,31.699449998840866
5.4704832177074,99.897597905257,91.04106810408243,997.81320741599,38.1151664263703
20.13450742022041,86.42508729312878,31.179864418744767,998.4752714678768,25.68535757414191
44.10321974844651,63.55743406977762,24.153957019355552,1018.7240634622084,20.217929977419832
30.417375420521946,93.99125010530999,45.550449042292925,1005.988853262881,22.73158178982856
34.480851788324344,99.11091724571402,77.03900259570433,988.0609617378046,25.794062912607515
11.298516520207485,57.02738913611044,60.59391130487735,980.3553835475751,33.54554982646215
46.13754601840155,27.363012572656466,59.04719978797828,981.7806418439401,26.23947127596044
31.17412201739114,91.49832595980723,32.192831875995154,1032.0509808259437,20.58506541545175
5.294274210991157,84.41947755876181,48.11632947507046,1007.4696326828283,31.204706120549837
0.7776123918293798,8.461126150388598,96.71130066669627,1019.4456322395847,47.8300600707321
0.7961258256931558,93.63747017822337,47.24483512148161,1035.7422497677298,32.793885289840375
2.5605896107926798,36.62198372051984,67.31459300400735,987.5767912445813,40.57904810284843
45.5807931135807,32.208590884549935,24.66791192655422,1006.8569537229346,23.348516726270397
17.918936483489805,34.32693571641372,25.10834062861056,1012.3440438127188,29.579256310699662
14.911626377266336,32.00183149719248,53.940319398628695,1030.4920944340265,36.35515199382959
20.827286167258386,51.60251795111942,68.32898851637528,1039.6231054772977,34.19415280989838
20.478579009867705,57.97737217715125,49.78728346565411,1022.7007091994694,31.683670794423364
11.92466378447884,42.56354374244589,34.32108607041728,1018.5100461796133,31.16930501513631
4.591400479247543,41.25789572005035,78.8765852132631,1035.2187517624336,41.23708009277544
5.431329631270065,73.73137946255322,31.203505354523546,1030.2428547770069,31.68569275627808
29.95943491135813,0.3027538277923125,73.44133957483588,1031.9026498726744,37.957719401534405
19.84175258198827,94.6886461554297,96.5387590621475,980.162343480222,34.00261714450636
45.122769395810906,71.44336561361963,57.64294866800785,1010.865925492191,24.331835534427913
23.18683552438372,70.72525285834178,36.03469428897645,1026.9637140431194,24.92218516593743
25.17457878546742,42.196336620858524,87.3585438683189,990.887427348542,34.63507776215083
46.41224906481277,96.57868216382822,60.4380957446343,1025.0871374961835,21.28716954269839
25.08203697450977,0.032323168081394016,93.85776121339379,980.5496090991428,41.71522512983298
25.099098877715537,7.648141011602783,77.64688602985663,1014.5100014674846,39.037782035668236
18.15814901466505,80.40643031418986,54.44876846877005,1031.0796871996004,32.74951445777792
35.52059301917066,73.87008811347197,69.39074248459512,1005.8809014935208,26.307168696921764
19.611383407582966,27.135549616436894,33.59715361097411,1024.3671516629583,32.039153269410455
29.416108519994534,59.47598801286852,50.97843253991588,1011.8239201946521,27.779921959131833
22.369767186403923,53.205285118476176,67.50970189204696,1018.837458705217,33.833127333684956
26.437243048294306,52.71147441535922,67.2033480201173,1011.0000749525313,32.21400698229507
41.351364958085306,59.5561304386709,66.97722934416144,1008.550204595954,26.078963254667258
20.68665106713495,99.37352970126912,79.48288612636365,1030.4975947767928,31.516838135387268
11.503890300982922,98.7344943197862,28.45227079126378,985.5645911353448,25.47798489673912
28.516021272400117,98.16816942349634,25.892567043525176,1015.0790771210619,20.682038911141152
46.87544092708153,54.86843909470372,31.841657601095772,986.8886292678682,20.838326446333497
34.6606010414509,31.809389290233504,83.3915448232939,1013.7684746987061,36.425663669448454
15.418162194172247,56.01100384358131,25.18829974291986,1037.8157625609033,27.13422099878911
48.14969159133482,62.26884933467076,38.0188382752293,983.425873460678,20.72839219917573
17.135845058320754,31.143806873610092,40.38208044199894,1005.3204081917836,33.291060015407915
49.16270119094735,63.277591496873896,71.78012978904502,1028.1182720165648,24.25114126144529
9.599486432823173,62.19942735393648,52.13036209456749,1002.1814941022185,33.14081585793202
49.98247671702663,90.34714123316282,35.9194578737431,1011.2188860478401,17.20490209973295
3.795282495430002,23.760363784540495,55.96307646188431,986.8824684128869,39.4080253900073
35.6619940862826,69.76098257934348,74.83610844998509,993.3843965143635,28.109411368380716
37.02207930229061,45.076137309413426,82.88414960039773,1021.1855123270466,31.295440522082128
33.97873434823967,12.991567468844313,29.91065498658194,1029.7152532408757,27.56903206712665
38.880338382313525,31.618267331337748,77.17724786885356,1018.7873809799531,30.90071096199559
23.591647082378774,5.727703444702903,20.361812660615215,1030.2152527687138,30.238399042299893
2.7056973287953756,31.933283185233265,77.94589343218044,1016.3394480304519,42.62511867008099
17.887664636724406,6.901364727648307,72.88030922540409,1028.612492536123,40.54231767425144
32.115724860007425,92.54450558977982,57.49332628126641,1038.9732080562167,24.43125510845164
32.31235236504415,10.174595667973707,30.949862370896657,984.9694840482765,29.126220876040424
9.759691615666005,81.73413604635844,81.16392030977937,1008.7789778077826,35.08092864315422
12.650260315494,90.61264103695133,25.740247100189784,991.3935599811633,26.341461234626227
24.334906894122387,46.76705579948327,91.64548910021878,1007.9137128568772,35.80190938015749
36.430526135610975,5.392621600155179,81.87682935692489,1009.9752046899113,37.769693331492874
42.6399051501228,59.5785683425769,79.27707956366086,1017.315276572345,28.876359299420887
4.324242402046136,23.47683837564487,80.35153921625563,1006.3578792189915,44.11595870697056
46.28099578361062,17.665840367196083,25.405859136657547,999.4827456657321,22.717649043399756
46.38658312729875,56.676388985068506,99.1959267543845,982.5900977235474,30.29469162371712
0.3966871048986298,35.63823948378469,88.68796959288942,982.0876120221787,42.74995936889647
25.320478783765104,73.0378576846482,60.63467445165785,990.5005011077589,27.76922873587764
29.357213202066433,59.125105532876546,77.5520248695824,1006.9391845833015,31.484562857443294
27.685671456172038,82.93412737213951,79.140572934217,1005.0509621754778,31.630885676698757
30.78858287640968,5.838586367001863,86.3828227505892,991.4417296383381,38.71239522621099
25.167564093146982,23.491904472516346,40.42992667401175,1029.3403743067815,29.255297813563317
14.690345688333794,56.69896840258078,49.76421797755199,1021.0095926997092,31.561758415748944
4.785219308035749,88.04282324454653,83.97482417084886,1000.5898988950466,37.02138315737155
10.418970529432686,81.34316728132175,81.51871082212075,1027.8180531206579,37.520489257493125
37.01275568939887,67.95313389356284,61.809225865803995,1039.3547543324898,27.143527897668257
12.053175931598798,57.40720353745616,51.6964275795894,994.7025454266984,30.49446071799388
41.48551678138649,63.145923700244666,97.47540567255774,1001.7553943502232,29.463516735532775
20.17441835022627,21.360775211584116,53.20171125222673,1039.5738951267326,36.04340048692289
20.723792744906238,59.51931875192075,81.11885756723278,988.2729542783256,34.70831535213978
43.42493705909657,49.37615892785053,53.01138918813745,984.6312657995703,24.5541565332151
10.714441413819742,38.44344810365732,44.786893095530914,1011.259469618475,35.736522132591084
9.48096183499158,88.77305170890341,71.27974026933771,1008.105746169058,33.52631175975284
49.27032027639158,82.94157247470807,84.6092700011825,984.6973248187481,24.748885041798516
27.030222012903447,7.673565975131824,98.51020061604545,997.4021613812769,42.22999467688071
9.526035202882804,98.57294415763114,31.912327345594356,1005.1361997952685,27.13890757432252
8.290241502241875,22.99842029725967,90.08915765085155,1029.332577293818,43.15873307481734
43.0832484663003,21.533938734190293,61.93135466666641,1022.4705412492351,28.974237751222798
29.99229835687357,94.3816246316724,28.61939821486378,1034.8715983075713,20.39125478248068
5.751912714088298,44.48024279686684,83.55028953320435,999.9499962180831,38.856931135974364
44.34540442781301,80.53647035937043,46.5235538463519,998.56270535003,19.541969984630377
22.195250284031044,28.820227902392393,89.45998457174743,1007.7909020466673,39.409721395962556
49.46786360651957,87.3171116055797,32.62414980376343,980.4516882144275,15.679983062768425
14.088016384294383,83.23047653714514,76.88733474408868,992.4392052849164,34.93130387616733
26.440861572410302,51.94786716166209,44.063700819218454,992.6882666129665,28.220198921755724
8.655014036631536,70.50559598527451,40.587898822589636,983.6654019865673,31.738043485381723
21.985298934499436,96.40281610084138,24.020813059871724,1007.3078413834209,20.49373852707315
8.826877450466775,45.20454399274628,58.55269416938401,1034.3312123184048,36.602382423579265
15.36155432594658,49.420487467027044,51.32019362532581,980.2418249920692,32.22339832204033
13.493286890998435,72.2803752173816,24.93522856338405,1017.7048800027354,26.73291253290581
14.154696612859603,38.64265606564118,38.13138002825498,1032.7599630708094,34.529979112175845
48.49131556956656,96.12297246807171,58.981747762251246,986.4512661571946,17.22666429002993
1.9223242894091552,4.043576988641274,84.66171233325201,1035.035496987673,47.04503165563471
24.843076268670483,40.33778957910362,94.35583068232573,1029.1112986078858,39.12140941046074
31.46229021321641,71.38510670401622,61.22657383586432,992.8742806948322,27.967631709517743
33.03806872220025,42.93806258215645,52.26453903807594,1034.3206145356496,28.681056285619324
37.727284406649254,25.92486093036883,96.3803540921035,1028.2409471749304,34.95118092512581
38.04827041131897,41.34541575577879,97.02899156704292,986.683345576128,34.56999401596528
47.77514912179801,88.15167976046997,35.23298714626338,1029.835966841319,16.952852041296847
37.78339773018548,54.70072525407679,62.51642439012166,1012.5309763219626,26.73247343987737
41.184462458658075,33.511019282833324,85.67280647505723,1028.9575945100748,33.46371324911818
26.615770762631026,67.15229841762343,85.7807197530518,1017.0598998119841,33.55572334989281
32.8836671911662,61.18450609240544,74.79828931158232,1003.5114205088875,29.69440014799417
23.906215841359714,56.04468153931982,57.71751334503955,1016.0684281719498,31.267879762895664
13.820852340221679,39.11572707451811,52.29251951321609,1018.170844439813,35.33459883718006
15.669154014803333,7.220030762114926,84.51297355979568,1025.9723688552149,42.459897142796336
18.026637167259352,62.073149511259174,38.05785406392903,1029.8409055122656,29.583916160794423
17.032167394277163,41.97887634109975,54.27439109750714,1019.7926401326828,31.806796061832223
26.65805312934545,42.876408825401434,65.34917583690638,1039.378892544081,32.93929688945725
12.381586265330109,23.408043462996552,86.54271360910717,1026.7130563308338,41.56078635459758
25.83210567658771,24.942000041374147,49.90801009300331,1034.6458999303252,31.87594996262038
45.81206555804113,78.74613052384856,63.89246109086131,999.169660001879,22.004351347892975
20.298191443101942,47.93647954361375,42.33310696817505,998.9736459267554,29.68969409577503
11.132303223076468,10.929790920764649,86.95301403482216,1001.7401045729821,43.087941039567724
17.342794781828495,4.585096489336649,82.84329898199994,1006.3829773603832,41.79887497820798
43.84436472521948,22.471546727884174,85.60786046349266,1037.6840081016232,32.20086523794007
47.08489617102524,48.744178578760526,24.598102757699607,984.411873160539,19.636152390675438
44.33434465841973,61.72500936750199,58.951850730377444,1009.9066147816167,25.043970440385483
14.36738056773117,14.367877072690515,30.867425549213607,989.6696312976095,34.14211171748635
19.392275683562023,43.38590464100369,73.9008353423357,1028.6536019251523,37.177058334675856
48.74669122668875,7.255218277255448,44.911274320622574,981.8686560806577,25.196178439184536
16.192615533383837,3.772588802255672,81.96609863798187,1007.3086554299332,41.67534577986315
6.89299422973701,86.33479393044844,25.21335238385289,1003.6844613755751,28.140914338661567
14.104710215553418,65.83342196370383,61.06084435879708,985.5308594000475,32.3700403628315
48.198876271996824,78.10937854216247,29.89321261160189,1002.6031370156994,15.84694892673953
20.793772524199035,18.187742641141625,64.63192811031035,1028.541829881539,36.446359982868785
46.69409699650024,32.21576832200902,68.58811803422864,988.2484792024582,29.198072274668597
5.2041107215774485,44.37913032121129,56.97148186782855,1039.0103453781219,37.323620757724605
38.30277861068838,65.80343447735858,42.37172931803801,983.507260707813,21.90098217627816
4.667169864057563,53.48437677624569,22.58622869347863,997.3461663894402,30.779348141489052
9.87478623481427,55.14572479013859,72.96913008646209,1026.493946851864,38.29515878779814
30.805112067255802,15.694284877953102,89.63535169749522,1001.4512769706696,37.7513795969424
21.72390809496692,47.478701596882814,78.69182160856596,1008.8212093642752,36.16139317533175
33.33371264219166,82.37982880644161,91.44144091056582,991.1995106858151,32.574641447282815
48.67031460233348,50.946085238491904,94.36007225981334,1022.9297529293766,30.477955419536094
2.635686336174631,19.97418089988966,55.96371722131691,990.772496774629,41.06138590464394
9.581333597724061,41.33971897670152,75.83930930136253,1030.9238658250722,42.58565463073194
32.01119612694862,75.4808634918326,51.79029993410624,1012.3699727177626,26.09405976424018
44.8263225095199,13.499241955846886,93.56341680137695,1012.8894097385368,33.842590799582524
39.882395502192445,58.04633850563925,65.03782867516502,1036.0106955345236,27.14366868895667
23.27912427750335,96.53147182530847,80.1960006999899,1026.379974875274,31.716912598563326
37.27373375422188,38.03019097897356,21.161458381991256,1024.5883691880754,22.16906345204364
10.404878051657157,4.364124316510576,66.0439380963214,1031.4824099726557,39.771770499449374
0.6865295787145897,63.310400401973574,79.3592880097356,985.5090370283065,38.99600983600834
28.50083251627074,4.7103515339051665,40.56049405904423,1023.5626617768285,33.09390052413702
40.66223354963614,19.160566435788184,21.14991754309529,993.9924747861486,24.270336667924163
21.672176969016295,4.839727615268763,79.49062124690961,996.8567804437264,39.45511035512723
28.46243852243769,17.06506128353932,47.04686561219528,980.9087682338866,32.23915610884
21.109059732022985,85.49322173728403,54.303168606524025,1033.6232637947348,29.284196183399843
25.701894993601716,73.48513176858347,64.9641931159488,1024.346775926481,30.25645783703505
44.217313189245836,34.18526388088649,28.82009326967931,988.3572278681308,22.129167719967324
23.907005465136166,89.71378215476426,28.284213271467912,999.6753921989467,23.729011852763698
0.37377932342848585,66.51822157346288,96.87043595280909,1008.79597202382,43.43783822547144
39.99243211685754,44.77465956870837,47.11172051323761,1009.6346469345614,25.2511994450459
30.8858670701253,6.833288123388314,40.44198768824473,1015.7392364446182,31.98540520344249
36.51966684677978,73.07213685096762,23.819049583172323,1008.3310225837123,19.562644040752883
45.054360317032184,37.55261255392392,33.914297394695666,1018.9187189401248,23.168828619293453
14.310711811523536,30.282900424455562,54.471606857904845,1033.032247758766,36.65028673560142
25.15349606334828,28.827301338443544,47.36586587470838,1003.884353313239,31.158767070754788
30.124177467293933,0.7709225944427245,53.9665397813723,1032.6026551634516,34.50679463606608
17.26955822478411,74.26452028017461,76.31277689877362,993.1766129601187,34.05116999815648
42.30335761769105,14.531033701727836,71.34315938284857,987.2828795037362,29.96058764925821
34.87830899499291,52.06448388642573,59.45224541332703,994.3640777966936,28.059175417841814
36.67037919065256,1.6081402004222478,85.18571961827608,992.395559301699,38.41859302417526
40.400363418829635,62.788328792530834,88.58596407757028,1039.1047450069743,29.584712966060167
12.904209065579163,36.949234874475856,67.26501392884272,1002.8632235866942,38.350800003716024
37.282089483248875,63.07474513652209,29.40568187341369,1019.0883961360811,21.944871446577128
38.69034297751502,8.989494701611545,52.49433691209211,1021.7631591793041,31.726352902899933
42.11962733255169,26.633384597812704,70.75707841552735,1006.7125173638767,29.46514376525976
24.426891525084553,11.030679297291224,25.02808088130866,993.4143040872948,29.93742969800435
25.209480774687425,64.60707779196501,21.592522576834014,1006.2858808093229,26.291923683124985
4.908911005058525,10.85534958778106,95.86675281133951,1008.4256531783864,46.55711428719394
42.606047940911495,61.710221153355846,78.40517291709158,1037.2404613952328,28.926168464873356
26.674409435633255,13.469047098283404,32.24862640168638,1014.1174223021666,31.104939821073973
29.72173608221092,94.33546055832922,55.61011762977948,1038.1923563204632,23.46675902491039
6.072032824306128,41.6380677404767,35.48458148601541,1014.6027589414768,34.815554141098815
30.09112659531674,12.659007957608015,20.822832114800978,988.6998809364554,26.106653357253446
2.0994175047552965,4.181045039687703,51.33545039213594,1003.0625982935003,42.08654212902491
46.16043833203253,32.94225538523355,71.87077890946966,1027.538799556246,29.0467502144843
43.17687360012986,89.13864242828996,96.3303057603238,1005.2973360725034,26.313428842886594
9.71587118156123,14.381516194070699,81.58677751727103,985.9840306904971,41.15433137596673
29.69003330283159,79.08320675378833,38.411055782651815,985.7645696352847,23.328861772557346
30.13495602514317,41.73718285436849,46.89695099676367,994.2238853634857,30.925842910088942
40.17162073509864,80.29278507387349,61.64644096744538,1013.8863070193253,25.807247028474933
37.846018137615225,87.42913488488117,35.30183320692841,1029.8092986259808,20.894285289420484
49.662160778840956,99.78175576073487,86.63566590536105,1012.022764930216,23.614299481936605
17.542033856728356,6.8197476633612535,33.43719302759122,1024.7648232003678,34.907913015309376
6.231622590886343,79.6301260725673,43.19784359596203,1018.7355862133311,31.227438603176306
28.67358599758651,6.968888374819926,66.20805327429778,1011.445951108585,34.90854136457025
38.199583703335755,31.479271177899605,29.857922517346893,992.8884756375197,25.319724970330434
14.28966761528202,64.6232254641178,69.96919531380982,1032.9901123813186,34.54426041240111
11.810318342899444,44.72884350118546,95.53801617478952,996.5429238288172,42.42613333158293
40.122729763984196,56.52568752687258,75.32286963091099,995.169195797326,26.899144835703023
37.68611458626114,96.61921209265437,85.02276733439527,995.4678574702541,25.53343503088519
10.16959838685933,81.86567582160166,55.079551319885134,985.7411269014767,32.894972001391345
43.463530199766595,36.366955718079765,49.225379982722274,1009.9192424542778,25.35958473910372
6.736470862957955,59.99446347982856,46.288215253978784,999.6518172625707,33.5332826937172
5.461991263589638,4.848302803708993,72.83721401609446,1011.3165188636937,44.41391664191793
17.55536182292493,45.28982371410113,61.48285434356937,1007.1869228683562,35.469347949764604
44.326629647931675,60.83965353933347,57.78555347264895,1011.1875083490011,24.859407455077907
34.77200843296051,71.47171293399639,28.05968738475741,997.8592011132638,21.61462696243379
19.73592912756174,90.15172887801467,73.86985232470025,1028.9082867815657,32.26336330192377
7.86254617259361,28.305823352728222,78.03063349225053,1012.0515800549813,41.90542580499896
35.67382563613222,90.21704334723898,35.69586324885013,992.5060801375367,21.30576415427426
29.957360974415632,66.15185160652784,80.77642982750382,1034.1082220150508,34.79313874841966
49.38414555345654,7.764572228043742,90.35152323031737,986.5673060500194,32.9377092033966
38.277973090727244,38.033288393146094,33.96990144287574,1024.006068854098,24.169041757135904
5.106197820423569,47.65951187385005,56.16333449299713,1020.7069042862464,38.31957396502774
36.410752970531554,35.24872657602549,90.09481460838347,984.3715353542146,33.34731387299041
12.872352275822513,11.593967012145711,58.98384334068781,1034.0904569207269,39.58542802291827
48.09478494877089,55.15845627877077,85.22029645272508,998.9787453069064,27.925004833856015
0.9636808737105373,13.175342959113578,37.26023197786509,1024.4537009368762,38.62984451098911
11.917529515898224,91.50272064226054,25.114499303413744,996.6200951510506,25.343239250564753
24.949918825591244,86.52530608079607,24.757347889750907,1011.5415045888527,20.23856975977244
3.9534200226929714,47.521565869219565,97.78851013664605,1038.340016828725,44.135464077909724
17.203141717209924,6.7748646099481284,33.17742503192462,1016.6465845920908,34.77191689154542
24.861748660596174,55.220540967920414,89.19129534048362,997.7793656876291,35.10833738188323
22.346662635335047,59.223671095773526,45.258287717611914,1007.5026287844646,28.59240591387259
23.029261253370038,88.84227995167069,23.20708407947299,1020.5624690648893,23.21641161545879
43.951152596967695,6.751751703030684,39.27818264111997,1006.7113337309635,25.962923304747882
25.2645436782659,69.21047728110985,60.43940027263423,1034.6449137419222,28.94043450364134
47.05234254129485,56.28048915025998,28.541746188679326,1032.0476441837893,20.444300218480095
7.386584038203936,17.477453367580363,93.77306820865007,988.8086106176314,45.199307218046314
14.012804375301718,12.173344767773496,91.99080333995181,1027.0964536438037,44.17042605965005
32.82578875969669,69.39508305337273,31.931797939078493,1036.5448947175262,23.17289399617249
14.156129095114073,33.9820878308973,78.96866978130579,999.0144934624993,40.01413593842388
17.363803470702578,99.99396960457186,56.856665276533285,994.2931828372695,26.822071916973673
45.051409900379554,89.40031595160183,98.57016880647369,980.5753247784128,26.384572197416322
26.927958740251658,56.57174733058387,24.43234328395567,986.9394461326824,25.155887568449486
16.733037797965856,64.17315857430282,57.68276754116509,1037.6547842574953,33.56787557139288
38.83558889454564,15.888656263798328,42.83784503528842,1003.4672976642522,27.223096556262913
3.5332377025101613,89.40047006381829,78.11027046422569,1003.240492367519,38.66392824747594
28.183130510310626,45.89337743446161,28.890740562850556,996.0007350796863,25.818836950194292
4.983486107328616,52.13539996263046,70.24869492547793,989.8435346410454,38.45340936998218
8.842540102468298,87.31290861226326,95.84474790101818,1010.5274114568958,38.92132858571889
3.122272714475166,0.6250329484427164,56.31043409070557,1023.3912593950547,44.20714094349471
45.08415143914002,49.43466006792981,56.338452548267256,1013.0477200160702,25.04454571074716
2.410222938391826,62.67666529279495,59.656184870327344,982.1270142171128,37.51350033970584
25.82082239700935,15.931000454985323,53.25665746110996,1028.20817845782,33.4971524464509
11.248870099204943,6.830040352693678,55.79807490805936,1035.8956491016575,41.438390827430084
19.17943168486138,53.493413670167435,57.059094311918976,1006.4226044484452,32.36274361763692
24.682809233991527,54.75290575293451,99.84527381786242,1001.9878731679796,37.19084695402253
22.50300706418876,33.025050597650875,29.314881454408727,993.79124063336,28.612875344827966
37.40435949358859,88.22312770327821,42.825713015856415,998.1122179902368,21.298468196972053
45.594166312806294,30.108458648140534,36.86298647272375,1018.6668504553908,23.223339536514427
15.013610704234942,51.64794746557643,63.53504003559634,1026.2087676717724,35.063102643857924
1.2270248578029441,18.671503898548213,20.224714830735007,999.9329441808404,35.55423407101678
44.69727178699163,1.1160305481343724,93.68789102381824,1000.3803574026772,34.224080540553224
48.93920328496971,42.60278536969268,62.48967204781468,1007.0660791821434,24.74155462172873
21.667558718643225,52.69483732651988,91.686176298695,990.2121665911817,34.42770205242668
22.789443867461394,76.46798563250744,47.597217171716366,1035.6324912906243,26.867932421674244
7.207805524313748,44.87720242978946,31.994393772240784,1022.3273641072071,33.3215848243708
23.776172504799252,27.87321797556754,35.383404192148916,1006.015005696467,31.20712611228397
15.167461799048693,60.423667180769236,57.65859088683997,987.3363507133366,32.185910516932054
49.71900337680681,38.11751711500826,23.221512319954726,1030.92953289348,20.083798738651577
9.242398210332192,23.342472377336165,82.54432860053498,1009.0228606986083,43.35683340194953
18.929336600622896,91.03479863908714,83.25092680276785,1027.8129730431408,33.834843572646975
30.825099099930185,53.669079314539445,76.15640227946022,982.003645235051,32.00784037602169
17.256177591119926,20.047727100150436,91.70718524753623,996.4192457769173,41.36205440575446
23.721176952601365,67.09113342740093,63.958180792639574,1017.3257226014842,30.364650265366063
48.67418166204382,80.30776139328918,58.345558316733886,1009.2753992736601,21.44007270016949
25.403568802539912,75.85337554774303,62.334061012713676,997.7043186785978,30.12030707997331
45.51602192369088,59.953741104030115,34.55629368064888,992.0678142485491,21.92206835297745
2.154143437263972,51.96216343307234,60.98330091424369,998.108799749029,40.41319716346044
5.9909171950917885,77.73236830635568,63.3405615728093,1024.540364052608,36.691077607750096
47.225579737655856,70.81222041118674,81.16718828319799,991.0224410300783,25.53032313527245
6.436555584404741,57.14771182390831,47.83355650466011,1015.6287924585324,33.37944565938429
36.82755976955189,65.77205647570939,27.378166888138757,1005.4208500059597,21.931657786117746
22.30018020760747,16.86258444686616,67.79700042464168,1025.7822742316446,38.14547001878859
20.337416459997765,1.993353820796162,83.03666298952764,992.0971113571352,38.183560243077125
32.96101321380394,93.11361027591025,97.56477716309396,996.205374574208,28.620052959668943
36.38004126294139,93.52846951926699,27.220365295095128,1003.9212519145309,18.17779186201731
46.598464014285305,78.79707809806517,79.70809161148571,989.9945365223638,23.867961501114166
12.844274443759723,37.230420250551724,67.66720506130949,1007.6716863286847,35.85813312699996
34.904018883070826,15.075069629968263,21.22697454740497,1004.9630484890095,26.424642711294545
17.114290883632886,35.73321210573407,77.45932838453236,1039.4051326568426,39.6805828979261
35.880487244148874,72.62334667567839,22.096100309730396,1015.6318225566853,20.15216388445356
7.105806296018857,33.51999651704516,82.82049277787402,984.1677215064288,39.702597765012364
22.877127486526472,79.59129430734417,77.7057753807072,1007.596498851022,31.931813881167592
9.181486383816173,67.30133045103213,75.03360718490121,1032.7100918445892,36.05469593789377
16.82231148863386,62.997961161292935,29.5996935331927,1032.0060552433522,27.464965174492846
35.781470373123604,93.0236846658335,93.5226365779181,1037.708313192255,30.44548973108435
11.667492473798275,89.34162901871824,91.91304702287478,1033.6538520111944,37.96584164095602
34.24419519084939,71.16654668625873,92.02087920552904,990.5779820908614,30.67548572111575
24.797009702374346,19.92475333510828,48.82899113705737,980.2142164695842,32.96816280654037
4.601827852830653,93.8924224721122,59.373837311214814,1016.9751613541671,32.14153070303226
19.3347342608067,22.712245156693257,29.191626910315243,1022.146662010397,32.01911727835523
43.46031014801258,37.258315531447764,24.087628612235427,987.8727290000645,20.96280002243036
49.46454489781736,82.67811753687597,24.702197555676875,990.0101179518912,13.812786603701568
18.446054865887916,20.865710777187342,65.50156878005694,1037.784593803322,36.793399873958734
2.74373656093489,63.86032401202153,45.712252317427954,1036.6299952847155,35.5303407448811
6.5093887153053975,45.783638033139276,66.36444937813036,989.4182929219807,36.471250478602826
39.407420697221966,62.4033308932908,67.41314819483057,994.8205042560006,26.404150402301358
32.78935365948392,95.80507709877614,92.56498968330627,1033.5268197213156,30.946372095394352
14.250599961092064,80.83642789021222,90.58265984410063,1006.0995998380021,35.59774246140795
19.564928135370685,29.58226360691727,77.48667830534482,1027.8843575516794,36.55172052566625
40.55751156227859,5.727426679115688,85.48026858776683,1003.7591618455581,34.62022911026255
20.65549734789341,96.70443328809968,20.252771175614022,1024.1829749184858,23.07213540441264
37.78866059180471,58.51724264656749,21.242810921564654,1003.8095481832053,19.51661678227441
14.760285069178291,17.31051394107006,56.68698497629215,1033.9507456954736,38.949988847347385
36.24058992974885,62.710867497669234,72.2954969204958,999.534360742318,29.195080212870533
23.319872155271714,4.221645520649508,83.52673655688434,1011.3870879196477,40.42874287624688
27.267714083020245,18.752199813423708,55.781358414738435,1011.3053544636326,33.855110282835064
29.936655617518493,63.2630420392364,95.21338552523017,1018.9322827170366,34.22052281396452
22.528734724985284,40.24773130892852,85.19882091354046,998.4020026737904,37.03874252618686
23.30678098485973,32.50917271676893,28.220450334973577,1018.559630435899,29.17276819757749
13.285431034631202,65.54946499121674,55.214266443320895,988.4621491726658,33.133729593451015
49.28821890552835,86.64035167932606,99.59025800546331,1033.6168113987278,28.19325202340183
45.290752802439435,67.85910992759779,52.7953475482623,988.6504092536678,21.238344314937606
26.369141380939272,46.344044060677625,50.90158353488704,1030.4176960867012,29.736612470527312
1.7314706278244774,65.88638310786096,43.5264285919179,1021.5888841630284,34.201386783511964
8.42139854274942,69.5652215741405,58.91912019650402,1000.4640243510484,33.49542847294935
42.696760571805505,77.50506202321903,78.38856916118633,999.6459942757089,27.06548747335281
46.540603653988185,30.70483836895379,23.79775319386094,1037.962704444934,20.536638365197973
8.064605228722165,11.443369926843195,86.85740958368193,991.6990317334213,44.58157863916022
36.725932817839805,68.18800602125695,93.40636877524852,1023.3775259259819,32.76862556242982
31.15116547880149,12.10847749991595,82.48740453874854,991.0209380153824,35.79859423372083
15.169248497556126,46.20146221149012,93.25079029165497,1034.323851237232,41.71523760470558
21.80457018133631,23.070163306177005,27.59235822410833,1024.5163402940857,31.678127325351838
33.863471368776146,33.207104318750034,56.00860930015632,1035.9622813108363,30.031547166371233
5.064795690139562,47.06246076256273,25.683396519452977,1032.7464627570741,33.84054767874711
9.45213259629989,89.61766327145277,86.9468767434224,1012.969933017971,35.417406822707136
1.6657486134545874,68.04236984715025,96.20374088661347,989.1337465572727,40.547538586204396
45.1100862706655,17.163669460273855,43.82009685106172,993.2875708423903,25.465584542740086
28.694809476771066,87.94474319295095,62.831571660300895,992.1090724311503,27.9543099414493
26.171371790436147,50.054300482888436,43.81403913395542,993.2383665634893,27.861725451387567
35.31203203082532,20.42539859521706,50.30980123969628,1008.5848487048576,29.86369332203476
49.417511184273366,52.743816999950475,58.12460993387284,1032.0676084687648,22.996032551559562
8.61186442185969,19.09256729577852,83.26419937706129,981.3868763043007,43.231203602315134
6.655300876533726,36.73251021807581,31.759798745237198,994.3088243956508,34.55176495420307
14.739543245498238,80.55238533849821,32.56434425059002,1015.8081788659797,26.759414234104906
45.19720798850197,65.86155430065449,36.14896528044841,1031.919408875466,18.338363188781297
20.573030572043066,47.79419463733873,24.252173005732203,997.8488232094365,27.021746007434146
39.674837906860475,22.643934130916488,71.47719376566575,1002.9516295512085,31.796298915673958
10.146407993376194,28.216941159517127,35.18914294837232,1002.4055245828703,34.18767023298638
24.680272118006148,97.82364094497954,55.0030391820929,997.621619775795,25.83692325179735
6.373526957323011,34.293676300665254,74.84722662299177,1021.9257576505216,41.41370115915861
20.644920001536455,61.612755065374316,55.91573228839959,1019.3488833470395,30.64863001013715
13.114098343087205,49.97481876071035,92.48136759072435,1030.5965006006054,39.03709998624858
27.471579792310198,2.3104087623388225,81.53345207191987,1035.0546428101525,39.93760079845518
39.02031065375965,94.46747954051168,41.84177482167014,1034.0285478855308,19.65909683570757
46.91851856740141,8.79292618977856,30.432788493969536,1012.409650272723,23.39664550587224
14.192139063244452,65.8707744091246,91.55502383926995,991.141847745471,37.951436094751784
37.15658478546705,81.10242560911301,51.75261332778647,993.3297229723377,22.00645435897251
44.27961686410162,74.87346928677219,50.60094615893537,1015.4152279076558,21.049027435607417
6.242593852516498,80.92503175572136,84.8003260603126,1035.1038910990565,39.77742346302969
29.29661140526078,73.97200205006823,20.74838313634053,1011.8258861338822,23.4911549137193
30.592315429923506,44.557216695701875,56.08898282923023,1036.1437126860067,31.43407162893579
13.619255115131907,89.62745920411515,77.1456052868221,995.7350010751361,33.93738459044503
1.125727980459601,91.24410888080551,87.89491709468402,985.1808066653041,39.32212240232056
12.835147324185458,43.695487788005764,90.8167083143297,1027.7774243650433,42.660566117019386
29.23673036206293,48.47763496478383,57.254413507447964,1032.7630149163756,31.45877139543071
9.822135620673395,48.56463969510424,87.81660455905492,1006.8848753951895,40.498361930720705
14.367258980406671,27.890281930244843,22.860940854542235,986.1466530606779,31.665817294294907
35.39612300456405,11.49366243109874,44.43404443366834,982.5396376717217,28.822754798808546
19.915779578537833,26.197952290735348,20.83986420193923,983.7534749357499,29.092840687141532
3.271269345863592,84.41038084596678,33.24202986921733,1006.3468675749887,30.621617293573394
19.95829421100858,54.3056227870116,77.97850172238329,994.0888994563151,34.76241955404492
49.98844824361803,85.01981487204682,20.353932763848395,1007.7153941904055,14.134038186532495
13.052576941670418,74.51619374905866,61.84443960349313,1009.3093701481613,34.12332262251641
13.262826422509155,34.861451459753845,53.11889208228837,1007.4855711245226,34.43957465542228
8.494320732970111,18.531250044356362,29.829663251831924,1017.1953444194387,35.304708754906095
13.58186913506007,56.72198123117873,74.85074271073097,1020.7642271165363,35.34680813997318
28.737665170725656,93.58567056275669,75.4499091878005,1003.7567237473783,26.14503868206068
48.23010660089629,83.94152067741368,78.10788332019374,1000.2219027300846,24.792621053045977
30.384763613627406,76.38354925969763,81.22460401941626,1002.1040770662129,31.497857695590874
20.492379613888424,76.41740817909778,45.19935335456076,984.2108918038232,26.92925915339423
19.48168145368886,52.77532954010326,99.53034311718477,999.2978451736798,38.584103380666484
1.211294230569382,16.952636876009386,25.83629916665143,991.9947587705921,36.10739452064525
0.12711510999501296,28.554456047084,71.81562941082589,997.450410323817,42.2795279098849
39.85967734897654,57.789283878316766,97.66200778667191,1022.8638260424547,31.621715765715763
24.508033125737633,31.635342494711427,37.94483692345517,1039.3123060805656,31.16210422951197
1.660470651658158,78.15667590268929,42.24999427339523,1035.4131780205573,33.090793490240834
14.30135223951819,37.32167611406906,66.07819506553552,1029.2975188716457,37.63011919312888
17.834094193809925,11.389647969220329,82.50060775141944,1024.2318240036304,42.77824381256258
39.16444449919405,78.25443530332724,46.31575863237052,1036.6962589520635,23.236068862546578
21.719335159970026,69.81301832729021,86.94201309187564,1025.1225107482035,34.911449317599214
39.465008741309745,25.315685345530014,39.28350290749368,1008.25728022786,25.855116553699727
31.68670254343975,98.11152297065907,89.94933482734578,1016.0817155430201,29.22248360927098
1.65681032080498,40.31895236056656,40.236249930822375,998.3470982654228,34.542988814414585
48.43443520348257,68.04606735046052,69.39481245370254,980.1985002672184,24.957927663823693
9.071651833766381,91.04484402649874,48.62329705118239,1001.2167736598998,29.27379447550111
13.780978085404588,15.599658831427233,45.74608898817431,1004.2897910961187,34.07484608663638
40.46470142606625,87.90217906706559,48.31964555255865,1023.985529455297,21.43347953674309
9.491993204372996,70.39128644489462,59.93611315649215,1031.5532302413762,34.82897556535887
20.054389185364034,16.756277395576312,87.60388692910247,1037.7592830721649,42.26832986662401
43.24956090766491,66.45121820614361,80.74545888246503,1001.1075052013753,27.49876902537992
31.863613810083674,87.45756177448459,55.94727090087773,1037.4438161819066,26.50161518103852
15.104029974317228,79.901540798413,42.572823148195454,1027.9631334016144,30.09365540179777
32.20248607628891,76.06069725158156,88.34407847778914,981.8506626641432,31.193788850646996
40.631223776875025,16.13361483332597,89.61480094908505,1015.7156508222081,33.560165399271
20.194464129892708,19.062411052574358,56.29410405021228,1001.9385079865057,35.769244374335955
28.583734223807333,54.771645498502075,75.66766866332924,982.040672555295,30.293640505058097
49.396384242603034,58.01460166513663,49.54108511251363,1011.8901849718583,23.782985078889997
48.228142152699846,94.36240636185352,31.927814441869522,1015.0890248531822,16.623918664698078
25.451865596863886,46.868133465655546,45.71863222773974,995.1338452898958,28.553303835922282
4.807062825539987,30.250260726137203,74.56674548604397,1036.3927850574748,42.56157712235417
35.034104440675186,19.077291123062157,81.55277308309032,1016.6272542301822,33.876937162407486
13.431039354009922,5.4170955875909925,88.13243144556859,990.5578192022326,41.64531360755195
33.47374640710964,6.865357443083131,21.417016006157155,1023.2754115421026,28.566181829108153
17.587779910909834,57.41669263780136,58.91249033795567,1009.9483732180538,31.776983872974604
35.937921924098234,17.626195808281043,41.91376882550828,1008.3940427252237,28.46993554948854
18.366127914193193,85.16170954008324,74.71676111744151,1030.071995767043,32.72849561856377
47.059763868977655,59.64718197914139,39.626506835930584,988.2907879074946,20.18472429767566
6.833643622889074,86.4886557852245,65.30241653329755,1009.4592042903303,32.99755224304111
3.420241856111139,42.746183225950254,76.95701219688058,1026.8457832769768,41.58048060577391
39.05995486249756,59.577699500173594,81.60519357134032,1019.6233063315526,29.84551374075963
20.066298006270806,52.542830314241904,41.557463220223305,980.324819447152,30.17725246300919
23.278779499481434,98.66767496633268,27.02657171562744,1027.2470355286566,24.93341479849375
46.690863010954565,79.68198932432787,37.49706939865244,1036.6803148901463,17.146389304717687
29.496035897244237,59.54000821951879,67.93051309903942,1022.2801300905062,29.773846830725578
33.00853241365241,60.658598930960736,23.235934850415862,1032.5540554936733,23.130993715792414
0.9732963203685607,24.880171265739136,32.708954781708485,1001.6487031376704,37.91008029433682
33.52572035597349,73.47529434197652,99.63797821179932,1001.0361887474913,32.647510917205345
19.417646796614722,98.28328629689666,50.58651492924899,999.2518718032295,27.782384660940302
23.010723126188743,12.94313055464773,59.72210194885881,1024.0981656170602,34.50292898420128
40.40250595003977,63.72611979690993,20.88057300759229,1036.523957399274,19.791536103656025
26.18967963409144,51.78813215202944,67.35262333565046,1033.1240462787684,33.931260739057855
49.34354047757286,85.04111926910697,46.02389475457638,989.012834043388,17.256417166404688
39.84055644030435,0.0046869791606507505,62.41545835794789,1017.566464099072,29.60197691241737
36.42957741252962,13.658488740361264,62.08946747350578,1039.7574967716396,31.737076607512293
29.434332858201863,3.707278611889109,97.39659593881912,997.7221050467516,40.54022559140883
20.619836093227416,16.29332683699577,41.460559881929946,1018.0870875808943,33.434736834867266
2.6436166822886467,70.7936280328749,65.63463364016215,1034.3974298129194,36.11582195482089
0.9247953715269763,13.96714243823186,50.524207713840504,1033.9728884066496,40.602408503043684
2.3379383261074302,62.23310513969875,53.75998479791722,999.2885169335954,34.534494872173106
47.94181919555796,86.82057577202308,24.444725006155615,985.6354948959162,13.841802908896398
16.16060574310456,3.462355793539118,75.07624101641798,1018.7605375442536,40.30323485497049
35.030474116678064,2.6786415880126535,35.62283263463378,1036.8180498846077,30.14826206985089
29.715730215568538,98.98482743078098,57.47911282477696,1010.4790236715477,22.370220693059803
28.583385471886825,67.32745655538727,54.74157076386669,1007.4624436781033,29.158462562007227
28.962078194554604,14.069522174240879,57.4512893154705,1031.8369044378378,33.79534379405982
15.114791168528507,30.669198991438428,50.04367967697837,1005.4758007444548,33.648051861470364
44.32662727491212,98.50051532730195,39.390833176520104,1020.855722259976,16.944163869328044
45.960311337518355,22.721657405393646,55.897124234863504,1003.3185414642943,26.49594414955871
32.2262892628381,75.28265651281049,23.697561997244875,1002.6282495723954,21.15729331661483
43.19746104931627,24.118207714562256,39.38580420109014,991.2684539204898,25.253522300659522
2.999050845979767,39.84676304839378,82.78786972443555,985.3071002181686,41.78609517338208
5.019562537833106,88.07042517466564,87.4256310542212,1033.1096405548417,37.44771216308955
27.953311229685873,2.8438941241743843,77.2247470527725,990.8731894541651,37.45983032374142
42.32535203991808,30.72351593887408,70.60512248293529,983.7331041311701,27.16148488967072
15.77147005904092,48.71927084006441,84.9012607452885,1014.9384865371973,36.955233638088366
27.402795807926577,62.5494737826842,30.226473967869687,1012.7598048984916,24.37717025181808
0.4980265742040413,2.8241654961538742,62.0203310429849,1014.0654021983535,42.55030513801163
49.33150060638331,41.06709664386597,29.30525198531667,1008.0862932860293,20.172638607022765
38.34904341561183,34.42871819050591,82.22928600871893,988.5161811330881,30.55907059226907
18.070957325875796,2.6866601918383193,61.644510832389166,981.254889985974,39.634853995112344
49.150641532805786,35.53677107673763,84.80199081509126,982.7848356334658,27.359508711601492
4.621399464893605,93.16882891165166,83.92507400590898,1036.5888287501216,38.86847404471858
23.2087882685313,27.462844273339105,57.29699014741239,1011.9112555235714,31.858622481586046
2.942564250086843,58.55912975175551,59.749943582628276,1003.983256128998,39.04858342135423
16.748251074595593,29.80957073692857,22.261399615727235,1004.649908969408,30.75077348403768
10.968208991540124,10.666612063070746,61.88106323017453,1019.1317208914961,40.839259927536986
15.827542659056338,28.972348004027904,74.19718208563481,1002.5997666556509,36.91076184004356
47.370465802284976,47.07591389100257,38.69245580452541,1027.7875439890647,21.858216405010246
21.35934983634436,29.62083978464397,98.92217364006422,995.5965750361216,39.86292536462301
16.243040563018283,62.416932115406134,97.98630991051289,1002.0355477688933,38.26328568026957
32.03861900257789,94.90887219819523,42.62644758428774,1036.099808941445,24.02609317272471
34.1684595533311,6.927156401709267,77.03786051708843,995.6170204518775,35.956084042267
49.188443315690236,71.70043606743312,22.400133452953625,1019.6951538426604,16.401625107793
27.302888614651856,0.12564070943131833,73.2602168612172,1001.8740365673908,38.562183124491334
37.62818219081094,0.10214990505441612,69.921319004926,1008.2718268430956,35.278108014151414
19.108250962962494,13.29193547103359,85.77277276233986,982.7112971628873,39.63052611852134
8.55163231218497,47.99305041936497,44.34920647021879,990.0340334004087,33.23102135243598
21.491771472185476,4.8004034914833955,90.24081222521163,986.1147670495152,43.232540636226496
20.938791934575484,72.21517677614021,88.63800216996589,1030.6829088638603,34.90635547806126
21.03067458465483,2.9281545122739616,73.5682368213254,1037.7014754933493,39.28427635117856
34.7710379954148,49.543177472655145,57.786789516421194,984.0784768587778,27.549451153264236
20.2971155636778,67.60986376536918,69.47209931821213,984.6107462116548,33.07737092474675
47.70813646926383,23.755060599295007,78.39670151678988,1013.1301365191936,30.792541800031753
49.1374841192135,57.929813711889,98.0201111797349,1010.2420954865383,28.98804943001973
26.168071470788835,26.178141496589248,29.738255298955785,1019.0343279667668,29.724778063600816
27.92220046066589,21.409726068597625,45.045822472796495,1024.208350129793,31.713691967294555
20.381318587168696,81.83894143525357,82.4573050541436,1027.8331679413654,33.22475323014396
17.779679083837113,33.291334128064,52.73440179227037,988.9450028147024,33.465994472431554
49.26632679776324,81.39795669675894,73.79839771709275,982.270143754249,22.683509654730816
2.032843434285553,21.690941177855304,30.64943794778418,1033.3495323598538,36.80930486252481
20.504311636973338,35.58655705176883,76.73292829508573,1008.1724536228269,36.774076675839154
7.5670193591311,10.265881365971797,73.92510549622648,1038.2746595912595,43.2480299441063
36.31401341646278,49.650038829426094,66.86560534428892,1011.9661691121402,27.69934472349401
9.722283832441114,38.15942923948923,81.21903721733436,1010.6016425300443,39.87297386217894
44.23228641987192,0.5956619658828988,90.40897859983623,1017.3787615347684,35.06127058386718
18.723898816067624,46.48551276947912,86.34420854815416,990.2086388925427,39.08979805830122
45.857436644831914,7.441463644775482,30.20592763689234,995.2424303023182,24.51433841515993
49.32812650426245,83.69560457702417,79.5514696493994,1034.3483875834231,24.464930346378097
38.558570693308866,49.36931743270255,55.9811552900278,992.7396649993302,28.638786287483658
31.15790245776655,69.00506965235911,46.710545480064,993.9782499190007,23.79903903044037
7.495083235108235,82.11359956205946,90.37196686427137,1010.5990497608506,36.51348903050959
46.65301680565798,5.117790575025294,64.76905877322014,1018.4690812133691,29.538730763086853
38.843332845090565,33.71977508527513,60.09877856261319,980.0542319968845,27.997854626222086
14.402288936630747,2.5117826942122945,82.76794820662091,1007.4068714354602,42.499351377688455
23.425096718122933,4.962658596975011,64.26468367607055,1003.9407875336445,36.42384979100782
3.3832502953953236,3.7832451237060583,88.64060682606042,1031.9371515525934,46.04786744836336
32.95001612044491,47.79065412017967,28.23207628465637,1030.3818480221976,25.89236635785192
6.2632334351144685,45.0678047565626,82.09064515423321,1034.3554071205183,40.90092973297942
32.576564244709715,6.124044613297719,33.10676719715808,1030.5230366292178,31.115437205420047
33.577683067541656,26.23684663515926,38.01850763026082,1027.2026818194308,27.272804674456975
16.23145259313594,24.4491195506772,34.35612166722361,1031.5402976474459,35.16956631349751
47.43313395429906,29.661513409240627,39.07370816187512,990.488391466031,21.548960243480934
38.94812529371437,64.07623987888333,78.54645573498772,1000.450945501059,28.424434107270784
24.836682751609786,69.70672722235737,72.42653698444447,1021.0170994981967,30.604272166902625
45.92845936433162,33.90714298501034,38.38250356058735,1035.38785751407,24.071444003029885
42.79216319784661,78.82306377906902,41.61399494221846,1020.0145259614374,19.682922508094965
34.61091128786298,41.786017600692816,27.94352900876725,992.4769342646605,22.073843351025946
7.648265718085612,52.240269084515354,53.15484177647251,1036.6799038291733,35.147627270119926
24.853696276009863,14.554960041949483,50.28681304857155,1025.6205082359995,35.479934333840696
43.221143628089656,23.289544406596708,31.66526330058545,1022.9926253692664,23.654321707317607
30.444577342425184,72.75552354208882,86.77000326950969,1025.7503970386679,32.37002778477186
27.275572239302033,97.70422365196809,88.20760389305813,1019.5486814509705,30.414715889741764
47.761210014915264,70.46535556298818,28.723744117846664,981.3267550256686,16.845521447503366
0.8274032694420286,5.419838582207859,41.30927626057219,995.2170955783606,42.09388542659372
0.6023192466798444,14.28913532003958,78.88712007400554,1037.3943103975791,45.396820422245234
44.64102600693395,44.57785419342499,89.59733530184651,997.3162568053946,30.445269774535152
1.9268607512612945,73.25728628929403,25.733839085569006,1026.2975890693192,31.307903603402874
16.627185685260454,16.593245794914868,92.18962575234903,1005.4690382245478,43.60534598708249
46.2012740896459,75.08211365925148,24.93097237956387,1034.4516629510738,16.301494565618196
34.55762969076346,55.58357239593209,70.70271675072433,1013.4601432746023,31.933135182478615
32.40794529319718,77.45431787605763,21.766010826288475,1017.9131598112755,22.414796837833958
32.84991575778232,55.763761411293665,94.26120173955786,994.3775100501247,33.733046226749636
15.882148942454844,60.25231779248632,48.29525194999184,983.451404386587,31.4815965527619
26.526679550629055,24.87470660249561,71.90424603167898,1025.3933776090976,35.35996270522393
31.49865320234324,72.0189736927828,34.76977592645426,984.0585973698423,23.135230537370745
15.285766284580632,84.4014368252299,45.70043328033188,1023.3078914791474,29.455340871702962
39.768195790206306,87.12908078188222,79.78387857725039,1013.3295717177095,25.422198284831637
16.087417938275827,2.945305261761133,97.83967093910077,1029.2014227774114,46.39862407832593
3.5722076750265286,62.459780096618935,99.36426324875355,992.3463853684509,42.398048113815584
10.072728689205684,98.95383341835814,84.77436129185593,1012.4917773160145,34.93039537348929
20.420520920578216,58.69156565528893,87.77544317633237,1016.8502832410389,35.38131658948292
45.40279440720845,17.126900752861975,97.55230881020557,984.4578675996089,34.898217739397424
20.788084593624856,87.76080908081556,23.22533518151385,1024.336441032517,23.652080267170568
4.4901900787021445,26.43064148505675,33.612035758822955,1003.3417661128688,35.33334601420084
9.822838331719176,4.501345956120928,24.21422228157832,987.7348453627507,33.64382076754191
27.22337431562712,43.051796782438814,60.092892263128626,1003.2238959974305,31.18469094622946
8.882800235167215,10.027269341553225,96.6791396003651,985.8980891429984,44.12255651498404
3.197730608046756,11.524228683756688,66.59489495199472,1033.279752382248,43.62891862719891
35.741423268914495,46.32891474224612,64.43232926806745,1007.4055940429386,29.97201848885192
39.21736976477471,61.26834120759108,86.13490813295394,988.2816837232282,29.140798265895658
42.53166176051888,90.53920616587324,94.31591054557907,995.1257406636656,27.21258901653541
42.1967080679566,70.52529340125179,75.8844185220302,1023.4789462019747,28.100829667853183
18.962979003318793,84.26031516229203,91.63018964302609,1027.1652900305096,34.740072576529734
36.7234991046181,41.1784414539792,34.01730231960708,982.4789837100298,24.25186435945549
29.17694297418428,31.85916951465455,60.27256254989841,983.5928124434328,31.519253908723186
1.1682150916623224,59.28402668182311,49.16840300747929,1035.0311102733474,36.0964275910246
20.07990548539333,69.5499567426599,46.60170425490079,999.8589336733669,28.39681367118743
2.643947961756604,56.8250444851471,37.14002396342319,991.5994320481021,32.8985495191959
4.167802772014934,26.452127390643454,91.51972663075885,987.3834579021943,44.74955671836786
2.80012235716896,36.97238893384037,56.02953753204084,1008.5574486850469,38.706742529465515
48.04732691493286,44.83047060559077,62.42032194046477,1026.2631616662763,26.329896037229933
42.21004954003835,1.4151904095302537,42.10485573545626,1011.2670660532679,29.498297800131123
21.955223875009004,87.9838785423281,97.02807145394233,981.2404207774333,32.483396958793534
12.399873388228833,51.14101697986611,68.89680026329316,1009.0342979596489,35.58439890911542
3.62254147615218,75.10299472176982,20.055534308445715,998.6994246337363,29.817139017846227
21.559812574715554,17.19112980560704,41.43139718415106,1020.9715502103189,32.932714939835556
30.017644052879106,55.664369142016376,99.94780732591109,1011.4105381035756,35.469365345829246
39.85516615558829,92.61311715185563,97.9819859074114,1037.9202289960651,29.06141386784807
2.57804930888223,21.427678556411735,63.569318127692,1015.8898492422132,40.72899382649371
20.893500875833276,34.58562008202015,65.12938160673305,1017.9488579663939,35.647819237697114
48.84287228167569,38.8323171150508,92.12707973513699,1011.2138464015152,30.49616565130789
6.036026770630892,38.3303611547078,76.68527523656488,998.6603292374888,39.56367806605525
20.014969739294642,60.062259416436035,94.5773109018535,1017.8361894750476,37.107426300491696
13.752766180784759,39.37702465878839,58.33063795015698,999.9746979943093,35.316532813541656
6.701967770315481,67.40544964930652,98.0720573634081,1023.0408888580687,41.90804927553923
41.94728441204935,48.456032829997554,63.1639827910585,994.2107862382472,27.842149814242912
34.85576051719877,15.7625926650238,71.5871175398174,1002.0596820987033,33.47791007380733
20.5778242117541,94.85682354714962,26.605348873722264,1015.0188995925683,21.6914486396834
18.453364137135033,23.951634344734916,68.93040760730985,1017.7095021433073,38.228694313817556
41.387437973423346,56.24699279242281,81.42207571988983,1020.116771675489,31.512788791751692
4.539192282586973,6.069403762682423,55.14434770711312,1022.0189881228129,42.2012385317253
7.341664022566308,91.86216800764822,60.19505679422955,999.0983826334265,32.089700536257766
45.327500404676904,92.79960867362067,51.466193690990835,1033.5545844580863,20.65384665909548
40.86033270253645,36.45439239443362,97.52332058183748,981.7960164952684,33.90113246622644
38.74388812856167,12.098016112106059,58.12993890564986,991.3057962811,30.565643139567634
31.198796215190765,76.99841164155568,30.096907536213795,984.2084491740567,23.19415994045697
14.622502578669344,26.225267622407213,22.30977462709201,1020.2922183431423,30.350698806249536
46.7393302630209,70.06156374170058,81.79753576558096,996.4199141885136,25.50604329275063
24.59344108673358,91.51481971201072,63.81382787493295,991.9492104352322,28.08066356170219
14.03097655822011,59.02382885174989,20.22164042926714,1008.8400492544183,28.536690892040543
18.27873033064793,86.12375110099732,50.60181098917774,1017.1428513048281,28.029997997288447
0.8420507597967308,22.46484522638258,93.12394161278851,1017.1547653552274,46.09988960731622
12.757953091402285,91.04307514156204,95.82039408417612,1013.4471517667743,35.78373191713045
9.397805432828182,22.664455200177624,24.28473986765292,1039.5191816011836,33.34269560445601
6.777832103559723,22.580011264286483,29.873793095886967,1031.6128866293068,36.08098438030888
1.6069996590077074,87.98688830342527,20.389627602703094,994.3316123069912,28.366783965230894
11.34377217087299,55.490348419498524,89.49389698087626,1025.5229755790947,41.019640744222556
5.175935903520235,79.94416139340355,25.670898066041524,1014.1578333187873,28.232963245144557
2.257018910700742,80.24887465331383,28.632012177591683,984.2311429305445,29.8602344729952
6.866112954919684,64.69613199464878,38.209811965978616,982.9748650953633,32.33735375622401
10.120168176334888,18.907372243638665,93.37996413162678,1027.9771431707145,44.72401520347142
20.79811625563497,69.20940350286763,75.05872058291857,1012.6994413805561,31.994211973114886
29.184784312036484,6.363466676412955,69.35050878139592,1014.2794933312719,37.18852515733882
16.113293121665812,20.066804616869415,82.77255245385166,1000.1761432923659,40.41461409813519
7.062970773942223,64.29118323693761,75.46275981140182,1035.8208842675008,40.144870197771205
47.016191458920645,90.78097968995105,79.67414565449474,1022.8008669350222,23.832080498846484
25.74268561104807,77.1692809636166,25.892515095837105,1035.6663497143554,25.055477729224787
37.094016634787046,33.24577584426639,67.18122371527974,985.9560354449548,29.725149770043355
34.721757063443526,82.37017806724998,80.25658298047031,1015.0237609616861,28.189317872883862
14.244837856385134,96.65972922908274,65.25268962666365,1018.251634989657,31.4475392434091
27.993096269081423,33.195034111926034,20.94358986916193,987.5595993655567,24.21307582352869
30.10820579260215,18.682543173282685,36.889591158630346,1000.7758992862208,27.369188781944935
17.589551204164394,19.751445669531755,97.03199976535926,992.88826083189,41.22355477450026
33.538328274201334,40.0323622844626,76.3755712736915,1039.0675385349448,31.613392565877042
39.53382757195526,5.232340777432876,75.08039207041836,1012.6049114691194,31.615165632906333
18.210527535390597,48.775734447555074,72.8201953454647,998.9156547787417,36.043135766212686
0.7457685771195988,73.22985392667755,30.22464001465807,1019.8697991227191,31.333272728315126
17.466796881544184,53.04595398194485,20.326622479355496,1019.5728572255146,27.29213655114172
5.840780173330429,97.00502464215113,55.25218544574098,1000.8398225565509,31.73107491568952
7.780394459169504,46.17007967886347,55.54595238762484,1039.6353715390653,37.41799467670677
18.297473847258743,1.3258845141901787,84.94443609344414,1028.5376949493395,42.71348894313784
10.381054910505672,47.01243546934991,34.52540130859032,1004.0190901868863,32.3857192205679
46.744447669345575,92.98821563844271,42.00889304793391,1019.6035606578179,18.580717627693808
32.64014611687497,9.586135358447311,26.259386535149474,1022.6323773637341,27.8811755142831
25.918207972210794,22.296745653336668,51.99000282303713,990.4289911797853,31.62924759205354
0.4862171338196719,71.55592665096354,40.4791798794129,1032.689550327649,31.847209535299577
5.18088716228905,29.41006855463433,41.03166753217088,1029.5622685940218,37.62903173853476
39.423892335714115,76.52409191572272,40.32424696948941,1025.3404958429267,21.130301848581443
19.48718815197545,41.932423749377236,38.521480731907474,993.3605636625877,32.32954369537433
2.2746598059286804,79.60671248229406,45.58344242330388,988.1749888884459,33.43580368042856
41.277954689628885,55.15329354950808,62.93521318255182,990.8328850226142,27.04830974855309
15.132300659869152,8.246863331867937,55.01682217160646,985.5811285554782,38.04550949358363
19.314781098711126,38.61362547786342,25.07575689804998,1036.417449798088,30.10460453897696
48.71845353205143,33.324833006091914,54.06878910078173,1031.0896669756241,26.000080442321853
0.7756370517241151,81.00811962711754,87.70226036100684,985.4467680127344,39.839844979026545
36.06621965727549,62.48783074627893,28.056329397377155,1020.6782423603613,22.468331613153364
47.44420881558955,77.7400808505488,95.54892794653242,994.7352410144466,26.343327129531247
3.192979117649636,37.21497589144695,44.68722966119899,981.0364191987162,35.205736745033086
43.30385121825736,69.1743259300792,21.162850352120213,997.5435282516438,18.379544883564893
20.812084676801913,6.523438709986607,40.25244632514537,1006.4018041587676,35.3014635331951
43.899825791010166,3.672345763161955,25.572769644376272,981.202289517252,24.5373707650829
15.41372964452114,28.746787648142913,65.31050768453376,999.423201849669,37.177659533565404
49.133136024996396,77.36991772075712,45.30601020404397,1022.0211577573256,18.181835907009233
32.35247048356993,53.408747694210376,84.55012911397364,993.7057075420695,31.796040332484843
31.35451802186785,40.88217906896743,78.61000704990016,1009.0935785195479,31.98994817426602
40.295169144065426,89.66346284391547,57.48771675894207,1033.2548547821877,21.813960862436044
21.829303482101665,49.73616036752369,64.84812886730435,981.7034589925389,32.67761601149953
12.93348160541868,61.33891437984954,68.70156807848161,1027.1382287359836,35.5164783619558
13.14650963595435,98.58286139249826,41.6563749916396,1003.0335694181725,28.03454538256125
16.530187541333856,52.239197054483675,31.150109855535,1012.4689934621674,30.245123442448588
30.86763172871076,78.35026146135374,50.12150528434853,993.8523036596839,24.165983953994566
41.91948653059134,41.38255555303788,27.588603689118393,1014.7369076396236,20.523338702415046
24.97889392138954,3.634042554771577,45.18907003243108,1023.841978971593,33.18966058373027
20.17241151753978,83.44720702158241,64.20817286221728,992.0922757806462,29.106045060364345
39.69238693455274,94.44045939567188,63.20900193051738,1000.596129065981,23.43355494244749
14.48339534005359,43.43820243869694,29.649069955140455,1014.0427398624722,31.391795038809
34.45176345194163,50.3636268577019,20.667128000320627,1005.0068598155134,22.52174643301265
5.290261036324756,42.41379006044346,27.11548495525185,997.5891726733287,33.670795576114664
5.661913312429551,99.69058165794694,22.892003356069416,1007.1012459738126,29.210462562469807
32.20277383823432,90.33610535681225,52.03751115258279,997.4496660308359,23.68171190928952
4.137525713780072,4.11014470151475,51.18001489379958,998.1124150024871,40.49383555508675
7.7525581975196936,77.90186701950394,39.3292292243667,1016.6380206375953,30.015551900711255
31.218452858018107,60.08367446495038,37.23555677318877,1008.6239163003019,25.442702444854948
21.910184855066294,2.514170377794367,51.713593316672515,1020.6243334786121,37.2224496069907
28.064822643963595,44.47122779131224,26.925886257819755,1030.246699938247,26.018602448924074
48.84714562944478,14.971158407330687,37.1447299996173,1036.577919717734,24.50088464260173
31.598051896597973,87.30477556055222,52.45535238836468,989.081079846816,23.65845974822293
29.54254021256378,1.2698756776021058,27.586393139486294,1017.5714207111853,29.08884179829804
19.00690406967155,87.31058076155988,87.26509382436885,1014.9439722956756,33.82972069833521
31.54387974997066,94.08391486502077,74.08147983654183,1032.0167153724608,27.790952845488025
0.6499762849370316,7.298446649523971,50.64953990771822,1033.75339430695,42.04631483196712
27.866012467131256,71.9837532546991,32.03186473830996,1025.630155490921,26.338244289782264
3.4448680255293516,54.88921924056246,35.53498494949874,1015.7277097409045,34.262584644847934
11.00861234691936,95.42767205832048,29.607166779819522,991.9557679871399,25.05843840190425
28.156050109327722,79.81496809309347,32.80670618188266,996.5983038433602,23.79697812596647
33.397527425466,69.44140447602508,53.80113111761243,1016.1660253281782,25.830631249452267
19.239827020035673,92.5509720661328,39.653173222504776,988.3606258576381,25.099259219509513
20.94899579946967,16.034973114383455,90.76627814889792,991.0378504046338,40.114017420293195
24.901120290694205,37.59599880510135,96.87429840273599,1034.6859361765214,38.44963341231857
37.95373038722824,84.29418592030787,75.3092034792914,1037.3787205201527,27.238349512455226
0.8813885795083631,10.158545714304601,84.70088875575061,980.314082295631,47.88655505404814
22.353399937751444,93.54473490787251,40.40956284632972,1031.7489156711852,25.007565617715958
0.7136798953413237,74.515546155681,73.20191793264986,1036.280814449907,38.869298056606624
15.957093031639152,43.93329334023812,24.639892234890226,1011.5443682938718,29.720727439339843
25.992431065661215,33.87213661717555,96.81728682471967,1006.9340305285738,37.703665685823054
3.995964183374073,14.76064031621791,73.61655722455534,1035.1279697792932,43.40874763661582
24.26067639881861,9.367352489858781,45.34809371783865,980.451989404206,33.92981977464041
46.22869518127546,42.35945789610733,81.84332470271252,1030.429150174803,29.010242180808753
34.26711688520383,84.30984924674017,21.263955936319128,997.794563962583,18.286318840925272
39.11263359384038,53.1850537649785,50.098898831232894,1018.4697323625921,27.354860778080052
29.020710910829866,45.11487795152171,91.65262103715362,999.3918817014685,34.052796609974344
44.81794900236134,31.90425185395821,41.05596504625857,1011.3766844623493,25.37349154723671
7.343464601268012,15.694991131910053,73.43314496632506,1028.4990297343438,42.3510021373217
22.48930166023233,99.00992948376842,48.80829459197541,990.8761374604624,24.015735269597343
29.851661719124174,2.5732593018978345,51.389146854935525,1019.8351171415253,33.25547188313339
43.673767078815345,31.181590173584706,79.67496401235873,1033.9002101322315,30.923319850342462
15.40051227310576,76.93794450285971,92.81647985575306,1034.063102512939,35.39965719905941
0.0563988882882005,52.055815624365366,33.337481837232765,1033.6472562205308,35.61891612053283
48.72070555215652,31.385490081429847,42.15136870044375,1011.1078061057284,23.85725125368933
1.2988652066432405,99.27393056938133,59.02281460981068,1026.0620751939798,33.44927381494109
7.61833636198671,61.91696440115716,69.1052852726089,1006.8114647176048,37.23825071613295
21.102316472414245,29.515578315611325,57.42296902299206,1007.6098032306226,34.427488123441634
24.818490649893015,84.79531432016316,84.44229559457143,997.0312562969943,32.715563783900386
41.723297871459245,15.016415176745346,81.4475907691799,997.1136481289519,31.8028160027491
22.390897495783197,46.357407481914784,52.419433762847554,982.2694593179039,30.602690902979514
27.371456832543036,83.9588796248413,23.248949812843065,1011.88829743441,22.858895229564887
9.999993542605988,98.36580523627072,35.55971030539035,998.5256548645528,27.749221800266795
28.457934956995036,38.305759248712626,58.95621193673962,991.2611859775844,28.73911414033969
17.41918714927253,13.81096588030043,94.20110053296534,987.3027691265729,40.34013892172435
4.936614063792616,56.69295200609283,65.40555894814358,1000.8199297974472,37.41771494411082
47.323144567432166,94.39930381449261,62.4315925154696,1033.9406337203932,22.786495341888358
4.0842142721693895,66.56117362185114,77.91760346424064,1010.9840945272209,38.3342068010926
33.8939465190833,60.21595393331148,32.18359585251416,1013.4161584068261,24.29502071050438
45.40965764639034,30.92919768420107,31.753477451098977,983.2596728073864,22.534999658899526
8.960232711152189,60.63398198340168,47.631613957546676,1011.190780491794,33.93598441548713
11.855883306451076,88.4677997469192,99.58821052371472,1020.0567044573986,38.74655639148235
21.335338257120572,37.55259887929678,90.075346599952,989.0429131915694,38.8204947907624
14.725498409304855,24.205365394434565,74.4091120347845,1039.0132277589028,40.75246605643304
37.95165698686022,48.09575719868352,51.29239382903769,1034.906869267278,26.32198166386338
16.907668775328506,37.61877943243229,64.37391641413934,1039.5861357094184,36.20240498442394
49.29177702093007,46.99259934996657,44.28432943272438,1001.61901882931,22.446746490731
42.939361625498485,9.572964005793605,73.94456097488421,1029.3379493672876,33.06177933687079
44.76720668921719,33.62099994162744,53.50765292459846,999.7241429942933,26.563084412634062
3.1832142633736407,82.65478068941992,29.617271539377352,1024.947774419712,28.69236015933712
8.815422971454206,40.032110921432995,37.20703632784477,1036.8697869587006,35.60767711717344
8.46842034594163,96.78951010653255,68.6954233069425,989.3012369775918,30.90755067748141
33.598232408782195,70.8844811199241,75.56517621528076,988.4191923362811,27.924347580713967
0.595568708758365,36.60365865439671,27.681733170732894,986.2642696253871,34.973825390281306
40.3213099988001,25.16636885144832,84.66727816577169,1027.9010458568687,33.355671401099166
27.35230092126771,68.5367987092244,85.94779087319387,1019.9980163060178,34.3914804020427
28.31565157936968,30.244648997837665,77.84655314216201,1011.3389095180204,33.95381531359966
26.866821112050587,92.68928198577757,74.68708275568727,1026.4347592378233,28.778689722276138
26.76729448616361,11.633588137693584,38.54948688191483,1030.995390667092,29.979499194462875
9.894303731677512,2.8740334571612625,93.56975699308609,1036.9717057747755,46.390803578762316
14.158986090951576,22.102677545201786,41.485884413521454,992.0750629769425,34.13833380576674
24.38087289167377,60.66191333012123,34.60037114539666,1006.5005975814987,25.43961659921812
33.89222487612231,83.49620020721329,71.08272293631592,1035.3808005059595,28.901919505147863
13.597688000921737,17.012806994380682,49.12834359563824,1007.6794225098544,37.562246127574106
40.306746249875346,58.472285900641765,94.64224677295566,1009.2593014409454,31.254356863058316
40.529658389051455,14.415309998493353,56.81996867666804,1036.5467138418207,31.531992401602235
13.693970357800783,56.31786483305559,33.097483444092305,1024.0805777297346,30.353822447330344
28.003234027705147,1.8182278112284345,96.60229179158807,1013.1228895512022,41.62375735118139
17.44614272670313,55.7807088419022,61.23471309541321,1001.437171919144,34.00513644905213
9.534286771868327,52.17758379651614,61.484713985434354,1034.9209681320208,35.51447908395313
40.29999778979242,4.284793926116004,50.86421510754893,980.5363101976885,29.89434094783259
49.5740609153267,68.94168911606876,86.87950200225642,999.2603718849839,26.15913465765928
28.285958909617907,57.22545517420527,43.011489654880734,1036.7643894771118,26.69458151736269
45.69733524298466,62.30972790518704,21.096776631222873,1009.8922278124882,16.884722998180322
32.10844037724009,52.97739465166471,59.78223415280685,1017.431277984956,29.62358781453945
28.286185078932824,72.19936221464049,94.07095293138178,1011.9569358324356,33.10207574146103
24.00724400237194,52.50038643140027,41.86133492354999,1003.8416422839383,27.178925688254058
11.785748334666929,92.22697689267244,41.30443493547609,1019.916946367224,29.15506246921889
4.212763564121758,94.35093329639834,79.04799035552418,1025.9884836113135,37.35288175623878
22.116795900842153,72.66754916037551,82.0426667251346,1001.8655829100315,32.010856876008845
28.065495677442865,91.17619976646064,54.8445230148118,1015.4312869223216,25.736491176434086
25.47248271112121,92.3154821961113,86.69146168984287,984.9654886958599,32.08816124210104
34.778531770450634,26.1998463733746,33.754646720294666,1012.8558748855319,26.095369256556925
9.604939178377025,99.39296780694843,49.36202986887575,1024.8649778922008,31.528000868649553
17.71014894565825,26.743682890457155,52.34223322534177,1015.1146303950574,34.582402621375024
20.77836356451332,1.8539208110825989,45.02367145650347,1032.7068578009796,35.65861006813193
9.3261652789156,96.22249633753043,37.41900392153152,997.171591232357,26.481519874629083
45.32321068360636,22.37180421402187,47.051962315383406,1009.505364194513,24.795598161230906
34.075572870645864,58.41208632624666,21.440254682860616,985.2487971684652,20.94117129814785
4.593117317118395,97.06681574749875,76.26800278080549,1022.0012547537237,36.421271875241366
35.63990199335946,4.9450395319522,74.71673876242497,1006.5734906963,37.23309146304564
27.38938030102475,26.931195365512483,56.01744897682666,1011.8219284690181,35.075042842829056
26.197023339657626,60.88239726036463,45.83324670925468,987.7036797884066,27.298464981660373
49.48928875537405,76.25580565831434,54.72748287219592,1039.84110955277,20.9171487188379
30.910041058778937,80.73664468519425,94.92166527911361,1026.3152015963,31.173630940420963
44.83640964981569,88.3845377225951,68.28518791193873,1004.0377863980575,23.888851426879526
45.6774470053062,16.843602548175795,78.50858526544633,1014.1975830431278,30.686596013111462
5.07093158704251,37.00373308472198,38.361339624903756,1017.1230283133119,35.37781401609606
0.4181128189784944,71.4254250001984,27.580637786018247,1037.6459618499266,32.85899583340729
21.763345469936368,71.53100380130427,26.654794776729346,1026.103316606972,26.029519691178038
38.46424905205113,30.8054678896761,57.761508286286755,1000.9800091460133,28.193498366074962
41.2097977665266,30.422303863191857,77.33490703288261,1038.6623425013165,31.613176051534783
39.37470233169507,32.06420135496313,81.92963060752436,998.1077784700275,31.38893759902543
22.364397925709966,89.20801896075861,77.63278455920077,1014.6167639083111,30.214653375060013
37.49820592682621,90.95107626879981,93.02099901185362,1022.0400607127121,27.76417116325681
35.93882622630899,1.4827475584839878,24.160195671374893,996.2675475435019,25.887878852222265
15.690962548240183,32.5016391588653,88.42715908518643,1037.381665680578,41.15617026097709
8.436028011943941,39.203552718023936,72.85412764831777,992.9665941358237,38.835632468260215
31.07093586109978,98.23854853046326,34.04160896021045,1006.506393434036,19.695704517137976
33.85431960910424,94.41678195850017,74.59045878701019,990.7923980988127,24.918555613853023
28.3985345433954,62.83251148032849,60.94076481100571,1032.499252326375,28.48474466944592
10.658977324552321,4.580530129681626,48.72329972273612,993.2960732049837,37.64651858914297
13.833666017772789,19.12170546960127,39.83665273326915,982.0844859920885,35.42058894127795
35.42431357296697,43.420626009257504,57.132350979578604,982.3364241518236,27.305942158340667
48.13111820186096,95.90356248977871,39.13061161513676,1004.8252025219572,17.234041008660864
47.24178007779422,9.470438928830738,26.627766717130676,1011.3666565172781,25.40246443465582
25.98290732086464,79.13523521289888,87.689604673599,982.4983179034483,32.00348676014951
44.32797373827342,19.11918129818222,67.42695854849543,985.5719207860891,28.590325362704245
1.4725600152666607,50.78511075660999,49.09357267106644,985.847777269604,36.21121986947691
43.05760607988376,76.69708167044698,55.73439845062039,1020.1100770899106,22.872027823727155
23.80754117173633,69.24953480358907,89.18618940877508,997.9889012304325,35.73811994930107
39.0763667454159,77.57478193658513,45.58748044046864,1013.7543592010527,20.640429687489956
0.27914547937158973,81.35926907075944,50.4138437964004,984.4217582644806,34.886457052597116
43.42803921845019,30.574242477995128,81.28643286253816,1033.5269336168421,29.774624404478445
29.748981119043727,36.403059534424095,36.0418088730585,998.2659961053841,28.35825476038702
12.011519912610796,81.57426744405807,72.74100418692899,1026.692043412222,34.01479312614859
17.374152721775022,3.8643111819479437,54.745904436743146,1029.6021842506202,39.77111582258647
10.033304346561584,51.445469755935505,60.0126852477447,1039.2745182407548,37.04655442661723
21.22028789229416,92.04046153204453,82.95041244966401,1024.462334231945,32.67516445141562
16.500301564026167,88.50039928330847,99.45058850519483,1006.5683328855393,35.04702617233091
26.72515885260057,80.43039376387324,86.52095392155763,989.1576689835945,33.24599792027726
40.73922209464638,2.154883827104137,32.843517309008334,982.8723337330471,29.70178741558552
49.113763259048184,88.7687078250198,37.964146819231075,1033.1755890348022,19.498583470288395
12.572882036358601,91.16639665227355,52.79443817112666,1006.799803513262,28.90355443397247
5.32541313464111,66.36700606237494,77.5381215920821,1024.9978208093237,38.44647576040041
19.783362495130753,29.8913898225311,60.74969322561852,1009.7798288396467,33.93534877088237
7.177713807552378,48.99273713436462,92.144054020439,1032.77986862948,41.555097012331295
41.71201010421771,76.261942076788,23.89403842982268,1024.9799205485035,18.96742695638442
25.056243976818195,81.30286787894133,40.681358305039794,985.1274655608266,25.627230783207803
30.99811912043236,34.334398548123225,37.54172739446538,1025.1288143384945,28.67404100506842
7.530627713819688,32.60671293927926,79.53367580075042,996.008848924495,39.34957526135486
37.48044079182833,73.61812150693933,57.18172385514308,1026.3833726927685,25.202626575247706
48.67909059674802,68.63558819813727,21.20104325621326,1036.910900075047,17.70866070524042
24.1192625746132,51.31972087298637,81.87494019430667,1035.8079325398185,36.31830523040798
48.12286523953217,42.02604632125142,48.944252488213735,987.5000139478393,23.620341675715512
1.7358046920679993,65.71597430653424,40.8368286769825,983.2803343523929,33.92744994665554
1.7861356907177717,3.2433320339974925,34.61741456638024,1026.6188983949964,39.366685285264516
48.000645537969575,7.568957580592683,95.68097493804552,1022.5977027358579,34.65887907141488
35.0132798715514,57.30867546315051,95.3630422111574,990.5703486212111,35.20561673097887
9.434486351200238,21.027874074136133,26.124231054537333,1021.0740400022596,35.35391080700228
18.193739954628462,77.47839952128177,38.6213887722336,980.9292719536414,27.310572148580206
25.387653396408638,77.23639746052301,71.6895457666277,1017.8697250905512,31.239612692207285
35.13188677843723,70.99620806177208,73.63397267026514,1029.9383333540682,28.82053662574304
42.10132800876147,90.3602685643734,53.413739507545124,1018.5103400543329,21.52683184905475
4.132820235659734,14.083493815598903,65.48078862497715,983.9237852443615,42.54283242961086
32.828706174445685,25.92403374349018,76.21044665677289,1039.4583422398957,33.92076982717373
23.835570681897146,25.229927260433037,96.04073632546928,1001.3654887479931,39.37029488263689
29.881113772151398,78.23886760885242,78.00875210134248,1002.8286914933252,28.339563428845278
25.426580330565113,52.13446582347822,28.82165047647075,985.0850802384822,26.699789511761548
22.534652525472758,25.26757900997859,77.42772913382467,990.0270608997162,37.93715030761538
10.27563980898581,13.64271418217199,25.418106283131266,996.2705476109246,34.63424432084076
23.616795617948956,89.30163346646532,60.200578960619126,1027.9521421717986,28.079641889050606
9.482756902088479,69.21290467211955,62.151619273831365,1021.5049284691659,34.68256385477598
2.2305743513858056,52.852499161938894,82.26117645648579,1015.0189297858476,41.57203842317024
18.69122454740111,96.54708675166475,20.92469195241864,1031.8335928729302,24.3481972604607
1.2477869374752038,84.95909496508409,89.98016536802152,1039.8683114007836,41.20059193147121
28.12724815109998,17.812137573397546,73.1107783766424,1003.086467492958,34.114246127585176
3.6196226670088647,50.813059375291246,22.495267998575024,1003.4734056794832,31.13833489608239
21.877682114343976,48.6078651589115,32.80242207542237,1024.1653625319686,29.15402993025055
49.00714186876138,84.42864208630088,23.161402398148205,1018.6609296624509,14.103930890994373
0.49407603094689945,14.908807144379521,81.27516803611248,980.8036068740238,45.826880543711106
18.342728382814915,45.17862374567764,33.672407392693096,1019.3256382840702,29.881332089704955
33.66314279804502,63.65405533378342,23.64799869332178,1023.1765033977914,22.99356566278392
7.945845230995296,94.52546146807087,31.039018545996832,1039.1561955245218,28.376886755374652
28.03668207850592,89.92649349229623,64.76456031367573,1015.2062601587237,27.256405730795883
12.909517930781133,53.38478698439092,59.63892202127895,1021.0650686656463,33.808752211622554
11.138434579211287,60.67207906298864,39.70058823927363,1027.3248623164739,31.28539829705499
44.749177537297584,85.24013431261609,95.43482245873034,985.7575772340438,26.706312588187348
10.16402394900801,74.43882652130144,88.38470925482498,1024.0791305545308,37.83772967977277
18.82758553826513,87.93356091241449,45.1568751697518,1012.811942834522,28.052375518164947
8.479875243727857,89.59306143317687,57.96575455772463,986.0045349758442,31.00895403650744
14.194386987685876,83.25860200290579,61.345855382015756,1020.1928505838464,31.73194986270448
14.655334006118832,0.9378209893879053,80.49406199315447,994.070256481261,43.70960148504529
16.338651187853326,31.093387297100005,54.23572438726353,1012.2738712040606,35.93145728533423
32.05334684133626,40.351698753472085,63.71766122597186,996.857612582955,30.688481380696956
37.12963715557673,67.7915300303286,53.00524514233996,986.2721826182018,23.04013011107416
25.533485976561916,30.68609815279688,81.02566489848881,995.0518650380527,34.69253969551913
30.523799046044203,32.35581310623503,64.4747188870403,1006.3283973264955,32.78243890910951
40.66343734916606,40.02030395705224,86.22244881150705,1009.6477315203459,32.40506440069581
49.97803306702095,95.53336004357854,24.298863098377453,988.9088551579894,11.671222311958708
22.825299317186147,43.71578465443713,92.34450886064437,999.2587174599644,38.05747005277379
46.821724779632284,14.067222305914239,85.55123559816182,1031.5634386031952,32.188599221528065
24.518504651425328,0.6355806676923703,85.48037569156817,1034.6229279106342,40.43004011992181
39.09998762457572,23.66126611163718,31.224707146005535,1012.110925191842,26.45870421748948
28.66115225741534,93.88108936714852,41.07782998780685,1009.421696484878,23.836017223753288
44.201961261858294,95.49925356181714,98.42093005481975,1014.8845474793036,26.891601632212843
22.435160080837967,52.900135594827205,96.02200477857207,992.8741673531965,37.66843747095979
34.79075006485853,64.63633447864693,38.12357385515418,1039.6142689453768,23.986448924967387
23.315760960909397,79.59180098811373,54.63221361251324,1024.7163632583404,27.68543221912777
42.85137006683459,5.588762521170754,32.475448601701146,994.3247527663729,27.343471754313104
49.71843395711914,37.430729909325734,41.01105375128615,996.3287844381452,23.485400517394062
12.165749596295594,64.22473024976013,34.77827945965612,1018.904743253881,29.61907898281133
23.716948160362765,89.82534293704897,26.474962522816902,999.3707917513939,22.067273579952413
4.062833988019355,72.68295611363325,66.35830927184539,1001.3190063187739,37.12430342873154
7.049772220689454,35.00614658086789,39.262855419735196,1026.856560209615,34.85754162897179
46.45750911227859,90.99823183862198,99.37923623727885,996.015622981117,27.3309345572426
27.18068882454706,66.46194482509591,61.235180074422296,1022.3144717917527,28.546717065860264
19.75580086130309,83.02352861025298,48.72754563508476,1036.0930918058227,28.255259975823733
33.57412646537766,38.55075418322077,93.05297371222457,987.4481094198943,35.49818133112608
28.008064416005595,0.2158840749839963,69.65969416380145,988.6570516795456,35.5690248507989
14.435886148361288,16.61685939935054,30.166305533373745,1036.572386048709,33.41601662202162
11.330725313009948,92.71774172695062,59.825636520988866,992.2111554341532,31.26332824638484
29.511987500455255,3.312403374851247,55.28633206099669,981.2540498959248,31.675005214750023
9.41327556057024,59.60392599351492,81.21056547265925,1032.110474961206,38.85227724422475
6.9586050386093,40.91275067746748,75.50221373617327,996.9381732199082,40.98647683066335
15.91937812335305,42.95786824809294,49.66330555448151,997.9012361037071,33.94071978374592
43.06705315717342,40.08183491342121,57.55834567819966,993.6152687711073,26.268128215702394
1.8409720461414425,6.74258284326732,61.50304507789393,1035.0600138883087,43.46073475166162
41.663312681134464,12.233049617545221,53.79687450761439,1026.4651188200576,31.108345219653003
31.048691811498003,6.293934889315256,28.617709922553168,1015.8075473585602,30.775386616160958
2.018637877849294,5.390785914203223,92.4356703804697,1007.1954989405455,47.51000051181937
30.101945819414578,8.561060320839575,73.80479930355735,988.6118071256166,35.06663222260808
21.300970237619328,69.66171917853349,57.57761989639063,1035.5592062310286,31.588658089156816
42.05638040526716,11.420520022316039,65.56695566564576,1024.9798158295494,32.44623557524433
45.35993553315228,26.149306570429676,37.053089381214434,996.7330122782718,25.38844624664995
14.324658059880829,65.69491838561349,62.44450662228643,1036.849763926442,34.56038863768653
39.20850045280599,11.226566274614635,79.68222221574527,1036.111456469894,34.17323814953081
15.490141466046975,91.0256248551984,62.69394916108094,1019.5711296387731,29.115986220507533
14.78177286694205,47.74841780014491,58.453229812529635,1039.100213423094,37.01888408268472
9.631917035241388,96.30574903388364,56.99085363938942,991.2348947288476,32.1960092140117
33.92445141412089,19.251073861827482,80.92982345733589,1023.883421575262,34.487708733497136
13.084273951338465,3.062438723940053,80.26717356698603,989.1305668179045,42.52185078866319
23.24291710114602,59.02814080564759,80.00561823544507,1021.5014724808636,34.074403664089246
40.60640437378583,32.873838725303386,39.69359983297741,1035.1911091825286,25.994779220916698
39.59564208536962,57.239054212313064,69.43159742921887,1012.1658536920172,27.395084382307548
42.77213046476949,47.3650170718736,82.31258504078372,1025.783998251607,30.725950632448445
8.053225665211272,45.71561670574808,64.95154154909511,988.5873037166266,36.132886248219755
29.344638114117117,85.11776343041716,82.31818787479561,1017.991674223386,29.738534870199086
45.741992242134884,19.18340039588132,88.35227186548211,983.7915137679389,32.90124987327403
2.1025043151022773,49.96349146079705,33.911204764845245,982.2138725705154,31.870335084159365
39.72633864991858,41.600426159489686,44.507266044230114,1018.0437549581686,26.00755228103823
12.311860709355793,67.37694211773179,68.10477151636499,1014.3685148099694,34.26404513116859
33.48267976254871,5.013266671834559,43.174270907736236,999.7550685112568,32.28046780940676
35.87025220145491,52.94204419684046,95.31083022166932,1010.7757766106652,33.52595788444566
46.2792579145284,47.85406565298379,35.53073919455366,1021.0604090061906,21.034597968927187
25.439971121148254,97.35806113854471,48.55583823118288,1018.6836690624659,26.48128722085689
42.41155540452715,75.58218157997074,99.54450420545308,984.4179506870677,29.10012751100141
2.265900629981071,15.497861871070139,35.13453968583177,1020.6871592882877,38.325625013337586
21.02713901286591,50.92144389058023,55.905416644616324,1019.5719847564171,33.00425467327986
21.975946433446207,78.37369222461548,45.1025838994883,1020.1768395001052,26.872995842450553
26.91392379218146,52.45693655155961,84.7839352439402,1030.8411956809412,36.20182980221359
24.067023738393,35.67007701575309,44.331779163727674,1014.6021585611771,31.471760380114368
48.39807604414774,37.66553764785263,32.91431636335312,1036.2740514911823,21.475387839335337
3.9269785424038806,36.70039458719157,94.65081042905763,1038.8005567778073,44.43305835645491
13.25083309645631,1.99544757896305,45.39219009452605,1025.1106299084279,36.61985967108239
48.431439072477204,73.0596146167684,79.33980244524713,1001.5209052284579,25.14371951755263
22.265127310451447,61.088375909991655,43.24541802002787,988.5859049365764,28.0323778464629
28.557872606869257,26.867752213293162,34.28653051850996,1029.2083951416907,29.525714333819927
4.051277215422877,63.00233732605191,84.19297460523981,988.7979401560649,37.927582114600504
14.202543998120182,30.872938105792603,24.446558984258118,988.770165321576,30.31041948429574
1.9825849330757928,24.33813502947666,46.557828562842914,1035.1425533674671,38.415824813392234
6.875242124389408,74.11528879949374,82.40653340654139,1013.5923604581754,38.391713184707804
31.66574088941021,80.9109609822026,60.971001727484435,997.5999783958105,25.645021725108613
38.181123192663215,62.570862518555174,75.16590540359236,1037.779033136053,29.52938150221271
43.50424384498805,78.41466269978788,25.34535257777477,1022.4398410990605,17.564786830054285
12.573219027311266,36.57001141253905,79.98479927724995,1012.0906705521704,41.176660011212604
16.64319208015294,7.180379134921133,33.755232447942504,999.7688152863249,34.13926435200078
28.469918872032867,60.48856082288204,84.69632289182842,1020.5969918833605,34.182402394191
4.184293173397263,25.59762490895352,65.1339776158614,1023.8537100592828,41.05875589221754
40.33591300944471,77.74793464468438,79.13294544346098,1022.726610824625,28.11176518765308
24.16460293544095,35.81075551347086,37.02661532121945,991.7202589289409,28.524941261496394
48.275377634731925,67.06730389414138,51.63404051510269,1021.8346542178983,21.690479836463723
5.865800451285496,55.28661170875194,84.1655465964048,1014.8868125381091,39.90912476757763
6.664519047094886,81.74847881157075,92.8643595443219,1031.0045745153834,40.984166246906554
17.42886420585357,83.23054217152455,38.12577562375082,1017.4861280602801,26.068266586196046
10.338109968934429,6.829773697889808,83.47149279758509,988.7766008985159,45.3220981716578
34.82950743971287,29.511565774276562,28.684414269070544,999.1119629678503,24.25059847136398
47.34052287974686,87.08791375954587,54.05989292167901,1024.6290599163958,21.166615856475367
4.49522549775585,40.39896297434158,95.09757332107243,1024.3977068903464,43.48228034909027
12.111816655623558,51.48693434309236,95.61091885500032,993.3628873658143,40.42152198000325
11.89490740163225,18.334378701787745,43.73457616315417,1001.2755990159496,35.752935984533764
25.453653198110615,55.268626768743836,35.4330725265538,980.9191784925243,25.679918518668238
22.601272119939985,26.461493204185327,31.958909637082726,999.9022728892904,30.186407148321035
36.34331031129109,82.92335780320236,58.47002028567685,981.5803410496118,23.529675648603845
36.63156104121958,20.0244714569209,27.36614609729063,1032.3722424632845,27.07183003681028
28.63772317278071,35.98552068911902,48.548244196408874,1019.9988346594506,29.226861008593307
29.551112959600616,9.507398240521514,21.36088932761148,1038.1488662286592,29.363510610647143
42.11581949432339,58.798208322557684,40.75184887874148,1033.5154544208822,23.872635462192754
19.84682188762209,94.1972064370194,92.02215215165863,1016.2085169151884,33.385482961142216
0.6171474148038758,17.315591389630747,55.75827146663166,1010.1757198023371,40.067735349694196
10.651514437637877,1.9737169503681984,25.899635658630338,1033.0234694440805,37.624897366541454
1.768105534411235,42.24631343920082,71.74694302887193,997.9049052264083,41.172065232249054
19.674811139952265,74.84151607439163,96.45068485529319,993.411094450414,34.96815854193127
17.891781271483413,97.51006430518136,57.07260998445348,1004.6012670895564,28.768230896412096
4.931496726729762,5.1279067563822505,69.94302884061699,983.1918707225715,41.22738687923879
37.751279543373265,78.59618870594961,93.55344054620502,998.1183094945994,30.726747138580464
27.653036700280147,36.867407265619775,53.527953911676875,985.0208196013424,32.61144444464999
11.285085284920715,15.373149745532533,73.16694446222289,983.1596562225238,41.27948353591729
37.95630379328049,19.230515670556247,55.256341942246735,1013.080388949653,28.97705317716698
33.39655960209977,92.38837624970826,96.97047812205557,1022.4899128361719,28.48848949124929
9.579756989943949,80.93575349633434,60.30412583777213,1012.2004712256881,34.42614589285763
49.14441653198055,31.17290770031268,90.85223158075445,984.2346425939445,30.04443937590223
8.87130329277635,94.01902654485625,60.57587987560033,1003.6981610478454,31.44562177897472
38.58501319791417,10.52533058965719,73.4708866235946,986.6570861234882,34.03072180693786
48.41432415550556,32.25364432329818,50.89131897532119,1019.0038186974023,24.413735010555435
36.275109010583236,65.29211690663888,93.40440533809796,1029.584388134236,32.6929236549618
33.28885346750911,99.94190764531734,71.75537175907151,987.0023433565053,25.28622837651904
45.1660723409369,46.564171709037694,21.592986390686207,984.0111659303309,19.69989020058562
13.45660969428361,81.07148884202307,21.251293881299187,1004.3571164921757,27.499971002718702
13.857787523290915,91.58658924661569,74.09420147149874,998.2084205910019,32.013386225088624
32.058019435219414,0.9628423831255839,29.141508981416166,995.6413910478989,28.730053344294426
44.10688898457739,28.894072852202925,77.29315301598932,992.6837681572309,29.863938616351575
30.86870741817837,10.035975302845568,45.76134238274551,999.0155009984912,30.117414901045127
48.852437815475625,77.60602490431197,63.11357424732332,1037.9224661831086,23.48557597603275
11.145115468337636,56.7050426893844,33.95196700268855,1031.4602566688886,32.2515006968766
41.293980142885644,9.555994375058752,39.697743872371554,1016.0814253611771,27.663139554612453
46.36318241255919,42.07243751150137,54.95342010756535,1028.0284736337958,24.50327477044311
21.350119897621212,51.396937219591656,73.23820617776295,980.884132265177,31.05349685882172
48.09912633661649,69.77514429718654,32.458530931006706,986.6873191232664,17.101593281494875
10.107381022778961,77.94842356831018,42.502650862931674,997.5476927638326,30.008170155359785
47.64169666313783,8.787220194825041,36.556992151272055,1018.6339399887438,23.525856239996223
45.14040297278429,48.76455957343575,89.0139447024362,1033.004839256279,32.8281118625382
3.307293608137829,16.112343587131438,71.8405194769994,993.8684095092208,43.205541030547266
26.06658040112182,75.32555550660392,57.47965894864546,988.352147395071,28.320882280301245
26.441952574852852,65.76688339095841,95.75544433730265,1030.8751612060444,35.06154625726848
2.8486713449913657,72.30009541321391,78.86610363144807,1004.5481386532758,39.31380423701005
1.9765580053739684,7.499425729612986,94.57808909439518,1021.9705064102861,47.722334763262765
0.2548390407270451,51.03246129514838,67.80743681806021,1012.881723085687,39.827081742890556
26.225442170944923,84.05806535617079,31.04455290329674,990.5546841709514,24.339322925189517
23.1907801984583,71.334139854619,74.03416851561786,1022.0345190560618,33.29316503545402
47.02300967781955,86.17479790283967,36.119292852548135,1005.2466911686462,17.527497725607116
17.11531579290505,20.610453483719983,47.67748733341887,997.2649122902377,36.6637552706983
32.911369776567525,28.690066740692423,60.76943470503217,1034.1618971044552,31.714211241154707
0.37817073203036955,44.127909068547055,32.58927856493606,980.3591493368313,34.20354635899443
33.176922290011504,52.325714097863326,21.662510627955864,1004.2921839190849,23.01652958420847
45.673001201345585,25.21628648906201,46.166875189655855,998.0307196593617,25.70299671215086
17.73839783325289,38.123735467902975,85.94526152707616,983.2687694532033,36.970865464726735
15.702855089181277,68.70427041516646,21.23039689666177,984.825396180167,26.527266502402906
31.301493243627498,64.53813384525368,28.754714655569078,990.3372136348125,25.130368725693035
16.427603272874315,11.047308677034017,84.54838853893746,1010.2999836001336,42.545312776072684
20.120918773825558,98.57026424588908,44.46813623600193,996.9586132040852,26.1201597168994
13.655827043164365,56.27452215695388,95.05708115847861,1030.2715407197418,40.360195161328846
17.244460313946774,48.35623861259709,50.41953143938386,994.3985540360212,31.184091212580984
33.970530621556385,96.72471825656768,83.73631432675595,1023.2132719073546,26.904623340195872
46.11875932130924,14.032944198895336,40.703187300972374,992.6226005939787,25.62212055952177
29.155773785798335,54.36733528685257,24.94649907324056,982.5531537664547,23.52137439331842
0.5016724464164846,80.50775819349788,90.52435885714009,995.8773035164512,38.58827026422513
13.19462808993817,39.89036888272721,94.18371805196605,1030.2541115386466,41.174621069841415
47.611926432622475,73.63046920393623,76.64797263913746,984.9350685964569,24.739954331414726
45.516088191505155,89.9162942414786,81.60542588769162,1000.669739770266,24.928055015912847
5.782361980027606,26.165308712820444,20.570209607352055,980.4810088932247,32.25115068675117
45.42085315336639,24.146004458933923,80.30588141278446,1017.8146742109088,31.055403688716783
48.226451151946016,36.068553540116724,57.775710951106156,1036.565587083592,26.47764530485903
16.22859478801699,41.84415111768286,56.22323636914062,1003.0619705795838,32.91346888680449
35.05034047016338,11.104437108816034,63.20559363763369,1014.6150759664915,32.1151599864811
27.999120775681487,23.128900836034695,41.696817296763946,1007.137070396533,30.41144748699882
16.852482927538944,87.32280262114924,75.70308438487217,1038.399844393321,32.16622257714643
7.666789045926004,56.659108089703516,43.647109762160625,1024.1599196993604,33.47637990515694
18.346011205272344,26.782029049837163,64.68853103739042,982.6533801011439,38.410124402185026
46.38982857192563,94.35947411280438,30.9541783049228,986.5234799619749,14.253475626457135
40.562418778667315,77.431110323758,74.00605080934407,1008.2288499236795,27.51830563713568
16.53372653214522,36.243034895509,35.169021164397236,1017.9047557565835,32.1306922192732
27.383767600541,76.54428654368509,33.63311885984687,997.4237533305331,22.63986548760171
20.29808393547907,59.60522902155427,21.942652989549334,1020.4786825788975,27.06961338457623
23.311892399640556,68.38183699874662,29.74286206158517,1014.5915237706524,25.70440832720148
38.06053430027509,32.14493137813634,38.60561960631462,1006.1055546754552,27.225637874950166
27.15031004754302,20.949544123454466,37.784748855154085,1014.9378215492669,31.126914981824143
9.05222317058958,25.358065095410865,46.2137143422666,1034.987811773108,37.31666376041152
13.451781390226952,8.3734459768377,24.353313446169587,994.5922483243803,33.10551980165575
28.389693093880116,47.10376179313661,94.81584148159467,1027.4727160181737,37.45346400414512
34.640977996459974,40.62332823769699,29.534070347814776,980.7174293767729,23.93779309596079
25.406021369128958,0.2539672350048705,76.1571103169604,985.0878995465714,36.81793790747834
31.010526617059753,85.6366666937617,62.80585358796274,1036.9811316692426,25.137803393572025
39.46884757877399,68.18692189070956,64.22310439313158,1021.8637198905479,24.915394027332514
27.26959581040309,44.67411518537931,28.44134604166132,1017.9990325248533,27.520857338482536
48.85957250261497,96.70212253852236,39.457195372916786,1000.0433160664031,15.968138652946138
11.778432590136173,94.05416101935994,82.39050355748472,991.0602307950065,33.20882700628024
45.98441251950268,9.509692843864448,57.094916661700445,1002.7949643512566,28.18027401526613
12.382989739867888,61.51392384257467,56.56542538296459,1015.9034115746038,34.50603624870474
26.58222882168509,81.7022483044514,63.672943676490746,1018.0629110820234,29.140626251893515
22.795338540130487,17.295185092879407,54.70447108073857,990.1730398917039,34.34301565893087
18.644163455970247,12.796207240205348,84.4908744849149,1006.730115214898,40.07556824389317
48.13673343004121,25.977777902471967,79.89641583109699,1014.0055081687727,29.575222002191524
13.615078043299512,27.967114536849458,45.36033734889435,1037.597648566035,35.2824386576034
33.743455217153084,96.49846121892108,84.96648904973623,1012.9653862751277,27.076756755376298
40.20342860064049,78.04773305713535,61.48851441023346,1014.8359646064596,24.283677090392523
9.850342280468405,5.973790437973159,70.21894665893016,1025.9113210838757,41.29180757128888
48.6576463202766,78.64814190307155,89.29406655142526,1005.1347167450683,26.140502711257056
27.332023785289973,16.963951834658943,58.07945993963245,1003.0320704663505,34.094727233261295
45.72453308065283,35.724195742091304,80.50082900422862,1015.4545525059744,30.951646802514798
33.19405298319203,31.85196075273652,70.24698872840355,1026.998468635075,32.93408294256855
32.47134253883863,27.238157173019506,54.13959530380395,1018.2549029809828,30.989581166213863
17.279304462009158,30.875803266641178,83.1238693102362,991.1678689730728,37.92484078860797
38.529507171304395,75.4201528607901,28.412729429617542,1003.8620168421043,19.93076707784189
1.4893158599938838,26.655389588593124,66.49761738465185,1010.7558078997503,40.794900470660224
27.79102410598827,80.0724096936208,23.71286058979644,1011.4246630809849,20.47658755192343
1.6069531601717368,9.101698620979548,32.49353022037386,1000.3757083369279,37.964131393685584
15.343593638941112,59.51699113317924,67.90989099289061,1011.3448785337447,34.09483960539976
4.8147890105745,86.30008727773163,44.608535727955996,1020.3785235174407,32.37583270655346
45.579551417555386,7.929716943276432,40.99799909970764,1008.0783627905168,25.622715878294745
31.413018326942705,63.48877302115816,96.46709536555628,1007.0808418185335,36.39238276766171
33.4255308437082,51.161675174622424,49.27244983110184,1028.094969478969,27.069011111098174
42.556421214553104,33.194113462950384,65.17931761806452,1025.4102816925774,28.868443918227815
36.65162376312278,10.067453772090362,62.7399017022295,1005.3442971905636,31.688784151317275
6.209778807367966,67.64852962834645,24.96147385103867,1039.7608005227066,31.42947337680529
30.876916662977877,30.937796431046216,73.94205906884025,983.9882592420521,32.94042741884283
48.908536519648536,33.89190355925496,61.03210557366977,999.559744214423,24.844986817227227
10.705794546335706,71.75927352160822,50.513369343860916,982.2098302660004,29.740056711381882
30.985696555957524,94.53535638956451,25.281345285300834,1030.3681629433177,20.964238825682624
28.18071570606661,33.36374444859064,43.44111879893716,1025.3378135780722,30.6221448164127
19.582302289740518,74.67330738389172,90.72763006447994,1021.0205961188233,35.77025651813563
47.731769183284406,95.66090274517296,33.89690986459753,992.8683333939255,15.581038611578824
17.820019280750316,9.782695024370458,37.54669118012967,1022.4631308999211,34.177777839461534
4.684022134311422,52.92019492445855,36.423522485581714,1001.3187054478843,34.31018950568856
48.12714918970653,1.116433503573,91.26438554054668,1032.114170108758,34.4211018813603
36.46101034077157,82.5178030801832,75.99963861746615,991.970098693633,27.91379382830315
17.122493780911434,28.68907013672135,90.54744504438416,993.070445724227,40.07882326619659
14.025581254485708,33.2767493717215,93.09971999014665,1037.6351774206973,41.78698535531153
46.40133323050299,68.72869382480532,94.23740281279117,1011.0212088655796,28.67362001002004
13.677498798009752,78.91798142866566,58.85724902672357,1006.7831443897988,33.10094343665512
26.85788363481506,39.99902511962284,58.09790808468503,1001.1049222326149,32.59625865964284
10.747753560324485,66.55200674736189,86.31382722054134,1029.8727512483447,38.35676557001339
49.76073069575912,95.63544113988996,46.55413393215839,1001.1624528568456,16.880874293023307
38.475429313583454,88.69022954918664,21.776890361593892,1001.3694182381745,16.413951670608288
28.381747007685533,70.12941088643998,46.52381736122564,987.4000490434261,26.63118507079147
37.29132245914056,94.30638893103684,77.30802643242752,1011.243583063115,24.159238563826236
45.81839833004106,87.59380483359963,29.88912412896554,1035.4249994609966,19.13218764306211
48.15620972102945,72.9009072995574,82.78246863191275,1037.4523537615196,27.012596070482413
39.30094422127293,91.72477590531716,85.23794539569992,1039.7309325176304,26.611588620805787
42.45329841666132,81.7390464212095,28.072989282747407,1008.3842323185344,19.439631116079546
19.889696229319853,50.22540984108744,27.827142915954546,1026.4968850030164,29.002740627756822
19.591149758648317,50.228190317745415,35.904971722636034,1013.152083937123,29.95631452828955
40.41483263718461,0.8790790409811788,48.511151460335896,1012.8774647752996,29.79493865231906
37.981256943153866,3.02497340369281,62.61868548772974,1028.3744546428684,33.556073193559094
45.049085181053215,74.62275949700789,58.84335984432859,1030.1214787218332,21.775154953252716
6.650484708165372,55.476890014970635,88.25347897536426,981.1875952649845,40.12179259602937
34.54065593460997,76.09581197330711,31.378558966141597,1036.5673912543323,21.52647790577746
32.382411690415694,94.96628191982626,75.80581777588554,1029.3790118963773,27.199046325923245
39.92599201767667,45.2530655566491,63.91092681747174,1023.2665258577025,27.59995035426629
1.2276192453256063,8.844560092009646,78.94598585297776,1031.1219423632742,45.3138940706175
41.31262228328762,62.65594423209851,47.3557141463283,1012.2357954781525,24.71713781599806
16.32133266392744,9.973381238064217,57.71037029823023,1026.3958112793853,36.597865181364526
34.3561065510036,62.13029911345133,22.287439134885396,1015.9189402553726,22.290295332211663
30.82797857865017,52.773884392255844,29.288472726158368,1012.5758434390409,23.728316643432706
22.009916041476075,71.22171043044446,49.99964895694654,992.6964633392305,29.690234579203004
37.301376694593124,35.09595571143998,58.5003792892097,1030.8449017780986,29.85974707738875
48.06094652077553,14.386180097816926,26.859751445145044,1033.0322609969714,22.168016098229046
16.17374899609414,23.621049564735685,85.99905993018446,1038.2715574672582,41.52572790243003
37.421794158458184,68.3634349344305,95.68418898668655,987.226319956137,30.07840868919771
15.726852242175775,47.816558225283835,67.71179822772815,997.4944516678341,35.57382486127217
42.28265701580412,54.08174807961586,24.272153697337096,1021.1243407737169,19.38191264629823
21.863658294471342,32.29984224109136,79.10609793902489,1031.3137609712198,38.6740687804586
22.463286703060213,83.67021681835911,37.37309698285404,1025.0782505202656,23.744112332720608
38.594029056824255,99.94550795994208,78.69213536822103,1007.3355259749094,24.310197018523464
24.80848497385397,31.220610829454355,54.74768121073038,1023.5586439319753,31.776740074703582
13.332230897044772,71.86516117238493,24.274132499583885,984.327494389846,27.260738087976872
49.77684668347124,17.11002442038484,42.29991513249288,1019.7523068450952,24.343462591245633
31.011269645751216,74.24319361894408,54.1623968099421,980.4807716785504,25.561875067119644
32.25747783741143,43.08513710339968,78.9000273314762,982.8529262441903,31.604773803541036
32.32909589188788,60.53056902774968,30.645542546402424,1025.4377334883582,22.725356324084373
44.16795330435322,23.75606310279147,42.96013418624004,1008.6576227305179,25.502638235694004
9.19360028259017,85.16567352344215,26.682982472308634,983.5730590452267,25.83636522350912
2.957575258726836,17.333530792866046,69.26455903755797,1008.9116716560206,40.85525421467454
19.335025592248023,92.86054407369029,57.941719914223825,983.7652598282319,28.645920907425328
28.245259025423408,6.124836760691754,94.32039562984309,1000.7619345927022,38.578170554622766
14.285481058820492,28.798154939381646,79.24424025387326,989.442356331868,40.7071356442404
34.46035022456049,56.29454976697604,82.23098900487686,993.1623479235135,32.38800007977066
3.6957989468641426,85.84685836933077,33.151406028540066,991.7363362509868,30.739703855454845
39.53547355417387,57.70248567296401,41.329801641015194,1002.3060754973416,22.21891394301167
35.90430098494986,21.61136904524715,61.051163470875416,986.4744990039903,32.81634345816866
10.697239358707888,85.903338647958,21.078760070721756,1011.6641869964011,23.98314850805253
14.922711930306892,59.61621107717336,89.61025148820285,1004.4260608252257,36.948623840409276
40.350102241927026,23.2346969782362,82.21923055950808,1030.391902605204,34.08544139202634
38.66689215090539,56.184356195628915,24.63517481561727,1029.5555055362283,22.56257820251857
40.68830786669631,67.52992616735158,87.92271295784892,1029.4566669344433,28.83291441561677
16.11214224459064,68.05274551095913,20.35904918545265,1008.1783565680837,25.53285599334451
48.4785591736664,72.4004608928178,29.13754548305502,997.4473165265756,17.06057400574091
35.76691146869856,89.57380380882569,24.429164236615215,1004.9240764459801,18.728424087319667
3.2600393698377363,82.48220492070207,58.3327945472566,1021.2423043210825,34.21909038630304
23.886742700547202,60.76970017489703,82.72398239351155,1011.7871813889449,35.79934376050478
33.227352273630125,3.2165405444817052,34.2831329470792,1017.4582463040878,29.258143976180452
8.432509617351268,74.95223685342168,81.71891689086607,1021.6230643169639,38.87178949496164
45.08844633299205,97.49594226491787,34.79398257284943,1035.1017976965538,17.790936387327207
37.70543505752166,30.55666211570228,99.2429071630131,1036.63854997699,37.01109976143978
4.071588386658448,60.689861686732904,88.27796274400492,1030.4281999108407,39.80488395491521
45.65990541229334,76.86666091187358,78.97494190584696,983.9036897906599,25.9076685398107
20.21848400547285,63.908897945823306,67.33507384732334,1038.7601002787187,34.1516311125366
22.623473878419155,92.25488940209956,39.403855755062985,1022.2178435702165,24.41637232522254
39.15540802133447,47.333995966876905,29.541409758582418,1021.6035289475627,23.971197915608453
32.19988417000942,53.18467762560807,56.82454016038862,981.386358932562,26.43306279984837
21.87643476227729,3.8243390366905716,52.21282033909255,1008.7639952777182,35.32721037201261
12.98123288273279,90.02213121988383,73.95847384213224,1017.5899813709398,34.456088110350755
25.844786598491233,26.228281187544923,33.60718010720913,996.7105642310243,29.157050931077624
28.958987369019606,97.84210742942676,64.97027736272963,984.9944019673065,25.44929155246977
31.546617383630128,20.210636204159528,75.46801713202589,1011.9466916675009,36.218646129680046
30.253162479278956,25.34556784257077,43.91730069652884,1006.7776734947125,27.899155055866025
30.865174815149615,48.46256340867168,82.40114168655705,982.6448194483149,32.4696130241688
23.78687974802649,66.0500076769755,54.54742988170419,1011.1650857954913,29.33831663474806
28.094391949960762,44.06646077585496,33.01048767021601,986.4630102073162,25.78912838525552
14.43190923478478,35.18165315787595,35.58160375744798,1005.4730465316437,33.71311157896526
7.9187457642219625,54.00869777440598,42.311872952270605,996.2247746143254,32.32471588512394
30.346784292621333,95.82983180441018,32.65010154893212,1038.2282486826675,20.817533555008335
2.3499345938484293,96.19519962271737,65.0335653389301,982.0839942126631,31.339965272627662
3.2603481776913856,32.80447885783947,95.93129393561357,1013.6013941654583,46.25391910089913
12.36579980939832,68.01586410404389,91.6858463387048,989.1152193263574,37.434534299668066
9.7163506271568,72.19122969915212,45.90031871867524,999.1576466942756,31.146611860316398
18.705656572064544,65.34171282613563,89.17354573844713,991.0340582918476,35.57762690402729
18.564440638898606,11.301025422563725,96.32183691600423,1039.7088127827412,44.4762754517224
5.842772787464106,53.94756516697553,43.53337122664938,981.9417240267925,35.37411377075806
12.325150475490322,76.32516076153564,92.42279039744814,1012.48138754844,35.79052568112522
0.2284584809642165,20.080955648223664,99.79432514726999,1016.4825628795032,47.499245849195226
17.548190512275948,34.8208830387485,83.81374475982727,1026.3300737417333,37.95695371171465
39.82175887815928,20.380043899208143,51.21786559833239,1017.5590109799074,28.5656642808023
13.307999424738497,88.69285544558353,68.68332836753808,993.8808144070238,31.967371244719192
32.16740730227073,85.85316160539698,49.13493193085026,1015.8823329798115,22.473661082622556
4.9127589386021135,16.920312032581986,99.67690266829973,1038.498012600522,47.664301725208254
0.6142335880477245,76.0550234784524,25.428259016368422,1030.9071061162856,30.93342454635257
24.919826102318986,36.397606785268934,91.44642600557223,1007.2098268313122,38.265940137892706
23.07420380810402,68.61709837780566,25.96385065939776,1008.6444930664265,25.05379449861754
9.575959920675531,49.336814607030554,23.375825825922718,987.9745038573401,28.483182020461093
14.329247818401441,47.197893445982416,95.1951613226837,1014.1955073701578,40.89925762895976
1.5335703464662231,88.12848123768285,89.38255499642332,996.8146035797871,37.47069369122225
39.889993829738394,63.69642655748765,48.924939622623924,986.4868553254819,22.240349992386314
15.064134816902502,23.576794276526524,96.60257506543867,1008.4525643248554,42.20573403779039
10.972820971361486,11.075895768237377,88.94855021308831,982.7042770413298,43.051831900942325
40.23288505337953,93.34068430113723,92.1586300604377,987.2079046057934,25.150549561743205
1.9636849887289198,15.338595153822887,67.60923890068995,993.1426391524371,42.47347464229596
14.226290853938261,73.40764719258533,96.66628289740858,1039.4380770127518,38.331055969141566
13.137623096945406,49.58495171328179,84.76657661908322,1028.5088960162175,38.99726368842392
13.148630724160071,14.006538274233959,95.1962288349649,1012.5055001819392,42.23633335026725
0.5747879576106452,77.66556075902884,42.52087483312284,993.9539230538844,33.20212496919871
46.733585949375666,90.44845361527675,62.56780538664174,1011.1351933309883,21.90247953645482
43.20725995037213,12.1506607463148,89.413026331894,1018.9398251646843,33.00691052366217
20.72465284442292,6.708882808030692,66.37832326933615,980.2738350213527,36.33838623570988
22.271746765470173,84.9849951313571,84.0878688040529,1039.2736162448966,33.74596996415112
26.207712257698727,50.09534389530973,97.8477574098758,1017.6068600316851,38.47742901049885
23.915793633329613,67.45352570270431,84.36502672907895,1039.2947884740736,34.094188610690516
38.95668456662697,44.14803372425563,45.22876964893416,1008.143947585888,25.135812660916123
24.42099643348871,41.24282564345428,29.495951169136596,1017.4104410337364,28.26024147350097
9.441233526012411,29.96591352220944,41.81974606249766,1007.6876445331063,36.694095167825665
5.848594339622576,56.29281557362577,73.02328972795932,980.5690185666357,37.07098048593684
45.91357166724731,15.980790770576014,20.875548905185816,1030.9935029657179,22.635025698967027
2.4191329594482838,71.72307697285149,35.17749816766668,1006.9400966301436,31.747104498665617
44.87802717226204,54.942974925990406,46.152211611564795,1008.2561715156065,21.45354751820226
34.523959608379386,84.75208460416788,90.01799549025394,1001.5978483611757,30.295047615833056
20.2352343059369,92.10141107641304,24.08033187099595,1005.9593880523406,23.45166366922531
9.358922433918849,90.05867636985441,23.994892785910142,1023.5330429981021,24.97907544306835
15.524110567351112,60.12309146142226,64.14260386954481,1022.0374688815499,34.12124663232823
26.493684937572077,31.873430509885882,34.221300176455614,1028.5027373405878,30.97005498702688
32.84254718442916,35.71696410635779,39.377214412712334,1038.4800241505795,28.267132028559626
34.573621247886365,65.25360642594214,34.73888807834782,1003.4699139513775,24.726774477747202
22.36468558649251,71.19671012062302,66.52857100775438,1000.3375710717514,30.336821218457946
18.69870466984349,16.128553504965392,24.44381996853356,1009.6115038866033,32.342521889941025
38.415874549706594,99.79493367128713,95.20000229036461,989.2633737486578,28.615937516117558
46.27067186462661,10.750309901605581,29.851070833026263,1025.4817767217176,24.698333608625884
45.72325053279177,60.70922373104439,96.12764017296911,1014.8682755055879,29.257475635201533
27.58103855974668,53.10236942968242,82.25032243714108,992.6804435802175,34.44658915994704
3.9510158792771923,59.0988177868637,86.24127089808897,1031.8421031203375,41.75791747763343
3.664490579350127,53.37648634793059,33.82465875884812,1017.1437510433822,34.673581947736714
20.137784736803777,5.791012287580443,73.57176695636733,982.0423592195234,39.209274607093526
36.6426757446303,99.59254190949544,85.36577210371651,991.7910133229552,26.34897377369303
24.867201740705173,98.12770411485234,64.6428432040305,1033.4656092315563,27.74406508116318
31.36811520841723,52.43519465342668,64.08597663235145,1002.862733384699,29.40141013832762
42.16595324767587,20.834889715875704,32.75306692006836,1039.061095143655,26.101178432012738
2.01677918434216,18.29420892461847,53.1385999682853,1011.7851372176564,40.33471281502207
46.19082917158309,5.704853219283724,32.04319681013068,992.4749088153485,25.221609653673337
16.54486951862551,61.1858955014694,97.8286206968215,1015.6336735913933,37.85221647058708
2.3393678740205424,47.8236550243048,74.78800069043679,986.1410563108205,39.34520835700599
41.77142680722427,41.63117836272774,23.87375405846913,1028.4508830500038,22.779684102906476
46.70770129785923,52.52133411377437,58.141433073070495,1017.670412546077,24.938652941195734
38.43110059356853,87.28529267591081,71.037132002715,1037.8367971876971,25.46449337775715
40.22577216152449,7.071865131255539,27.651230466511816,1021.4064674415498,27.91778966073314
43.56541767960182,54.40892675169238,73.19908602639022,982.9490213399295,26.047249149443534
26.118176571078617,70.1016894983179,34.1844196656886,1008.585694432114,25.63109083333024
34.02314399231772,97.06888162170495,52.63035238881703,1011.8786145433625,23.416004462624837
14.322579095833365,73.96921534667567,70.04432442173626,1035.0065579487245,34.30656897101334
12.48502574655444,54.811454321289965,49.20432968428712,1005.9480074933981,34.279141381908566
30.447132331793863,76.67687218700686,50.47073579633082,1015.6108143659155,27.448265433279825
36.73038831685078,99.70582272908413,87.48922398117371,991.1573662814224,25.546045091080607
19.85702788861165,88.87343561148184,44.74118733361205,994.6775684475996,24.225180216073912
20.014554021548054,8.909628197507956,72.4155459139057,1012.9152058711029,38.47612265828143
47.711678397990006,57.48279503760868,87.93221281975848,1021.8190738260928,27.32149498572854
25.923019688622713,78.6474155710988,32.21193462410604,1006.1276420552595,23.61559662389221
49.314213790635094,67.18754825578105,23.674238320200747,1005.9601138829296,18.716843271571385
43.14213333330061,41.69678628017513,86.0427235024522,995.3596572223861,33.13787031331785
31.98288253007182,32.244437432108356,64.09046333033469,1021.8878459372954,31.02384219689183
0.4567796463212592,62.70049345951675,86.21610391231309,980.3283725426473,41.096159276802204
14.79625808340611,41.23687258159363,37.04285071920764,1010.7661184184868,32.15089109449666
20.88218922231013,39.19975320703926,86.61057783347084,980.2138853018992,37.49698837140393
32.64074548675926,83.67418266405451,27.62483311318394,1015.6080745895289,19.66576453356661
19.77615365444726,31.565542318528728,90.65624273185388,981.8543894954803,40.1219174730392
41.39119425209519,64.49239370431164,85.80269303086293,1036.4040247938583,30.373833326798255
33.14526357684496,87.34334380129395,65.38677863572633,1008.6772257332709,25.563610154645584
17.358004263280364,62.17719139604743,68.66719143992799,1021.041363882728,35.266546668443254
39.22170236716104,49.27873723156316,47.66753574064936,1031.2159084739055,24.378175690675572
15.154515718491629,3.530270416096626,36.12929234881028,994.1253268486796,33.449250148676626
3.1393303618294457,68.15725543746704,56.435047377194145,1012.4032341280798,35.960642973612536
8.627814319858423,99.75260272829986,72.59616918328197,1031.8069750544537,34.133206684845106
0.13702463863959902,80.84305533062727,99.87718879157303,1012.2664164805539,41.67767203196767
41.61751401222615,63.44661863543918,85.38024527215521,1003.5663497722759,29.89579871650254
31.355424795478886,46.91445020504684,54.74462693283044,1002.1321884568217,28.23877534560256
28.528465537660875,22.432419711561135,79.45982822895968,1003.046501605535,37.12250421616749
33.10241272770816,69.21091988220286,28.643800215107895,1016.9258773000694,23.311367810114046
32.679916250078314,17.730191751205858,53.202883756367,982.7396687310699,32.66107838878911
28.274997042784744,88.70484506316244,53.99396656342047,1004.9229724749323,23.811655714096016
42.12050228343343,35.398858724969486,99.90590489705924,1013.6353477248092,33.33621450563034
22.04735050181602,39.97964094526702,51.2811971154153,1027.1828472460193,31.4574666731213
40.24047235488616,21.604160987956444,26.66252823198117,1011.7996247364777,25.519769145038822
39.331684234112174,48.16623514049464,25.37823611327397,1035.5703641068692,24.21504688592319
9.975241792717803,68.04544901522735,75.87075079451907,1006.6263795422234,36.083987898579764
22.68816898074128,30.277917023844157,43.12744716771277,1019.0476490693811,32.35522427055488
41.74661119809304,70.18375945754056,89.51307581257377,981.0548667676514,29.689318394666397
41.542759593124146,62.05822140187163,58.63581549228967,994.3068840434306,25.07909537688755
1.2003281103917518,37.238827382799165,46.42979076832576,1028.9274407839155,38.90049377251309
11.152506121479355,31.280421122659952,80.7291599803097,1015.1729033093061,38.69578727419608
21.19371983270608,86.13293528891569,53.4026009182266,1036.7703836618366,30.080234222026817
2.357717666705467,1.193500904302136,78.99066619807684,1025.1725862389771,45.966619884479314
13.031231144734685,71.59057119531629,77.12735448143077,1006.9798314950174,38.05002521274329
12.91499194408786,41.72538656358788,77.8569151153098,1026.722676084701,38.055116762191695
10.728419099374348,71.76917722618246,88.5697497829497,1008.0672068974407,38.26593364437251
19.832948934090293,50.751302334714545,87.87195180021104,999.8101322852957,37.717528805173714
40.65053869588221,8.386063736899985,73.16866002927662,982.8257643189779,29.83651276759095
12.20568206202895,98.20523494127193,96.55694975458505,1031.9374018291924,38.15746363940424
29.103365599563297,8.604554142024067,21.658199119156826,1005.1365041533667,29.243094491172663
27.87890301414816,15.843484806572972,94.43383287492139,1021.1102171014653,37.88481428828686
40.89620414520829,42.03352805120755,31.860273626672722,989.1835691178591,23.200244912099745
19.699970276642425,94.46233848195496,36.931445495327736,1029.737741417105,25.88220386190343
11.17843090672595,29.307223657478886,85.39192392143083,1029.4520267623213,41.71921728877746
44.57603244923961,56.86621405910818,52.03483861408677,1008.9288557749876,23.068318325276937
41.64735315433907,52.14364527087449,54.02483537821162,1020.3286824864612,25.4737067212676
31.075183980362254,33.01475212747018,40.8981568887224,1011.2872305129687,29.33776925438685
4.661968806172023,69.63324338984262,37.95529559323523,1013.1359583241424,33.15497683838773
0.8058914606617118,50.146233070593816,28.499236385999893,1033.3280940313252,34.4335438197258
9.131231057066469,57.8286627785692,35.74169763700942,1038.0149438804365,32.56796923979889
9.831927921825223,21.015542128385945,65.33970779574665,1002.0499365861999,39.40378419787234
6.812370874404222,92.65490605864348,76.5287105779294,999.9039875746261,33.935208800241185
13.109068565085163,11.057105083928187,79.10714210468629,998.2284461647704,41.4749228036831
16.89442806281806,69.02692299255484,49.60985564320336,1026.24552762855,30.000787881613753
37.72191998530947,88.58961105845178,93.756382105371,1023.3738475778366,28.09986276727877
35.47610693180831,8.402065142553926,46.298244531775325,982.6280045629555,27.43521712654883
5.218966084699761,2.875202369020302,28.890931471878936,985.3064534423454,36.51772322452417
48.85534867668876,33.3153745157454,95.6178215209703,1018.7722940183883,32.255449522935706
37.60696270851421,78.99479332673502,63.254171299822914,996.4975174534358,26.19962585204568
8.171662971000703,71.73665175038394,97.71009776926118,985.494818963897,39.92742667765233
6.224828546498118,82.215708544874,51.49332425464857,1004.819822708155,31.175864879869035
4.377344313025805,39.749854503833326,80.59146267221999,1032.6489697557495,42.03879695213566
36.58943333294712,99.37590183324704,28.794938138765787,1001.9787070108083,17.029509013610962
11.814328023616438,36.61061050203066,88.32633052745739,1021.737802327003,43.12775840769658
3.6483997591610473,80.53832013619835,33.65598443609039,1034.034492174568,30.933475875873224
21.091380471407,35.08064220451441,25.49432583262781,990.1587848806341,28.037561027965733
35.434921570020364,21.844377139286397,27.820261740253134,1016.5821039105152,27.35260987770948
15.22782079230769,33.66690730617692,64.59004743010743,1034.4595545246723,37.14356619962509
24.132278620899093,19.26777644828539,43.349883244991105,991.6047856633468,32.97975801904406
9.633748409502108,12.911060657718876,96.87634584604571,1039.3227568273023,44.753548854721814
21.4574260435626,36.39639073836302,88.21412739296457,1001.9050117908148,38.02237300454843
17.947111571256546,14.679418548352775,84.26461982618022,993.0515486122645,40.89592575077585
21.69592075937526,50.232878153541705,84.77107730093533,1030.2691670889978,33.91108625095643
23.28557994239553,3.5412226190912333,91.2541862227621,1008.0745391192788,40.56716830571777
4.614942085446083,43.132775813901056,89.21680879650962,1020.2406907673021,42.215746513877896
4.66841761352566,95.8005521403658,94.25660504847461,1009.3764328445332,38.14067375246377
13.030529192745565,35.884491206045546,94.74930583853629,1018.6116678762611,41.51688244979569
5.787917705794099,13.764133264889312,43.86570604464338,982.122128899814,38.14556605495718
12.639215682371468,30.51967303640112,37.565133578928396,1001.010813591949,33.31677632741579
1.227199179193017,79.127791333323,71.44785049217533,1019.4387115581225,38.71242403739264
17.536970537613584,31.36590958885659,29.866497194031602,1001.0468349227183,32.953940526104425
10.670509977168324,38.34959369485659,36.8916090986024,1026.5452772056576,32.26797503965035
44.607317493892985,78.87865165251648,81.8365337881796,1037.6530705358998,26.523173256851724
42.907879739777535,26.05604941578892,71.94683422064983,982.2446868713332,30.785290997200324
15.020941996685778,47.82906803977334,72.06815642306526,1031.3190893147028,36.18449156365641
23.774255725884696,6.3168386330461175,96.05107969487734,990.1438410498058,41.466421665183205
47.78960527058509,17.407058230929174,73.40995690982275,1035.0402256528737,29.99488695070408
26.204818681941926,20.944730886365047,54.464571831631616,1036.807564765907,32.686490912018044
42.421663518399946,46.35815963552277,42.42659472375445,1014.1507762770319,23.00792603212835
41.31873884065109,82.09803799166909,47.084430580321154,1008.7407272892867,18.901112790573016
47.06444860488567,35.451016089112905,42.22507871869382,1025.5099937185462,24.085522591552987
15.285032157949836,38.04877578870467,22.799045206456874,1035.0812907116638,30.702915113138076
2.172283812351722,30.100526520334835,40.925921782618424,993.9467643237393,36.14424856281931
5.1976866873277405,32.049105473189464,86.82960543696302,1002.9464865082115,42.77932881630286
28.56487594559716,40.35044003759999,78.25831942218397,1005.0521596942929,32.53303923828571
26.51389860803764,89.94032838298978,69.74705991101038,1030.7492748328832,29.40137427260438
14.922651658702268,2.437613063350541,92.17642929243085,988.2150212602576,43.20961689687591
12.435664869966285,62.45853297105947,41.13000336461884,1017.3826509353717,32.051190859032296
35.46907148064738,88.76829050232833,66.21475526302719,1001.0564782122699,24.85367146559878
17.02514360012965,41.696008961446395,22.506113948804256,1033.1308475212595,28.51369021710879
30.19758929664024,65.09136091701927,91.3605236369121,1000.3874527071423,32.34749535170739
35.61467932541385,58.57145797054453,55.81895569213156,1038.676777089606,28.852930475402424
21.523268864990552,33.86314955068123,34.22971439449889,980.9379265408338,31.745992903942838
9.670313273828052,13.741784684439528,39.14532941642066,994.3732173618008,34.71696478096022
43.039008052690036,21.96172214644301,87.8591262663718,1007.4392547946038,33.8654982042874
4.676547462439901,5.744513409935392,28.704493063822714,995.3794749790518,35.86758035995699
41.47353414618832,76.47274535011184,94.016219522245,1024.2436106684238,28.478086649865006
41.83397880738011,53.28071473808441,49.877012463319794,1028.8730881441452,25.12972881886733
28.54996326093745,78.56335736137513,40.08682118898808,1021.8504796725348,25.258047000672477
31.47380257118143,29.019666118679478,46.54869549958551,1038.2239089985364,29.41447326946371
17.900853054220462,80.4672139410792,52.71865758571474,1007.3622800921615,29.988215460736985
42.07921110632112,30.92043838908962,63.849050312162554,1038.7861877226114,30.56149720066173
13.18518427806945,12.133395042358586,66.94459954317638,987.476637826994,40.09080423730703
27.98880318390573,53.381072860578215,55.82554200690957,1030.756679255181,29.027991394513272
0.08974177300276609,94.52955582084115,55.70911263210068,982.3064773314674,32.8179218630908
46.992155296092605,41.43940490320224,42.82398286462944,1011.9149939857017,24.035555716403167
47.414826210503705,51.538865388551756,50.70478077946788,1009.0682967726236,24.70013885632339
35.52083425735322,45.12894118808573,57.371067020756854,1031.3779770039364,27.533129033708594
21.16199159282909,45.743480150983196,67.80704188500506,1022.0439464137388,34.73175160848774
8.930555068582146,21.435529824735966,30.455990320434907,1006.4633912147995,35.349245656059885
24.623144302016875,42.24823708122414,81.11790356979444,1033.740293240882,34.57422019911008
39.57052361736186,49.69009703698188,74.44569845598915,1033.1521638295112,30.74861271179297
30.2636810922013,74.48584719919083,43.901427982687586,981.4839099996857,26.542059068737842
26.374828572537933,13.983183200329696,56.74751538072495,1032.2611147534017,35.250410617354405
42.47221066633403,57.16139178599708,95.75431850634227,1011.595121399041,31.44293771044515
15.65669679546855,66.21931236280534,21.638190571218743,1030.3376499598687,26.52230384209645
42.99819851206569,38.27926563533938,84.90812787710942,990.8794157627703,30.076074813759963
21.972670136914047,54.91643727984491,60.93797639988254,989.0657311627551,30.931330404608453
0.12069156704948014,71.07420515856307,69.50499935633749,1023.3321887421771,37.60434538886416
36.59710038500343,46.51012111614023,74.76260481738099,996.5214617114057,30.012534483588947
43.89216923225972,33.33509206915637,56.481615145682554,1013.5304330903159,27.290887071172122
24.21804195096357,82.47032224754572,35.3487681521766,1021.328932327666,24.098853273816403
22.737393457755275,98.88168812075658,92.76724519579813,1016.6244505383771,31.93078765499576
40.27242127654929,21.6635552794626,79.21526049198263,1021.9379284046458,33.131906321399214
44.23873734780672,88.93947473737018,64.76717586165181,1017.221436966503,20.517172183935845
48.721005289488986,54.54288641168014,55.876511146066804,1002.7476818698856,24.055113242096724
17.282514556029575,44.79232624573978,59.94653026846783,985.4296649403627,33.989628011506824
29.734438336749232,89.3163141112903,85.8830566424371,1031.320708877396,30.623614879938298
41.14591724356501,91.03388659298052,21.000272548878883,1030.7604931932867,18.214442399877274
26.592596176177004,27.265675744909522,89.22679952683768,980.3407437521082,37.96463316987774
23.092666659634148,35.837227155168826,23.740157850984946,1030.451929857201,29.005822760194377
28.596604059586827,85.192424165716,69.27304531730306,989.0593283644812,28.093559880845234
17.84334996336508,49.08245302366804,46.64980579869357,999.9717561838362,31.465885519546944
9.60380470483106,28.802869431122712,74.25890235006551,1004.800918502189,39.632528130531846
3.3315556704942573,96.21759240916036,26.84343327439703,1020.7778509326923,27.600081173767624
30.49903822235967,21.70380830796079,64.49860363299592,985.5449291163831,33.19291696246302
18.956718074099715,61.033721098718864,88.41873739945528,1029.5987353528076,37.19850021971166
44.14765016263848,42.791642020411736,59.57102879763963,1036.5648671772203,27.024636278856235
11.147958955117199,45.13015498515466,26.747728148098933,1037.1617521178805,30.29398930452148
15.53558250044561,10.59881717390978,22.990273980406055,985.510280091137,29.522979666376987
48.52531181134548,25.713830538068315,69.69610790481644,1035.1628152142148,28.824292887727317
27.814560235751216,16.699709289205188,25.562446089931292,1014.0697338224904,27.007520773708386
17.337652142465878,74.96248699812288,25.703109768649313,1023.6157137550013,26.688146866418816
43.0447161904247,69.77443990086756,54.03516048085828,1035.8358023899548,25.619773195231204
37.16875447676432,79.41039460352,36.760665487162534,1019.6597273954857,21.88685340610072
28.65714669579649,69.92628797967366,36.33567152853681,1007.404366740758,24.312136665677617
44.45498454527147,12.871040775868659,58.47809719565359,1011.5067100021772,28.072414330761617
4.698076220380698,97.85919802425558,42.4641381857142,1021.0702087423488,29.75900091294104
19.724697176495425,18.85168044870308,37.541319536926764,1036.681934075352,33.26535728521486
40.52750519128616,35.04496684952999,61.153159063156,1033.3885218837445,29.99091228524185
19.29714969948308,70.68772623138727,43.27069913911717,1014.6240353189595,28.805416361746843
46.33682633808741,14.04489282210436,26.417634825311154,992.6606161446759,22.958602609000124
7.62605640239224,17.05062049977536,74.61912564856497,1000.8037474810775,42.62912859297375
16.831865311663602,87.65751441013153,66.84864164296755,1001.7084498955957,32.462201861254506
21.28712810746566,33.201495003844904,36.96937112735444,997.3504420391196,30.83966487724612
34.34810431349824,66.55842454847365,66.5797119558298,1024.8047350460997,28.454006598639864
9.767474104609192,85.87484918284508,96.44717287787766,1030.15925609768,36.63258069895251
0.49319176899443873,97.32007289918236,96.51828405738432,999.1898536505896,37.95978621888358
48.8254657093613,21.028569085081493,62.55539282596216,1030.7675591928946,26.498346521540977
44.937854944792534,12.292811256599457,27.84237728263287,1024.0662444727795,24.495761716798558
15.011104269387904,74.07369458228516,56.65484229652654,1006.4669887780723,30.623077994851663
24.174041994004998,18.820182544990615,22.15867069213057,1021.9197817946533,28.87191899654663
24.44601051935184,58.019020269051204,53.21610239801193,1026.1602986770567,29.263442634060333
43.46127778131311,53.26451672946754,92.75350680298097,1013.6618662561912,29.803252809813834
29.853007057332736,55.992330023876036,57.39549525924882,1006.5868033565883,27.07179536004202
41.3215511378935,64.97928403386729,64.03899045113769,986.1028668153169,25.393505248471595
45.59970756725246,85.08920760207518,32.64292020198528,980.0821802671688,17.74940266539089
28.297656585629888,27.18180824159925,21.25205217857146,1036.2350786349584,27.514746260380214
14.274123386935289,55.52433380636993,99.47071910124599,996.0490867466899,40.111799587254346
24.935390292148952,33.66850259351597,47.060582079693276,1019.779041235009,31.81228027256752
42.54348043620921,31.87340434972149,42.34799859964124,1036.6016695100782,26.29903648751201
29.18095871991278,2.0419550030299494,65.70253225790962,1029.0974767027449,37.06535706847169
44.78609533670804,59.94024429931413,79.62548264177747,987.3549682549625,28.191777834675317
44.771800464099066,97.2505559791269,40.11262383976,1028.1147470267206,19.740928308972542
18.667981002316903,76.12563289309122,61.92990799108597,1023.5835859385608,29.362440692442686
22.40569477980391,24.279362964236583,46.61085004282483,999.763826161234,33.044430600336
33.89568801204848,71.6124820807713,58.477240614640294,1021.3761079010403,25.399083125357354
5.553222760649495,29.730546169417103,32.90479310185841,1029.5532335389908,37.03391708121767
23.2778608719378,75.36493514943048,60.80946239021159,997.4853145321835,29.35733189475083
7.469272257156967,85.49323644102398,23.78776021865616,1032.1417564808478,28.437225777379144
42.39780920631832,33.43294537838503,87.1997867019359,984.7288630438445,31.569126842609705
47.13922153838279,0.21867961329151697,70.21277172996238,1011.6472672538754,31.5516032307425
7.077443776572928,30.50174712393051,95.31923446784023,993.993179387633,45.39169594080171
33.36707126979447,20.585637832238646,67.97855315563429,1023.6806296721046,34.581350919980686
31.82716145492574,61.86145811131679,34.57328673859504,990.4919594856982,25.606005274084353
38.0037400517331,29.007288348813766,58.72406077737547,1000.4872273503247,29.061806696189795
34.78898264360332,3.6046298130815946,73.17563414593302,987.6431454076828,32.547319776724315
10.856451765769826,53.13345789728968,49.93786732122231,1028.7148843373307,34.98199133456472
14.56063271226608,87.4685675009215,64.21197442748638,987.9364870394747,29.899002299931894
8.261610783405299,45.133901435657734,33.01508088985593,1023.389096359264,32.806122560501215
46.05719995308371,37.629747080090596,82.16993267350777,1022.433813077434,29.871903641444312
26.09117325594923,17.85162963706688,92.76239751488433,988.542103229696,38.814713472591606
48.80805760404626,38.738225943473445,45.19012625847892,1013.9630645811037,23.925313960098915
22.466092571642115,33.091896551335786,83.46651107084469,1009.8127590987502,36.483815987808185
27.63615856213977,99.49229716405313,27.355642141912373,1015.6702741389486,21.54320302774714
39.46469609982374,3.0469505076524794,39.73635922168113,1036.2336579508124,29.0907511769061
39.86118299109835,23.884837736172326,56.94960531643425,984.8322213461211,31.234378949848026
11.55747961494667,6.8628992662681405,50.912569930360725,1029.2302238223408,37.217787132324915
14.414143306488564,85.74183115383347,69.57006287141999,1031.726447716845,33.03910455462258
4.890341877376947,41.73094014251888,65.03879967937384,987.5764454197536,39.2220026918264
40.27322507876577,79.62697545628991,26.98175880335052,1019.3663683015503,18.718720331666816
39.69307608466711,69.21540945988511,30.53555247096049,1022.1273888733485,20.35960306868214
4.062940407930182,92.80315810017868,24.136930188887263,1012.919976951092,29.44429139285361
12.871629534253682,2.376424174560754,96.20853729297536,1010.1757974975399,46.116630186431415
22.49335050480858,20.73448339559899,71.62753955876686,999.0691055675147,35.84527650544559
27.088947179145677,70.20327924182014,88.44675163352125,1021.3448951757741,31.80397672985243
26.12721095318219,58.522378602871584,63.30111059416146,997.1327994833377,31.075856284795858
49.15376438470679,69.46602499213417,35.507054982308716,1007.6013912222262,18.848130941650762
38.20627249029478,57.54797245491265,70.12807037967457,1031.442150039022,29.242310386109637
5.65939111109281,58.102121348347914,60.42711440737979,985.3724007863755,35.87228215479879
14.675118897054546,93.25740269913173,52.65538683647124,1011.7022154181352,30.002849425086
17.27136183234047,92.12922324857041,49.744422499604084,1009.16444363126,29.590992987083776
15.757403372538587,3.7996674364258354,72.00612155872483,1002.7088838852171,42.01836360349707
39.29728282376632,41.366853068890755,69.42093223957036,1015.8517815702975,28.725387821870697
18.028063269452343,51.057062175999576,32.125276643113054,980.9375901023874,31.163019654480106
24.62133595442549,35.79044771602656,85.2977643067568,1009.5481744970117,37.418361882515235
26.672708392134265,4.955841970526076,70.88729959820654,1009.1414324259056,35.632028055946336
13.521183664415403,47.22983348693566,62.864677312587496,1010.9667374985385,36.047020636497514
16.134789839015344,97.569638027323,79.91340162212512,992.7464153790281,32.21404569393101
38.99987844103666,7.221128056619142,32.29330933782541,992.4557900342566,26.894448246952702
43.33414819532228,81.66784265617054,93.57729326614263,1018.8321534957435,27.782848297128847
1.8540051353355569,19.56525690219878,41.64697637071914,985.5636503533984,38.887798330951036
30.2577280187665,57.67949435256203,41.02058984488942,998.3552913546654,26.721050240179604
31.671775588714336,38.70307038786579,85.19220410609289,1029.8489555921353,34.15729448524985
36.8654600773765,34.90082555592845,46.719296412470506,986.2258262487929,26.38684587573414
34.692338660596334,87.0413603732223,86.45665770215655,1008.0839593611606,28.183337541227047
43.871224558166084,97.34747520435883,46.240789992198906,1020.1178448676718,19.00757803425628
3.9236156125807833,38.666711942970856,64.05503871831232,988.4986616628612,39.96091906046222
19.418611926485106,64.04433727421598,38.467595422968785,998.7477718427897,29.45762091355887
39.10447240700866,55.64137494745096,78.52162964750724,1013.5253708478937,29.27898344751143
42.32900059638796,7.692160185962271,33.355288305144,999.6336712938046,27.366979163647986
13.23842191403291,4.116089165703096,91.95451888763769,986.5962666750667,44.323661580430695
29.2642022020071,77.3404928641742,49.73190643387892,993.9443817254839,25.698408106239455
9.03825077421524,39.453425460734934,57.725958531302155,986.5649207008998,38.340906003437965
42.54471749246249,30.75741440171428,21.92175150694173,1039.0133427827482,23.298488121784125
36.52150745255193,98.55827662790901,98.06319728685503,994.138916228784,28.38458502407351
11.103253949956905,8.522999823812249,85.05402558146824,1011.8332382378228,44.387193383294196
31.18865764077946,26.906255181033924,55.76071258143696,1005.7113145981036,29.940257608802682
25.466018799926925,85.68016725739312,93.62090712619411,1014.1708157849597,32.63938158250243
12.941336560814754,41.49987579612022,94.4847708658151,1009.8854667192081,41.33980217591273
44.65613007397046,58.42470986880149,62.64416973026159,1023.6297104401071,26.089281026740707
7.391964884741697,4.838217430310532,38.708063317869644,1032.3808338228912,38.733477293882835
23.372990132434136,92.0291903949599,58.96882677147623,997.1179632373801,26.02381480517532
29.13991423255024,13.691872426673546,45.98388856753411,991.016405931459,30.461796041831196
41.177282316352795,21.336609618867385,55.83885032084778,1039.060390860854,28.979182868790556
7.508995618379178,15.679621556398093,92.91136246304602,1031.964347596118,45.736904439244896
30.45873040992299,49.7500548930156,42.54676687432617,1001.8350971777769,25.74916790776421
0.32798719474261273,81.68538716376821,87.11734357483523,1033.6872083943788,41.62350432050259
41.129065711721566,26.692282099911935,94.82408433374862,1020.2327786811809,34.673228344577254
11.736622457114072,14.232044125347265,84.40422300360602,1006.2452384006443,42.86707054178706
36.04576569755219,40.99216337798299,62.18026749111014,1032.4053171167632,29.629037780682957
30.093889464740585,98.16550831953094,65.11818496962715,1020.5169631179918,24.630026635887482
2.506369147885379,1.1058078823907191,85.57079965759624,1029.587073371437,47.39568119672663
9.161500803569405,50.39979528778707,23.56006507788825,1005.0655845831382,31.33512570710496
13.387034794385949,66.936812606209,78.87439926294684,1027.9229271670292,36.266561107871766
44.33638439946885,80.67207550673615,62.30939905437137,1002.0156163516435,23.827757450556117
24.040169433631025,74.61908286222865,51.77099543427591,1024.104745190043,28.25146012758485
45.67516090526533,7.442764279741887,81.35421445462616,1006.1318325107749,33.31497023618713
2.3724950270737066,46.18704450551928,41.29977821518999,1004.3116762890647,35.58002008076198
0.3281936858058776,7.874957941035232,91.64269821716522,1027.7979769322917,48.53575759018638
47.412331035266256,61.985532184104905,75.07902226512304,987.5022068926356,26.197770686672246
36.19584533503926,7.7031549151368335,68.81244717082114,1035.6925412894357,33.06623431403194
39.16583991068264,4.841480788901054,61.849623535907924,1010.520843938371,32.641277324248925
45.790280705083916,30.602814442863714,37.02061269044072,1018.1644639244614,24.913325825445895
49.226934614924794,93.88318299570963,69.35559676244358,1004.3156895715972,23.26364238452453
4.8856083955984895,70.99965343887594,77.99311842819735,1018.752478968756,38.31952129289321
7.9145672061053,0.4025983606737005,20.935177429084746,1022.5910869885921,33.8182621010559
9.428672447690573,28.472800347489812,49.313531813376144,1032.1086401298203,35.32248410694561
40.92088293927668,1.7497895467589841,86.59712778301231,1031.2627228752444,35.01642348830729
17.777495659962376,29.43109415716726,70.5768634749426,1001.4688820024238,38.36197114703648
29.663572361646786,68.54921760219206,69.22163507390468,1016.9511722583862,31.905028357676176
42.761095600074036,75.9778671680698,38.289014809810695,1026.8346379035786,20.18747636394222
34.15799198772516,80.4107807738497,70.56709867812245,1025.891809406113,27.607677056408082
3.270769698674952,90.99900967767914,82.89200538364081,1033.4558869337338,35.18054369920524
22.28369283624117,36.579323509690894,52.14051078900094,1029.9166123718308,33.46773637076473
3.375002580364411,86.25977169558377,34.56737162744375,1023.0713555732706,30.88246949575197
23.942177234277956,72.76687291201122,26.181940663618235,1024.9313140948716,24.456546034779553
10.965135769650031,53.775584876251244,60.45565331587479,1028.4466253852906,34.74661243654767
0.06540997625484324,95.46307601990847,74.70868745199652,1030.273310639142,36.63343399502758
40.65758958960225,94.77409328583443,33.01114087438046,1001.1601417242078,16.69495281683914
48.46914222014298,89.76042809370605,53.715489996372696,1026.908644030172,18.95795166979857
48.206634088545776,20.222732207272387,65.49145673154997,1036.9525391784439,27.547881225202808
14.959259688166188,20.788674891168803,32.46867391226942,993.977803296268,31.906274326868854
41.43868050314216,90.10029517239481,41.59119624874772,982.8940975039121,18.03978235836981
33.93884507074588,39.7913150900847,68.6730708868906,984.3437774875646,31.144117296412738
40.00381951496682,79.7444260196377,78.00191524948313,993.0030908224265,25.17493266439991
42.31190241312635,68.6940619875575,70.87947234735176,1035.1874219966237,26.460388868303866
49.01393695256661,76.23567924214608,77.09073698802982,987.6077650330096,22.636061437584353
7.586481883352225,2.627383280160267,66.5203583100012,1024.856182661349,41.623755759069084
38.487301199215096,42.995711745638886,86.86663291070566,1032.0226298671344,31.472572714205896
36.707680204100214,85.70935057677411,86.13887766971808,1032.6512613130253,29.70823135339115
14.38679188442587,48.99256442483642,83.69980270835477,1005.0049150946735,37.997230639685725
19.629377790172427,69.01339183729026,66.03664977054649,1009.7157040989385,31.302488251989374
8.83790238372465,75.59519029446714,99.53041615504654,999.3949313398651,38.442455162729395
45.66365965428835,12.075838050084887,23.128961105487818,988.8406633926087,21.735142513412825
43.966786239963575,15.574556824808884,35.652247992391,992.7302764924049,24.476591198360563
30.701750730071094,72.45536178410238,84.71018344122966,988.0871085243201,29.31564239678383
25.581499994235323,5.4570550053193,86.10340151372192,1004.4513360900365,39.089759701559295
11.644418019172436,34.18953186687992,85.50022569928517,990.2207350039318,39.74935001488471
39.48017785149837,91.80835954518356,89.81711488475337,1004.2040457588346,26.492534536085074
0.4102456160196055,57.4355842860098,53.80863488609367,1031.0713477244,38.804316498512215
23.139334578602405,91.04785519213875,94.5466817549227,1019.2709376906231,33.01680855110522
43.027558856317846,30.94164514744948,36.7336382659588,1019.7651068057387,24.460831773022125
30.92426672163765,63.66264091370968,94.95587912360863,1028.7119646372516,35.19605751488522
31.75614207858144,28.674277238474556,64.5342815700092,982.4716104384182,30.316563759811576
3.5353712809722104,11.112179743207552,33.11072577246783,1027.6706536866232,37.60115556473865
14.335236472295259,99.06953145364292,78.88616855704271,991.7809305284766,30.65178726360293
33.6931102798091,17.623214945143395,43.6703412242028,1000.7556142761675,29.505682727291365
2.480865062654136,18.848255485177845,37.63660665084007,998.4825694132411,38.33320117640228
16.546787674281727,84.19183689146944,33.76602157546364,986.3393328743142,23.723569180175147
17.69722817799347,80.22369853735502,22.35242512289048,990.4225952580633,25.42976872173372
24.935919451712174,97.7829864379946,81.17232107706843,1037.3808318135902,30.715428797379406
18.118762619233188,7.17440154457285,58.92034182929955,1016.0163354079285,37.781794007203
22.70587687319516,9.412559269031417,98.29857175734462,1008.4383056776684,40.65868657848598
27.349867322280137,44.87139950934056,55.141725671063824,1025.467686951477,31.60045597405404
6.4173920768268555,59.17474314734864,87.46804388292773,1028.8243625426767,42.276893932343455
9.023770733699854,3.8029182945307993,97.44757064279744,986.6157712343328,45.594539176594914
41.6255497177839,15.838979601679748,21.79696556995126,1024.4543249278463,24.109616236664465
22.98839712348988,70.33354627254353,28.425511251987487,1035.9437923092926,25.81557529470551
17.757603692322178,66.85397735547454,47.82910158254587,1015.1261649061514,29.804752612872196
21.69407570908396,8.96862035877044,89.60929502178368,1016.8494170892798,40.93513354566298
8.7409276405998,93.16661851866887,87.03603574109306,1032.2244374061386,37.529449945708436
11.992362737629946,25.47638050340715,49.338801926817204,1020.7689535635118,36.34454019843652
25.776177128326722,88.72306464771937,35.99232245928874,1039.716050699761,24.618058939518132
17.946324815073222,92.29881705634891,84.18567054527244,996.9616181613862,34.726489711572604
23.772805150260563,49.006971058774205,67.75316712497448,1030.7288346760604,34.94932000918117
7.485233641076966,41.19665087417833,22.528037387194306,1016.744553252631,31.042180331847774
7.82341661615159,27.81370534138141,84.33727461763445,1001.9441324351583,44.04539357222778
19.197150981631474,80.73819987685556,96.55686930874344,1032.983580235454,37.42713498185877
18.942881634769837,19.658857802642117,23.366959331947807,1039.7747753666,32.8861761386498
44.16661717623934,62.21245678581746,42.86988822520152,983.4709621295282,20.743175185185187
1.6725690369408686,56.71340483605252,85.55719806783497,1035.5313653999776,42.32265026440892
49.64277208262717,24.889498762980732,66.7719746149082,992.1866601576452,26.826126020720523
47.8261529613251,98.30471706266025,99.14849797283793,992.3112813143899,25.401213757777196
27.11254753289983,84.63241973671747,93.24024032011079,982.5053655162563,33.53091451313905
35.93788809775136,2.052842706742497,34.26172370606642,1035.3312640352995,29.739291350771484
46.76273287408726,42.225242392967154,73.92226117115307,1025.5638823369022,26.36834874838385
12.559695292679358,35.89719278486707,72.26295840602293,983.2069512323576,37.51284535377493
15.781530403205423,88.28092593769455,28.86858236441502,1018.012112564124,25.213446472194377
5.546234169905789,26.44954984143052,27.16151493160038,987.2080663651057,36.039380910884894
28.192305866252727,99.84506514075007,65.55552936325418,1025.0843132871325,25.81970313703696
7.972418783526136,20.007959354052684,52.23785041470347,1004.5432305772658,37.86683582559036
46.543530819867726,24.3884586646679,63.6356732167414,983.1066100177778,27.172992718148755
21.57834235529745,66.60816224263893,39.10627639274477,1029.764446942924,29.66651798441584
45.98433631003379,16.105687330298245,64.53304281389677,1014.3447964852033,30.261361705493577
10.254995081703699,88.88022055299852,50.67162414433803,1026.3720907181973,31.471642101405955
34.70182372431657,10.992915940445114,91.00300143949787,1020.4718510640159,37.52294335980826
32.37960390268153,98.33174195085536,44.486933012978426,1006.0637704823056,22.20234105199915
19.983784022541425,87.46431286799682,89.66676433008472,1021.9199875721037,33.962996226469116
44.91715635529631,83.96565065702339,51.19938902028185,980.8852076548136,22.221198191343916
21.740102546112816,40.72173354338899,66.2532710897564,1000.3842535389215,32.82440479045549
9.921526523225872,51.3641657806453,42.910163216779694,1026.6712037616157,30.831625633164297
48.8492690573148,45.635788813666764,84.72711602077528,1025.7837144088217,29.189403092372938
22.074070149927937,98.74269292042389,87.49172432078193,1033.244562032579,33.43488559023957
10.40364888388674,3.482594152684093,84.72403017739406,1016.6627312214924,44.498058308886456
18.18163302407143,38.17089748444479,71.1869177989927,1036.5318081256523,34.897009820947034
30.675472826859345,96.83883204327806,44.38272778466999,1013.4627323969617,23.52595715690325
25.601376780568625,36.939021524866064,70.91906398144297,1010.0272404024547,33.1392043180764
31.755851141513347,39.83833283039549,96.76093419335282,991.8329965376429,34.29658452089567
33.09286392592385,63.130074641727454,71.87082830261012,1026.7301851504803,28.83658737071534
6.169051585641894,90.72688057691309,96.51144060181159,1021.5234292922602,37.11512609463154
15.74424819867647,29.45221651866795,44.36643621936825,1007.6456410796865,34.08272000029125
37.4350495394134,94.7605400054685,87.68008565343251,985.2265248862865,26.242135927954816
32.51836245767301,28.256168831001006,77.47747869085077,987.5421428470727,32.20084476342137
4.417416841304078,81.53944654868815,85.53632693065384,986.8676717572536,40.20851137150881
15.757379274892092,27.583813594256668,76.86103733777014,1002.5359584853518,38.3028965504909
46.56610746849068,7.298365279398588,58.42902921365148,989.5386544428081,28.647178839308207
43.10063279417207,81.23025468429529,74.92599840230707,1031.6505259557923,27.11272494310114
33.53214262897611,45.00763879162392,94.56719301678734,1033.9607672289599,35.721380517966445
3.643191026821535,39.074894131034924,53.403294706433954,1031.4061438775414,40.286626143524266
30.352759329385947,42.988297347985736,96.13962338183686,1016.5312963061197,35.3907985514895
0.60940659198091,61.15762844878767,23.95199892740451,1015.7813239086025,33.3972697915391
33.05632025848467,26.269345524907795,21.133814555039294,1033.4554451885497,26.525888782879694
36.560577450327756,23.727453235452,59.50422821806869,1004.3784896398283,31.407322701980874
24.86218098022462,48.343921937828036,87.88103617262473,983.7406591514531,36.14829530602768
0.19033222005093164,3.563336944670348,39.82682874642957,1008.22358942691,39.693098772027895
33.33050592019443,64.2849392871208,75.47390846782645,1013.222627757863,32.72132002347062
40.987004276945534,82.28440782471853,63.75239766986464,1012.9671286988107,21.77699786709953
29.293373399058638,72.74167916545568,43.26360871854892,989.540244770665,24.093930120751757
35.459875236587926,46.930248794483575,42.86347149777414,1027.0047783997152,27.059759339839875
4.5160679661085,56.53903153149409,25.862096062181756,1023.9180145562749,32.379598868630055
35.766092583809204,2.6180781903861083,62.897121845928794,993.7911760238483,33.19266832987034
30.709648102080767,91.23537708604081,56.01127306656355,1013.0737567836309,25.782294997561007
16.550986251541726,55.806255517676576,43.153841463840685,1027.4196925212111,30.37277312407284
34.26669976524073,31.64091093302217,97.63458866960215,980.4610773784507,36.39022276845882
32.279144120471,29.358233023589086,85.47797992384072,996.5092884074331,34.74312373444543
29.973011999945715,65.96580855597884,61.99606738419739,1008.3222720652025,30.01833037108116
9.147270165821137,58.43289106020738,61.73633985787588,1030.7018960134435,35.72239741825718
14.811086237935223,18.784257722284003,35.48893479086917,1027.938036192234,34.76815532748218
49.56913858828675,40.99191169307683,71.93017897097806,989.0595514368715,26.978249839082242
21.655458703080978,67.61813652165,96.2908394589067,1007.7645136247318,36.985644578808305
2.9713261777468025,29.765473377604966,91.86316086086164,998.2782025504237,44.654465443361914
44.95026554069138,50.92765725725735,26.781682180408044,1004.0860195741352,19.97460902048826
8.646604371248346,25.48792711382113,24.247775251664727,1012.4374887078404,32.70813245758407
20.17599097319982,7.168150834032838,96.89960368225266,1009.9604338492478,43.19070209156414
13.899945673049846,38.82457696740447,35.992467627488566,988.4944783659988,29.959001299693895
48.19377265808815,73.20772697280069,64.03312698970184,987.301287362508,22.621000812409406
18.90492894548988,21.385043200013452,25.976784475434638,987.8161344105858,30.96615188902559
35.43584819551776,75.4503413387211,87.46380459458291,1030.477296976493,32.1673444806077
29.919148596603495,66.94923361663243,29.429160926927864,981.1961212934325,22.44697177735731
2.14875858009268,50.737037010463816,71.50057184794483,992.1442780154816,39.777358270031186
19.215733924983695,97.14556748090655,24.53023841434792,1037.353506687061,23.846391772279617
19.501098130318145,88.34145455666163,32.53375011550861,983.9612799939757,23.50876165618269
49.49166627022558,56.31762198250997,60.971286211466015,982.1792868687305,23.044509319728306
40.59643505292752,55.77798748306356,23.654820675125077,1003.2397594845509,19.254733088386136
42.832713806076086,27.77713011660643,35.64902189775189,989.0720337692077,25.204231442396537
15.676058501058737,92.01984175385319,30.89378425673332,1013.9458130034714,26.33891234408843
16.452730755666988,89.59285450705377,23.246002463080035,1000.3148585550616,24.769662325544093
25.78028542178894,74.20569225014208,97.67974161731301,992.5381647569455,33.45110886932886
31.550756636421777,12.788206498169718,56.01330268101604,1039.9161029883062,34.615034538674415
36.414674405751654,70.36459540462025,88.71486596683825,1000.4662473477603,29.010891468503775
41.0400927893094,25.311395402360226,48.65782074030069,1018.460386918375,27.614733028325546
43.66011096702771,18.880979454476787,23.40735755878038,1032.4467823883358,22.744715776878866
1.2312955417020433,75.92116905419543,75.65230169044409,1035.3432291919028,38.649995543348794
39.80479415259668,95.97329382468612,23.10033529823496,1004.6076381967356,18.029490590077373
30.541849489651685,10.890572499409545,64.2225777440782,1038.5693754779631,35.3655699509659
26.604238973373484,16.397605636902735,31.128961377723165,1023.4739191039115,29.33676640042558
31.423316842916684,21.92344884148667,73.66535786025062,1014.9965450789822,33.94832173095193
44.096912288459414,96.29110754194686,91.41631220110663,1021.5967599626964,25.646720051838408
27.264544715378207,69.6398293413665,96.46110445467609,1001.6082663887042,33.263684928420346
8.10940029494836,67.82879593217358,62.222108108038995,1005.4643230223802,35.239491801724085
21.838857509767003,50.50268001300834,62.6162977193642,1015.1761432257416,35.01786349663685
46.22297667796057,53.7595782930901,23.06232374608415,999.6100477656246,18.38926909588884
40.72418784536273,29.01732529393296,81.59009143031221,1026.1287044933244,34.31191522876361
10.152280070746556,15.454803578156707,96.49667324229837,995.0652080376751,44.52102464274679
35.70718753864838,78.02754304584047,55.05872990564602,1027.8083305885289,25.362234515422585
12.811336074461577,47.069276088021915,83.4953677528778,989.129440267063,38.75742928980282
17.426849849513896,25.60086906597944,83.79651922023565,993.043452066301,37.68585246513624
23.445868198790222,63.278108035251734,82.85606854232084,1025.1856352318757,34.76524425387844
22.043481393034586,20.945923006123625,80.69447731190324,995.7884936622905,35.62026645016211
1.4639913340072142,48.87763231036474,37.207738933887654,1027.723655114478,35.757895482290785
38.70046124900827,19.022009667885154,80.11398961304849,1027.0321997993665,33.9481905404002
42.31929970842233,75.96713881272834,31.551630491412695,995.438074353356,17.554087362217857
26.54716198396646,32.08018988917123,77.00024291396488,984.3848609676772,34.87033698322423
8.647554143421932,44.169896162406715,20.283103025730796,989.9816348771407,30.2779600982979
12.396901274267202,75.48812351086319,93.50600305343305,1025.1516037080569,37.847362611605156
6.316710537957388,65.95963613330376,86.19110494348736,1030.819652329674,39.650510663976796
8.475312716652672,39.970321717376414,74.63707685832198,1002.9833307248484,38.86654408204886
43.819869688979445,7.1028000239911515,27.557422325580376,989.8531298744155,24.89013460997644
24.00813954549979,92.16069933307811,85.99908412474532,984.5281849634457,31.7775776265944
5.550673392536776,0.7925176206831863,90.01390515152517,992.9489615115266,46.117657938362164
12.737263099434347,73.45941424660793,75.03902428187875,1038.7810916567475,35.554103282117225
47.47507081150481,94.54039918518815,98.07093072854182,990.2163809978275,26.207566108136916
25.463284506963706,30.667105389034898,27.430349476583096,985.1700203191675,30.121849848924175
25.781714816033407,7.5442355069421545,76.69196655415004,1027.1284113760394,38.104619818254214
26.282243190078418,24.954502052161953,61.98368277207373,1016.9246897249938,32.2936495184813
5.580840718404845,31.341828708861208,31.648490304861454,1012.0892810463384,34.023936544731946
48.5156829330324,45.13202822898778,72.67312906214613,1006.8711531174021,27.31292838219514
4.224287367410723,52.5239091583651,83.96225801014087,1022.1104772508452,42.769495393521105
35.00192105436817,72.53302493849372,33.17985929129493,1021.9012996168108,21.455420766868894
2.8882409478743987,90.09151945295496,83.47925684353413,1005.4655544307658,37.452155562740074
22.17958852092629,46.47935820925188,27.437649813576435,994.0536707018834,27.454194598469776
44.98391365030886,74.63284354927386,67.3120088832523,1030.475807361625,23.719037938236227
38.42222711925071,12.719893024853079,83.8776087550306,989.8773381560471,35.85576397865423
16.73380108166019,32.87831983941245,31.676546731439323,1012.0403788115514,32.58839289971587
27.567388297324968,11.807922512270663,65.72152757716302,1021.5604469328873,35.92258267437773
8.263732780911791,69.17411867700793,53.99025711460601,1018.3326178997942,33.38875475502967
47.8060119712319,90.76453646665115,68.58203097436913,1017.1276598322106,22.907827778594097
35.43386718743319,88.9058134596836,53.93773603279718,1019.750371708764,24.218862332031232
18.714688048833327,32.64483494618317,40.072949513768364,1032.5392949885331,32.085796969642345
15.896729757713901,23.421944048599073,40.30487192210998,1001.9235542591839,34.684456793074354
11.93193747776402,27.405028934551446,89.17601496245781,1017.6461903993584,42.51847476324135
39.325977462680214,28.733462146086175,32.51634543624979,1021.8180008469329,23.7219803375694
21.730712520570556,8.224575684576408,29.84914009706624,1015.419593212411,31.19186526709913
16.51086105222123,13.334413945922385,27.76633149643697,1034.180158528826,31.972463583166924
45.261087352010875,21.448364761349758,25.93238130778298,1019.2867257090763,24.323629536993522
7.510897378573028,0.8169002752070553,21.15937512894544,1005.4657446689962,34.98611338213367
13.191774703197378,4.722999690888385,32.8324668771831,1030.7352260686523,36.47691409038434
17.238285623992507,69.8550276805633,35.41819479226804,1009.3740798587608,30.255095172025843
12.99257427742113,61.93237524059322,41.577924820901885,1011.8097964342625,31.916009535195542
29.270152061055256,94.542224781952,29.923158411006334,1014.9367702413351,20.87297195948379
30.051555575146534,40.17571244180572,27.53246831362319,999.3670812282742,25.080497667065067
2.7374486241808107,44.43316779831805,63.31813805601246,1023.3523899557048,39.133869671754326
7.226453203241212,6.773512181971208,77.49491541719246,985.8875712267964,42.20893986940489
9.926437818967242,15.225064137009847,70.41497418932573,1032.1309520954899,40.299945394874406
3.516403425751008,69.16073884504583,64.5365095168958,1025.2722651353113,36.1499621359893
6.238099464965652,23.50397335394775,55.24510177159974,1001.2179081167578,39.361506053889514
11.982569449281128,77.32773577023777,70.71841984846344,993.5835863016322,33.37103225608425
17.28103036938845,70.56800776293866,92.14934165823975,1003.2738767318821,36.16148500873601
39.56545060312834,74.72624080347468,70.19347371845501,1028.3031546489149,26.962011401347098
10.895253944466244,69.0582626308186,24.8688865595767,981.8942475885439,28.661052924121016
33.50129157216742,70.7662749531451,65.63351106505786,1008.0754554135351,25.690210278667767
2.894050979236218,54.679952269575985,61.937156645729914,995.2466127722532,35.87596250312118
32.91204631518704,67.82370514992138,56.1618598012544,1032.4970839952007,26.77220427803378
39.73596028276039,52.61793432533499,65.50362480025233,1004.8304944337096,26.364756601805407
30.240397442231497,20.608857161181415,73.80941302443472,1021.8738996728367,35.97042082687202
10.069614518744174,21.76075669172899,22.980807447822798,1001.4735494199892,32.55578326506856
16.5204006931203,40.53026923452566,58.416071519400106,999.7819800902649,36.28651548139387
40.2590674430631,1.3917420116694945,85.378242648255,999.5523724501497,34.83297203222794
21.598594624562807,88.92968470916959,62.46217624662002,1020.6904766699575,29.459211813814914
12.76173239641863,26.82662066790157,25.428623161417345,1037.8544536143493,32.13314054818404
46.63457682877695,5.153806252990634,82.00559928768764,992.4886852338698,32.87245692720651
31.867742830529526,42.44256083981494,95.30652459168377,1018.6340740799992,36.11368195193287
40.285735527410985,81.55979067467175,88.1475166399462,995.9260659536708,28.526699317498938
1.2250942453152225,39.73527446687427,49.00550396512675,1012.9610031404809,37.874709166333275
16.96682915815499,26.26830636915366,62.785907094836006,1012.4959310400293,37.96127227687209
22.944845119149846,54.49023827106095,67.30497250909843,1007.0027611617242,32.942954753925356
29.371077706788146,57.438047486779034,77.26388690629392,1009.9186488501292,31.32967609821471
9.498594323506554,75.91896888323174,73.28550333654728,1032.8138688887864,35.31162030068366
24.897677635959187,79.97535573562946,35.925717325461534,985.31627151166,25.09716672753387
34.281268384484385,70.62077479382562,87.44307118113768,1029.8169884613294,32.37060233551558
17.29380283460121,0.45386223887917687,87.93459145823033,1007.7387998771623,41.72937517503575
34.572110151902955,0.20784368072888082,52.34812588627705,1000.0156421419969,32.951095298583155
19.48270201859203,97.74499862431848,30.473175936743424,990.6287584663438,22.017885097379292
23.473170118588726,26.420510452087353,68.6853397006926,1028.888387515398,35.31908335340278
6.714645028613331,28.23503959448811,48.58079423496085,1015.5225338921672,37.98940605303637
32.563728303090215,73.22411048017238,79.31125029715628,1023.702543254407,29.17169617378379
11.213784401168603,58.15857075918455,45.252568408726574,998.8977953938977,33.791602770483124
41.44250645235462,46.35644352419689,41.03994206631298,1003.5775557375066,24.507726068918227
27.67216855234785,11.643969825222133,89.4168297260862,1034.818623729512,38.20132631396179
28.012837480760233,8.14876662841365,69.26564284461264,1037.670937126243,37.32000289007879
45.623826120685436,70.3623184906142,26.879331467913214,1024.3905307379764,17.21596223310225
8.370135565474312,12.460448453367935,75.14902777990105,1024.9655609174017,42.75827952134844
26.51173389388331,43.58102550030315,80.21868411210443,1021.6640166241963,35.77177993060933
19.11025052229438,73.61260731849036,38.81628907466455,1015.2325961684344,28.48205789730752
48.31620375498385,92.31989424533606,97.41250781024192,1015.7046997963603,25.852768142937524
39.63570234240252,87.35860606957405,49.82865972459345,1037.828173421838,22.000001303111105
37.8750432314527,86.40336618191267,95.24590797899201,1025.0546916062972,28.367330273899668
10.206067806734481,35.84978170809069,43.48935387357813,1019.320477765786,35.18560737340701
11.866162292417808,92.717080484736,68.73567849459252,991.3441761727556,32.85016666524278
1.4590413695914406,68.36623224924058,61.405589250917004,1038.6244384856334,39.513717866239965
31.926768097122793,88.64876852792078,99.37268351497266,1011.2176021834421,30.971214652832202
18.541769091909043,8.892456724320718,52.66844874724755,1036.622793784771,37.76761115028427
15.602034718716645,3.9558159165390294,34.343253078296556,1022.8134522542905,36.03604107228821
31.851561275545254,42.96463852408715,86.656709048013,982.4048503576741,33.05817981210512
41.43438076282726,82.80151073404387,23.363532949103202,1012.3397299852978,18.501825269940532
6.651477299659642,40.853273252199344,90.79648230736028,1033.5609271163185,42.13356618377627
45.933072695298414,88.46471343657961,28.84715947347612,983.1068411305058,16.359838579117618
1.7135614548155487,23.47734043851063,65.76099503760207,1032.0036530195898,42.17112634042391
4.7553170117566985,3.9344135007250425,77.07322541773169,1016.8034775332601,45.260566678766715
41.90640695609872,76.12862875337241,46.90586724755892,982.6716357212323,21.767696142911923
24.635191340877704,62.6168388690353,87.57931519258287,1002.4158998401202,33.744251851730304
46.962742713543854,44.009055761731716,67.4963975516532,981.8102356546405,26.001262633956134
23.08264982956103,84.52576904434659,51.612471229775224,980.1029778653805,26.57792553206399
46.30614929778876,82.41757062133044,46.029082409832434,1033.7855077706706,19.097009608391502
11.981481281534718,32.45342197902381,28.960658908452466,1024.914698052622,32.37282552129297
30.82248113842882,83.79738997853418,71.2290848768694,997.3683204289683,27.166196926040055
49.72340014728774,34.515841252042236,49.12343570665015,986.8226318344066,22.349257985507343
18.803140402882384,62.19028182535151,45.64484388311972,983.265954920412,28.588251551566543
0.07273422544397667,19.249760132030524,95.99583859086431,1035.0333398430294,47.63498944249968
3.202610274101947,26.419218379847752,41.82380712193634,1017.5334111315623,37.8165584794551
42.95298017733558,44.78781163711923,90.12520885574996,989.633533259894,29.443101307886206
24.594281757734375,31.45960440119213,97.99168176820793,1020.8877178068768,40.53256096797882
26.83590991938521,12.91424431708007,85.81919590614993,1039.9334429679527,39.68269860392987
39.9713052337847,48.232285180379705,21.561365060997346,1027.2816452234456,21.620017418148887
40.57895043712819,51.13574106571279,89.48991920313097,1006.7919384192984,29.793143066926252
23.87106539927283,15.870593307430436,37.073226977448414,1028.8506002368656,31.917068848931066
42.903038838419086,17.431330537598143,48.262210068065585,1024.6584009146247,27.585196725315843
23.421247916983845,2.9347076364046876,99.32665542894554,985.3191918676384,40.94505896236881
33.751068718700736,3.0350621896550467,52.39822875564875,1035.541797518311,31.71998772109881
1.6680915530773333,35.8631207312882,72.3867912539856,1033.0461948763839,42.938660971318384
6.899969343085122,14.665233861907389,44.857534970497156,1015.4335713803979,37.91678842498099
42.57100186268079,91.90916453659041,49.55429349346643,1010.4889523425144,21.30627588895581
15.655921115213234,19.941417272280148,67.8100262765018,993.6644825638474,38.080705765050226
16.73719702972985,6.596158765458671,95.86285966012665,1030.0674733765984,44.79168300847722
33.149559856947405,40.41698813928557,42.59644518382049,1005.91318457482,27.979490486697753
29.626907536497253,19.246594076727362,39.7892805634515,1014.7584014726694,30.65748757159667
4.109432032449433,6.176933857436861,22.101964825102502,990.2052490983317,37.19149944004318
38.28825171257467,75.27274695115783,36.16870426495812,992.8293654914262,21.10847116430218
30.861121475485927,55.70984967633257,40.99300438956885,1039.1120794534572,25.347135409830173
42.766592642833544,5.701079810517129,25.030060558268232,1009.6399981938454,23.952008145772837
26.77484550244804,46.8018948118443,65.0887022962057,1028.9445727042053,31.71675445788485
20.71624179917698,3.8832907465619626,30.141148846005457,1029.783800152126,33.99559447652246
18.56702288616353,35.43142036140337,60.88611191935891,1038.8906198355182,35.13742488469313
0.2209463122999411,36.328672510960835,35.118505526228134,1038.9742409290589,37.29341747655378
1.9892111322344752,82.2983000930661,94.85804012907941,1007.4173250914845,40.82613613002161
6.560571264032999,73.52849979470426,44.567804936103954,1037.0192226510908,33.00893669603349
46.47686933814552,89.69437499748338,27.434277985299637,1001.9272651689845,13.690060858963802
44.03252661711178,14.051752959012042,86.89234603131206,1016.4583476119998,32.30117255221524
24.859817749748725,53.37643564622719,52.16291017522663,1029.302745797929,32.12081773967646
9.009819670792641,2.019046767322097,85.60967323910562,1034.8271922407196,45.69920430060363
7.305568029073234,82.5522002480112,44.999166650945384,1011.4303534535145,28.57192476665655
12.806529680539198,36.65802892744523,60.00302206190305,1005.0715674868751,36.403844058196235
45.436141445294574,6.930664657881835,55.62858417120993,1023.7110832183901,31.037236030432815
26.073402951779244,32.46572343662598,64.63250805047625,1007.35565410189,33.78719235363849
40.2020922475835,28.691241288167614,52.132094828112855,1020.308085761777,28.08062024225454
25.337717723891085,76.60012007237427,59.74417205009936,1028.253134473542,27.176999080702792
30.472365888567538,12.661142188586116,74.34620140739739,1030.467636063294,35.82257715266186
30.505130753361755,55.57753219376216,53.17462226357527,995.2588425009495,26.268855827632876
1.566888820349649,79.3919186897592,74.75237971363784,1014.2874872623789,36.606891805046445
22.263425901595525,73.95380995423652,77.14415353746108,981.502055800744,30.41607907590049
43.202451851431974,93.59051188664021,79.91414125151675,1027.86537269608,26.704081921371575
24.454931594820078,0.06297503913728075,57.67494688324804,987.5057103804502,36.526616100403245
21.766771066372176,35.38015349247958,20.30320643507568,1032.3010700300752,29.764438457217167
26.327278712098817,36.958354914419566,80.28088581315865,1004.4085762922946,33.95281668595685
19.038351896841515,3.330841087934666,92.72680943386293,990.0360966693839,42.59591896718254
25.76999837746229,81.72666061923289,72.20943003636478,1027.748894863985,29.214633192341292
6.767240805198233,68.88906733871335,61.96376192901886,992.0171832220068,34.05470939129474
48.397339270108745,52.80823904647788,64.76730606220673,1003.6648804205038,25.19781102769134
1.7064969992024115,40.50189368321854,71.2649406980521,1014.0125717730068,41.32665732549655
24.16037154529258,89.54156927361758,99.88197159594972,1001.6017963122628,33.838293314043455
10.499626619561663,26.446522251346117,24.96447502736998,990.7417245484695,31.248840460356785
2.9177902965450753,33.454149058098736,21.694631780305713,1004.3656277623659,33.988347052553344
32.58526892636458,95.26314519580754,97.13343838838972,988.6546622353067,30.128919963887753
49.25906291985205,6.462502342791598,55.23797102712454,1023.1493277557164,27.389513230516965
37.48024770256333,78.06122967687641,68.98829546556277,990.2902978591295,25.571917304784503
12.70103336918989,71.80597381840444,80.27527558554704,1008.9429521822233,34.323948887270745
24.6694531245569,90.18884281513103,79.3676984133373,1013.6226952216925,28.342172583353985
2.4890777989330424,9.056332698311486,71.77553545077777,1036.7040163612403,46.596373912770254
26.583512894443444,97.04439668222297,57.75132304111135,984.695501246054,25.62195118581588
4.973159907714947,2.8837934355148698,66.08626007288899,1035.8273165011158,43.230240830223565
39.730382144356504,33.77034416988719,78.37168130527901,992.4935814395169,31.84770964920061
2.835319949884041,8.482651422418474,88.06516131485753,1030.4561758783857,45.98992622813579
0.4680482950290388,5.117619461053058,30.184323764013293,985.4297152506605,38.43422134130509
43.077851929075656,96.47210731914485,42.23668836962527,1039.3221426369478,20.397630565519037
47.1271105554422,71.96682511605374,51.80758072853316,1028.45796517333,20.643415205084594
4.327701257501265,50.568984572528976,73.23986101359344,983.7770659608776,38.55430991968457
13.945832953730935,10.818907675650768,51.6537131750372,992.846662605921,35.69858665688605
37.08486391662569,52.602341702389474,39.110803796039704,1012.9126995870653,25.314402161529742
26.98267326325552,32.005221800209085,22.65143838226182,1011.4143206684222,27.276053568348843
47.461840646795636,27.158727737578804,87.40063529787004,1017.7561521773645,32.422482442281854
19.459000552230744,61.81035471837616,53.51470103368973,1007.8104006295031,31.747501279193976
0.1661444642086063,79.09252190713157,46.338319913251425,1024.0498583477745,33.95123224290223
0.9872819734775107,44.32588175253292,62.46609769015764,1000.9091362247808,39.81010472956233
28.24272280204091,49.32985536627859,29.83358293543377,990.583210207063,26.04236865586326
37.605269893897855,65.14287717090296,51.78866864777252,982.0267691012006,25.086423526824884
39.53085089848308,12.463804265504796,80.1428590399656,999.4859367675492,35.11192776218708
45.575851954349545,82.86067022413542,78.88939593193987,1005.6127299566391,23.636362089997952
11.453727044164502,83.69386554773293,81.75170906398321,1019.544122888139,33.7118146992784
36.92029526845144,54.104661396307264,57.393367368178325,1028.3873807734424,26.378972970131734
41.35490476234322,18.756008415088232,49.5130979390038,994.4037680962342,28.245749410922336
41.813767572390795,50.07635737712659,86.51523988444296,1009.592154456159,30.771121732652336
20.57717844478532,10.593928182680578,33.8632830310229,994.0240323347286,31.898614057283474
31.29915033787657,76.32894975636482,78.01102241163332,1037.069920923792,29.88863957787028
27.578265172167676,31.115389192079068,91.03578347972228,1018.8528054097164,36.5531081823317
29.874296738423865,31.109465309795425,42.89218226352909,1020.6741440429602,29.406980423487948
14.101561796352396,94.50488119016045,35.823633777349244,1011.8734489614154,25.97632989177852
34.161722415326636,42.18586098380091,61.00196837629969,996.909786137906,30.998196881486194
35.500865513062315,78.95752958194944,37.31125455323181,992.0257928563543,22.954029795732957
9.79741921969608,63.716268265817334,89.66148145623211,1019.3987308449795,39.99013298276725
22.181621929841477,31.617570464926704,39.55335208060154,1035.3024310993974,31.594057448422063
21.105278814063468,12.379076044735394,45.11727371710138,992.7736218213665,34.93277098746939
37.447532419422465,79.77423069309592,91.07356332729714,1014.3058600624069,29.57420760805447
33.3251530124686,76.25036806883682,36.44972959754331,1011.7594983078199,22.981242828797843
23.809791528215214,16.91641526322032,90.78272206933312,1018.4991857857959,38.16483401772933
32.626565486999795,24.91158805120953,36.78423675174716,1015.2673965952678,28.544532186404606
13.143080260863332,76.623730239443,92.9444529155217,996.3676764039329,35.712548951776235
11.617394120377057,98.36309054926159,45.411352247691816,1021.4865015031323,28.257076282441783
11.995982637697727,84.36412866192367,39.698767317453246,996.3595887967845,28.755764734283638
1.4748837669906534,68.4151551017105,58.17518168111864,1019.1796207861593,35.66719645677409
34.5538130680324,91.54259408560785,49.537880265838695,997.9960011857809,23.088913526417713
49.29240435815467,28.52356687275721,36.1399749630595,984.9453646247682,23.27155609286082
15.45160707756114,0.9652199293853636,47.068303847147774,987.6333983096305,35.93709840919868
46.491668086422386,32.09680729206521,77.05834745774841,1030.0457748462654,29.859878078614816
30.327130468545676,97.19343184954174,86.55205104724848,987.2813156671291,27.404489669549967
11.246713267054032,88.19703303436187,85.66094652353382,999.830793243947,34.22511680185642
0.5932318571733652,5.035625609722027,80.54537987203935,997.2585050860865,46.39547989485045
36.18657142603757,50.19584312790314,20.434812198815315,983.4715825472657,22.312534304871804
34.828711749603514,7.900986430762669,54.128315769765976,1015.9711720023566,30.430722935037032
11.46266663967641,78.9031417412866,33.51777421050603,1027.9271282525688,31.04575233510706
16.635254456949617,37.26155739875979,25.87806607069834,1039.5397872159247,30.1988969848233
44.90233696580821,91.1945089970623,78.87056385872529,1036.161925098784,24.911072899074387
7.861665551741604,5.445248801056845,83.47838963404313,982.959566700419,43.48380789440629
41.77219340609556,73.39964733885289,85.16933174598002,995.4505219132541,27.268392959396706
8.461172125887295,39.93657695259023,91.22486362904897,1004.7270956918011,43.50460870837277
24.086356786924863,26.82264153086561,67.2038552752984,1032.5008608417904,37.067895613147776
24.94826438523761,51.74491381164813,99.85038398441742,1001.6050867010399,35.44024755921085
23.60448232179643,48.548669792915746,58.69781122494729,1014.2187406350655,31.329170477166105
14.396478453394446,34.88108978712102,90.6799199104598,1019.5755798527358,43.877087706145716
12.66823644470388,64.88565370818762,29.035261192238515,997.8775241942651,28.33078476642734
36.657738449903,66.1316247963857,31.91388004763425,1014.9164326528194,22.637607933064498
13.783845159362224,7.71381839976677,67.22795556593314,983.0531303237848,40.71510708068256
30.495768560265912,59.54150717742984,29.930781753739033,1008.8109970442727,25.156206883501362
42.33198435423224,71.0735128236568,26.0240510538077,1002.7121443130591,16.073348184547125
41.851722236694094,7.588845869936289,35.68517057650261,1001.3452758428608,27.139243858389218
8.357570407390918,65.91306393217305,83.0029491869725,994.0935739586635,39.72304451576453
32.73688214835174,80.39772378214522,94.1966404277436,1029.064054162039,31.61933777130845
30.113956590769313,83.19439895917199,46.67738579524274,1032.9153802735411,24.00510796335319
14.099225542149508,4.1647370842758935,97.98046723833815,1033.287708606304,44.434469194331804
19.572699049651987,69.74174732875443,84.76403730639069,1003.7664190297136,34.48488058338849
14.255651231463423,79.69765709215577,38.08861733036479,995.5496778803848,28.79304617451252
26.853258004214307,39.68227983874504,66.88919991895885,985.9047375544474,35.35690572010868
40.18136989767556,54.28407642274949,98.54347316810761,1020.3444601573649,32.15580294237387
43.875166819213526,26.511557624186043,87.9028650259225,999.8100659055001,32.66989318678776
36.14117965988516,31.024122177996794,49.06872662317176,996.5999759110794,26.542960566733388
24.172518058696983,50.16195492659692,44.50583481297511,1002.2862872002664,27.508695049937305
47.904764179345705,15.113832513954218,85.54033185992311,1013.2834207120081,31.4569956178425
28.19395057392428,37.05168136018718,63.93321573852566,989.715515759619,32.40637744253091
23.92733443627578,30.143563813052676,33.07540122646513,1037.680252946136,30.176032710235273
42.83868114983882,23.824960325866083,46.226604670704916,1023.9568456724337,26.972287533522657
9.231166436880327,48.38887091060277,72.9450381899002,982.8071398126444,37.45517021961105
7.893917263446943,83.86772199020656,32.25271073114429,998.407267136655,28.76336320642841
39.127123571216096,24.226209652922748,75.89729659254004,983.0163462301314,31.33032660127355
43.52854151860313,65.97301399816405,76.79430091740718,993.7693519622088,25.129026654108312
3.638739082754644,25.419262179232692,41.659708396907114,997.1954533943344,35.80781236899597
38.20430507984492,14.208345374750698,51.84244574654275,1023.0787836760824,31.455217907493385
21.223086020726857,94.33219051659763,94.83605316570132,1023.1243913291767,32.80452898095968
35.186341155037965,63.32357350239211,79.93406302519708,982.7195185179306,29.255694493983047
6.7484668032396335,10.459622748080077,83.02485244529778,1015.2876588102619,45.6189284517118
48.65063763295419,63.264399742158105,61.30121518178929,1037.6546378715525,23.4970210916224
44.06401470298782,17.634701567819334,37.05119446806759,1017.7019027178652,26.546526186081927
20.298626413396253,88.77964839155672,67.30047300934778,1037.6328395447151,29.732141630992995
44.66794130666774,24.747081669320682,81.76834321200019,1002.8335470181901,32.74221875553891
44.74628635687253,80.67978826526824,20.310661139038253,1007.5866974691328,16.673485194882563
23.06265124575097,19.919523372783352,29.10210026124077,1009.7291907197875,30.36230792375677
47.34427509680576,55.82903282586194,57.94352926064627,1035.4368256823009,24.18926492733767
48.84285627916428,91.23286777358148,54.97569179546123,1002.8168631709876,20.031590180161825
10.86063694868481,29.600262288143554,98.58264366359887,1039.0051045020168,44.32551094424545
3.33333398228004,8.139733357904522,27.372232047777842,1012.5875621086059,34.08625924373313
16.55748920145147,55.25919699850018,45.894909003902555,993.0872433520201,30.544776407184578
24.441763054624943,17.233057318120537,85.20883420369465,986.221282915832,38.51189457254563
4.633819935834377,72.83446982572562,68.99420749090913,990.3723650120529,35.25477817063147
7.03297787404788,59.08211533461326,64.92915529865098,982.3569645752315,35.60456370536973
48.584956098918276,34.637510904914706,79.29608308670612,1021.5386151958985,28.637937838165627
36.865029816318376,70.5653211661208,23.19864084445885,1011.0142508046395,21.919016876897633
43.74690346300126,23.852797528679215,95.79933586937787,1024.2754335533655,34.683869264342825
48.557728941735625,91.70365619575051,35.30111595013884,1026.9357273005448,17.165241701404863
18.90721796504572,34.68880327586794,26.547002144212737,1035.8817892831448,29.132853956716072
34.393197078895135,76.29681149600451,47.116286205793514,987.0198996613299,22.915510339945335
9.201099721506868,25.851934374471753,76.18849861069322,991.1661946471306,41.49633657364448
27.58336003859942,71.48253456902776,38.51866013267174,1012.8964592925988,26.012572692034166
10.493923899009506,3.152941574986745,23.988898970397496,987.7714587731109,33.209771344139156
8.021548144958091,29.55178680665722,24.59302772007269,985.563303590313,34.17798390000313
4.922181586247931,9.289026537493395,40.5261616080906,1019.9802559308339,37.95232967064334
28.986828128202152,45.12205224230246,30.82190844420163,1023.4826909461129,26.98299450439432
47.492559966685924,43.510799369147,49.79464883853047,1030.6040295736834,26.955935704324606
6.111089742552162,35.90081721486019,33.84584672395664,1034.94480070308,34.673986443300514
25.115722769018195,98.11677681129044,47.54514701472772,1006.5499666792759,24.823910419459878
34.35340586323953,24.409054712562373,55.55897046475977,1038.792460292583,30.543977206693103
24.793084035007112,79.10511259707779,79.40313666005127,982.2732195621551,31.122752316485748
45.58879621901349,44.744714121901055,38.19196214977288,1032.2076573210363,24.386963449599605
8.314782532892117,33.48104788358296,58.005101913608144,999.2885514842208,37.38945346932887
1.2081630503797902,20.34667036595352,85.22841540089858,1035.3028701276835,45.53889665709808
19.155906094956322,63.340389502827456,98.91017516379277,993.3562632213882,38.46639090516158
27.774440440089045,33.367812887242756,64.58449360772266,1024.4596192668714,31.984522246628206
12.725354570405262,81.29187596282718,54.58562938269975,1005.5274065618784,31.17471659782254
8.421677386328346,96.84648486881767,70.52265033429686,1002.8878904015431,32.437309713652425
40.24189152388837,22.713156481933982,58.90365284437466,983.5651670771774,28.664989959657497
9.4287596041794,12.867038583171897,33.18053140347417,1022.3547036030454,35.161495711907826
22.13411039761923,31.551780120250616,56.75577456592463,990.5211656177976,31.839565989221768
47.7240555274103,46.71117670554853,98.32802447359686,1007.7795900914488,28.4479610806165
30.635241683481606,30.096681594925045,71.2342917059696,988.478486850165,32.54174958374247
24.886172637780867,97.04668060547984,42.674580712430405,1016.2686690879202,24.523988701803365
18.012511633641125,77.92016396806714,95.77168050925133,993.8636740831682,36.600495240197965
26.019272652391983,96.61407330422757,51.08653224693107,1015.6637918498761,23.913596998417553
36.715353027505586,37.32399573151225,51.209710114589015,1036.7969468229594,28.56269346886877
41.12636192578738,30.46748609982892,69.32795936256544,1035.2551100230132,31.018893767349468
32.492386839221446,40.736252768820705,65.51789731162529,992.0278615465398,30.947098802829448
39.515852736224495,52.28333933273008,43.234925717540165,985.9511365676187,24.118922609587628
4.420889230754166,74.15552031175953,57.36642597295667,982.559666140134,32.092009282763094
0.7187225068104541,88.11018750963169,46.60104204883719,1029.7102771805953,33.17813219426988
36.72055154543726,46.317987537900095,79.02243605519722,994.9584549355644,30.76229172243101
13.085203511404758,28.91787316734076,29.800229315330277,997.0362418613521,32.87879308577962
43.88391251860278,31.88465743554615,80.02009039621869,993.574716700932,31.648362096506347
26.792533883008694,69.69482583643939,32.89336202503952,1030.4050373133177,25.01573077148198
23.926047397772273,56.75580339914962,44.478559312712285,1038.7341197243782,28.988117595075334
38.64093862323632,48.64941309772571,46.66654298970936,1025.311199055802,25.91951295678955
37.05480017759189,20.277407877617403,99.23297403683196,1029.4146716281514,37.0908403361483
35.213826619498874,87.54556874989034,67.18575877892141,1017.2300276311603,26.2762243631779
34.49504780002698,78.1020447507406,82.20433538578052,1011.7264945037887,29.675542346434817
25.76979985890922,14.06386017392296,64.43023870635835,1023.2946802874309,35.55698784293542
46.32377679877458,36.73884546021367,98.65263752067708,982.1457727283732,32.1090334799181
44.53207048636839,54.213209363889135,34.19050809969454,983.6840315362037,20.54254179510087
16.470247073023337,45.4338622771532,68.38993034650522,1021.236409314571,34.48830827094542
40.23472696302903,39.77958387377384,83.79056537941807,1000.1041978752235,30.106072942586053
44.55542569562675,71.88318975605293,70.28449141708288,1009.3300613868964,22.57934932718308
30.91274855628439,5.450350423783745,91.75489475450289,1026.9195538195945,40.885473952415666
27.77895963540577,47.14103391259419,68.05663851097592,1014.6294745044161,33.47854874715014
33.59433737973191,26.218169038960138,86.11508391812873,1028.3157124797835,36.55816214287644
8.153032873935356,8.461838523475896,34.0637699495963,1005.1493145302386,36.44407111722641
4.367183810471542,46.48871580029655,40.96511154802617,997.2454011782927,35.847325111032745
41.00751374835575,17.136869107056874,55.525486191167495,994.0902145330322,29.832472733147867
28.666311355271436,25.82242818902086,88.1294169467766,987.9008570643919,35.08112001369796
6.125074516763307,50.70087295100759,54.124751365491264,982.2077913364375,34.80902561735106
20.815901357243472,97.37089799328214,70.19671501873452,983.1889409410043,29.48891046503779
14.911718572511818,68.42550068035558,51.66492815362353,996.2599296279689,30.6097809353503
43.77389771128421,27.962179815682475,84.4576311293678,996.7047556606742,30.70711307215616
25.361009057300134,38.24060525753765,36.023006899841064,1002.9070717419927,29.592846038973708
28.875627305162155,40.613315232097726,67.50155824319644,1015.4970422743703,31.62284395174573
11.764520246416959,15.363762334437714,66.23121506706136,1025.5579721079237,42.60171172343776
39.95317737956705,16.065418885968075,52.25934601407897,991.8623004835255,30.417925188429717
46.50506437983131,14.839472348736448,76.4102445286224,1025.5548905959395,31.063707269410948
39.62471743492362,52.16641377369169,22.278128641963974,988.339371667482,21.99405661725541
24.642957159889313,67.41860867397082,87.31999908452258,1039.3216172413925,34.67621825274273
41.754446588193176,59.07206846108266,47.83721836578043,997.1020269849568,23.008250172193087
9.397943558120476,97.77671854533484,83.44180556598826,1030.240100882249,37.24208593868331
5.670683001946436,12.587457225765187,44.40475932682817,991.4279496733492,38.65979248709106
21.910956014482007,98.64744063027551,35.032517367692975,1037.0385668262354,23.40312035256906
9.076723353930355,46.66739338878919,51.159157846789796,1029.5976071127327,36.07612873006145
12.958027805716021,21.863278777713766,83.78935623923002,1001.5633556328221,42.943388184537646
29.255837934063273,94.32808260057571,76.28144282283779,1005.2883035656913,28.080775281728503
20.19515568918711,46.86133101445926,52.08249614927776,980.2302796113786,31.621869819145765
43.293913980522035,34.73469552105204,95.02949795287606,995.085934658778,32.13476902973997
11.280617273756388,21.38101038179566,52.70209486806995,997.3577873571171,37.42215822783887
49.83953494830264,26.787545111580215,48.060218263467355,1007.1643219375957,23.48391394185415
17.969670796319704,97.92195102272193,31.57751287632964,988.34298883971,23.264867738768412
25.77014253296198,30.39734399047743,25.622291659618305,1008.7260132873349,27.644740753470757
6.61660549043579,97.78059237596051,47.99219230811865,1020.1081091251551,30.74563374609817
28.964950637307,33.02149866120872,27.360174896050154,1002.2769378885992,28.010363846980017
48.06424472174478,23.141846558856194,57.010796631100284,993.9317165339315,26.2896306865197
37.46988889385057,18.33641829018473,88.8007634972024,1012.8629892172337,36.07021237258676
12.202728007475915,41.1854505273997,58.08933221557818,981.7402341776166,34.86855845253029
22.13058554170314,23.68064485350272,58.44647826172686,1000.4502470465869,35.09743613545371
21.271665701452374,69.69379638270532,40.275249677325206,1011.6554145744808,28.862499546951682
4.8973883796255,23.977173536397846,33.303646075871725,1000.1505689719113,35.75647549003941
44.2925090338833,83.53968449978692,37.78630868085408,1000.7258855658516,19.132010121919286
19.072802498750995,83.40112584881669,65.43907836409277,1030.8977997582322,30.525526070942615
24.712980555204734,28.552637404806614,67.34344915155144,1036.0395072317099,35.8795903794804
14.56238874382843,75.35401304868297,37.615023414049475,1029.6435588409195,26.269565255702744
7.619781339386877,85.75458759794533,51.91362993853459,985.9320470047094,29.7583439859139
45.10553098857368,59.01328439371466,65.49461475092049,997.3845466628597,25.65169503917991
1.8698738830050354,36.63324108640549,80.83696308079604,1022.6776620014999,41.458856975971514
19.99397506580653,44.09671867126791,45.58154880339491,1038.4635677001595,31.449699513751774
36.53477134734912,78.62288650347818,41.70855360121915,994.5368929082049,23.467679749772287
15.442895910043303,29.331746399681414,78.43735994574197,1033.892628745358,40.48132489763824
22.301430348112287,33.4462334376194,61.1049736590142,1024.340899229784,36.75241756170205
28.223862551705757,16.07843362578507,88.53972729555741,1039.007021982772,38.80148589720603
49.75408061179037,39.90524030130026,36.880241630985424,985.615128904504,20.984855199763665
37.91506689004332,8.651513224948593,81.67543008729999,1003.6847448915822,34.83548261758286
48.355768687839515,32.10344409891115,32.962680593400755,1008.6869001400701,21.216224704834477
34.65727369946803,37.347938094785704,66.78169955974236,1020.3249575146747,30.818604024364113
13.452644404623475,25.547913242413212,42.69069666517491,1019.2383221765077,33.677259364895846
14.37444045200144,10.135811913498816,28.087276607967098,1034.3807206828537,35.487881719934165
41.123215168362215,52.166724256155504,69.34116836537142,1030.3203873553,28.932394228141774
21.385674559833756,86.50811697554708,60.54391679168491,983.3223601349707,27.261041868976243
18.51120967016354,33.56447458004704,58.87841508369937,1009.1924073805932,34.18076257999165
47.254701318646916,23.68015714201387,67.4015541963031,1004.423673813146,28.7848546429301
0.661658323537595,28.50382176905034,49.79497739640454,1039.8286751915225,40.22805547716763
26.24834426009311,86.18871813042368,73.61340494017159,1005.6354916546695,28.35184085662057
38.75383286439097,52.780758960779764,30.46749847508078,1020.9571484001611,22.89114945704466
36.80845080912335,13.079035127077477,77.19771869093289,997.0657659880335,34.481846322673974
18.378719356899094,70.92216490554625,66.38509714245585,1016.8777373550427,33.029509108774704
26.782415591840667,15.436893323344947,58.917811202863305,992.397985317106,35.53187338029362
0.2788647343937245,6.024440294223665,30.212031997433986,1016.2163993389768,39.16009138993148
26.74151348508655,25.568487649791727,42.26115835972987,1032.0914143152788,29.900843687811562
29.520061319971084,16.809017951676587,43.62372628956656,981.1542674867533,29.305189120284474
43.73956687961054,60.49974743746681,38.70501231279479,1010.2751845723608,22.835591391962165
10.536863490505072,48.45664073400419,96.3343781216322,1038.942237461384,43.57321754166108
41.257285620390434,72.40645504928672,93.25132462792345,989.5557513468992,28.86611279231265
35.90332553776541,51.15710502602459,63.69065710714004,991.0047396829333,28.60936371265932
33.30154324429998,41.90059352093877,36.45380665921786,1008.2494232660925,26.28559317133624
19.719391215037984,52.6218690437743,92.89106920583913,1032.2595908196145,37.84274750825988
18.37171907188253,43.448611308777785,79.95252262849391,1013.7655765662269,35.66075635651201
35.16306112168926,3.708689391403952,23.10174711632297,1010.522518674235,27.973198456516805
49.51116071261008,68.069911299624,59.25692173891949,985.2054235462773,23.454257900211744
20.267687958935227,96.21303262144554,68.39556984861284,1037.7191608744808,30.2223252244378
45.9299888798358,42.203355703604636,25.31786912507421,1000.826955888782,20.25293541167092
29.32725411822051,42.37329837680467,23.98648249245797,995.1084291288538,24.772957603461368
43.40828267849307,4.576887863724655,57.081916678814444,1004.7046366845831,30.413127256045666
10.859522352096668,89.03790846867483,20.156137067010214,1004.8509297023492,26.84989730441016
38.1116037372244,92.91213874629298,23.746844752890908,1007.5119865236836,18.26024510490529
41.747175537091245,81.31391180141432,33.211013104955185,1021.3122921127499,17.622687027890994
41.60845699506631,10.63454715418567,92.79766192232897,1032.0767941168679,37.497567972405584
39.23556893497644,90.02236811539392,81.3026821610166,983.4387728076114,26.66453523868362
15.209781486635542,2.395566339504085,56.03408033898294,1009.4461138800023,38.35143564799566
26.097510989166313,44.457432323630876,58.33645339789304,1004.8386874895643,30.78192996892362
14.985239008743589,50.062365410139456,74.8819639284748,980.6528067691294,35.63679943736814
17.14829533543564,83.40021010263389,57.950922905985024,1028.98936705415,31.390562291610436
15.060944179410123,75.0859213453971,25.114008707751736,986.2587920672433,24.229932268700328
14.211352400081989,79.70968964998858,79.09851000536077,986.8848805704203,34.62180664860565
34.671083625428224,86.79009495573746,24.619986051543982,982.8979050831022,19.291168028408844
32.51318496573087,47.60709204927257,58.887450595842324,992.025298028869,29.165546766238243
10.213211731156207,78.02523535171714,88.93660076781254,990.6089768932699,35.863395346905996
34.5759360050017,6.803309440543892,29.390376002242675,1000.8719501653097,26.408823633311954
14.553429797057227,44.45464227505388,76.53023299776547,1019.5562236550618,40.043553171064
10.085916727490114,3.0132674869641107,23.70623404408593,983.2576536577087,34.766919767097434
37.362594020096374,91.5315065318594,99.44476947835072,1031.6165456104873,31.863073414647545
18.143404640441506,95.84137819529208,74.56691042577194,999.5947169213933,31.793115949716743
28.467526216233193,8.393906028816279,97.51916951093892,1016.3964398643155,40.42856990580663
10.006198023281321,53.26266444077605,73.45791716857917,980.7203067326452,37.27686639921375
30.684691866295992,32.513960633686914,39.38265122017469,1001.948474904102,29.309898195088323
10.399671729416028,34.25342846628781,94.10916108876818,980.123054714322,43.10638300958759
8.34384617168007,45.07000613754847,70.13361478633544,989.927496414633,38.52442984387843
19.326428589255496,12.506596525455072,66.07496404862778,1006.8710258282791,38.83284892594056
39.50309197074578,18.077019878391265,54.328951439754206,1012.105245316985,30.61315312069528
8.826717413002383,57.73686601279447,42.767512752682904,989.1757159832807,32.846587644045115
5.851328375678744,1.8755909437488283,62.405565571756696,1024.7129766569392,42.048341816161454
1.5823846230907934,59.980102201420074,49.284616704897445,991.3402199312362,35.98389642594565
20.798287826521424,31.891718778666934,88.32195234855064,986.9507055294234,37.55035664486178
14.101253244845513,83.22064148040016,22.303883357420567,1000.0054707656705,25.15285247476187
14.605422530614936,60.00065077286838,62.4073187901599,1013.0857198196572,34.378667766854996
49.09709713975737,70.8091200712172,86.92519108581845,1039.334108985185,26.67619461992385
9.706170145251058,11.442518123794532,22.208509710638662,1005.1229437781091,35.43316392583078
22.921352525970768,26.586236468168856,42.584214101187655,1005.5597850345266,31.043377904845872
49.318408561950264,99.66696089720367,24.12180453075105,983.5600082069913,11.139118048713469
1.5309026311006446,43.365224690922375,67.60030158492346,1025.9491803895583,41.91327108670415
34.83287223376803,35.88652053242096,45.33888595133857,990.9069801116626,27.36797459949398
18.55414761267099,87.38553589772742,96.77840303327406,1024.6882138727226,35.54079086631108
45.304880680588326,3.3074608863134847,69.30348847485388,1034.6370126637964,31.11763893740966
45.597071886353696,53.47733616761195,64.94416037524073,1026.0932457254817,24.09299887646257
19.36063679696445,21.025721378592433,93.37918122764508,1018.5472052247329,40.38822302458763
11.073173264013214,36.81527914537632,37.886032485673304,1016.2349777293177,34.314132262475994
21.40017191504101,19.9777071870328,64.97938076182461,1007.2179735448724,36.01228654179692
48.265313730719875,3.782275954870773,63.422610796666,988.6725617069826,28.836462511035528
14.069929456022672,41.65121339685567,26.56913874487489,1026.7303165473052,29.174565316327385
49.06588991165163,78.92030211950896,94.56478290991649,1008.6393362235556,28.296988686952172
40.969574889841354,95.1954432626891,76.01877858095264,1017.5387493881386,24.623879285880633
13.37261657680951,62.38529746100123,91.04846797439036,1002.4409137348066,40.537695499992395
39.55347335414506,38.88370923527214,98.6029909521299,992.0433631808261,33.98367712902459
2.4899721566063517,76.98552735473022,58.37231698385039,1028.3905078272958,37.16918804546619
27.403168827719636,50.522398342922095,84.29278736688774,1000.5439883344274,33.40381708293012
17.867456958439348,36.76202798906616,66.20477884682784,1032.0008017382847,34.75991658448679
21.3467999191854,17.908969255297468,98.16984390423616,1037.943494151361,41.842912371183715
23.64271690371288,79.61299843370574,39.777886728614995,1029.7993116324221,26.8085646889299
25.135638009963202,50.042579051701665,21.105373679229167,987.688282717451,25.783233265465274
32.82061372444936,96.3803741311063,34.875805701377956,1031.3006556414466,21.507687067797406
34.838851389113145,80.19096003487199,30.241502560700518,1011.1614695247939,23.320475070140596
48.7852018309248,42.0016119142277,54.956184906284655,994.4846960538588,24.42923064119908
38.13893343622405,74.08500408674573,26.192816299951343,985.5893620175688,19.220446672993347
34.389888785840064,45.3391492852071,37.61581897118187,996.7105903477949,25.232155333870303
19.62294419653567,7.986572841426465,27.701270441985358,988.245624930573,31.16923929578128
5.8904032243622675,51.66810515582188,58.940222260643075,981.538674932086,36.571049421643714
2.939420972283413,86.57286195341496,41.34216576690413,1039.2658609468465,33.2690949012503
23.884235516257235,85.54413185170164,57.68058385428923,1029.8925349041815,29.679236069207125
33.41283563136305,57.49669136399746,27.111048003558132,1024.3369557858116,23.223050483300412
32.50799256292069,38.002353641485,61.34965328120296,991.5808262715967,30.168575062513188
47.6430710087559,1.0100602310371798,30.40553614863045,981.664186337051,23.898594198477035
19.12149866211699,31.140977893951273,27.947716113628776,1009.1122329544814,31.23217205416842
31.389190661980127,98.98085773077342,44.80156405246014,1024.5016657961794,21.400845402573825
44.39369109401225,72.64910332929944,89.95339811700752,1037.7702418015858,27.683398019931094
20.203887828899813,71.75885638250628,83.08171223418911,1030.6330213161893,30.42013139713245
23.887157642534284,76.10833903317611,96.73198418394806,1033.6101413596734,33.96578286492793
46.14864479554406,62.011338334194434,56.81562115081278,994.3197648644617,22.511948150760315
27.512097651505684,58.585865717500795,44.995313842376035,989.3195610574021,26.652698249320068
39.980496913254605,45.36192553624146,97.67253854852773,994.8669062056023,31.462995813544097
46.78119181113855,44.3933993669687,50.54144626142809,988.3147683955017,22.483961887383302
28.5529019278001,87.08484554371987,20.728272497370472,1027.9090294227076,22.394636136880283
5.459348449720281,39.34562616967805,85.60868910493993,1034.1825836579496,41.912661256535266
41.08499768871944,84.02917840677216,33.53684327732661,998.4405215757032,17.20165397281761
40.88910826981518,83.7734425624937,77.43299428538901,1032.615570976345,25.32033944927121
5.74925971717577,77.08981993415111,21.209751236188808,983.3021108095348,27.12418889802146
27.40590758077805,3.7642399863446196,28.879213128757293,1020.6413923776306,30.816165273476674
24.354281772616222,14.797224440361978,58.68508426366528,1011.6495925937476,35.349363868638264
42.35814663531976,31.470514218651502,25.4318421183861,996.604597737187,21.278791584612158
13.731391622883244,84.75333422594818,91.09047165495889,1026.0920657204863,36.630963419204996
21.313885414300042,87.32593813561658,79.98952490148511,992.7228368868037,32.86586518086895
30.23955223695669,4.155729435549215,46.25482496161359,1004.9689692456534,33.306190066390215
25.862259632050915,32.472455312859886,67.80163315173627,1022.5915601643729,34.93537557022414
47.751713734677594,85.03842046380706,77.24213882024819,1000.2937388685117,23.91056191041758
48.03286638663965,24.969324903523827,80.43193509023295,1031.3216111353836,30.207553259203046
4.078624539220144,97.60033065971318,51.65407635903024,1031.9256206383784,33.56187870536898
14.892349614741779,48.930376657602736,91.90401765889544,992.1518251836811,39.43713627392583
0.37674078557853874,93.731268939841,95.34277840375796,1006.4233993199048,38.87935690236821
20.893017425234156,42.88263943652629,35.657220098081396,1005.9207585973867,29.500062220489106
33.10695264406347,32.379892708762995,92.89910397912875,1004.6027081180478,34.921144730956804
23.564239054293246,36.24101752088528,77.01444088018734,1010.1183282911767,35.66229172208961
3.359093678007169,88.43005825306732,91.05104513099057,984.4619788451222,39.451629673799076
9.797811875013146,33.068938628833266,53.980341459511074,1032.2029997200514,37.05859081783013
8.664567415022322,66.93462214597103,72.89580332562083,997.3948867011867,35.53484004698467
25.55641448794618,46.98426821245846,38.83038226017969,980.1087436072287,28.842060951862994
33.884000787144636,94.16711887268475,80.08814019173525,1021.1062359601407,28.869961808002525
15.81627115753092,15.9363472071141,66.53868025176729,1019.0283250256524,37.977497318423666
6.523003217181778,42.86568301018422,58.475608951152154,1038.9897327960575,39.52760945277021
39.929882403628454,12.463381190312194,75.41452882183444,1023.1548328644467,34.252478346903615
42.91809184079633,57.81393419601891,64.18762169012459,999.9623664893767,25.15865426325636
13.824410672237535,40.289919133807736,81.22838977384674,1037.1570531079046,40.70997825697578
21.037385118060385,6.093723248441663,88.67488534521944,1001.9207479557421,39.92716409262789
4.096555131323271,84.98381097667531,84.04850435639227,1029.274681154456,37.72371375077523
11.384863159697995,37.55147828664389,44.600530520873775,1000.1404441547112,33.16733868762242
38.350018902509206,49.363074095046386,98.08953708509085,982.922498809412,31.693933391401078
18.25989448037708,40.751333548357835,71.97930103300148,1024.0270916596612,37.31542517458807
30.234613270087614,48.865267844996616,45.87731808670938,1001.0126558451119,27.67029330025225
47.30922401916419,1.632519766810081,23.406470022128385,1000.3332619421171,22.790540028148342
36.18189229105472,81.5459529307975,99.04771277622599,1022.95109761199,30.457411285772256
22.67260923068767,33.230801194614365,67.9213914754218,999.3222716642036,34.125154234254616
18.344015518288685,72.44617644261436,38.20322100054747,987.0807622527815,27.71512830838345
9.526350748048278,6.488679538113173,59.28990408941438,1004.2706151143364,42.485243242384676
37.807003649028815,52.382525249809134,51.80323842247613,1029.43064237293,26.724483235630913
5.621260957977042,90.87919720707373,96.10921917579832,987.8122692803876,38.41026220533447
3.069684518942023,39.82480355036875,59.412875613942575,1013.2688465458302,40.55508071154455
5.241433763202985,19.725901008403056,58.7734132392482,987.9355576366228,39.22685026172241
12.145269343236448,9.908115711509724,83.56797661778276,982.9509709063689,43.63270269009922
31.35617074350255,85.90879634880926,51.2729251730925,1002.7225864739175,24.063157703826185
43.06650666689185,23.880622735961744,35.72146787014013,1019.4729989798159,24.819463760221502
49.63112015305507,97.50711114986512,81.47189615434107,996.4992399917764,21.92102577629074
36.574207390501634,24.782278332790774,92.80869103604053,1006.7438688642451,35.23867548235939
7.2988547840310165,48.09909957427998,23.65809990636805,1009.4798554845873,31.303811518033147
13.885237906474506,45.79941317991669,88.79200487304782,1030.4774168805138,40.281091950379434
6.5993372136685045,6.20096193665074,55.02905566539845,1029.138752504321,40.55295062181732
5.777589075689199,53.18394198174479,43.13067823035582,980.1408325910553,33.86120204180536
28.386632427069138,67.2640979688537,23.134426973238078,1004.8351396531501,21.45281468690669
45.336152845342575,74.21356632912185,36.44182158860892,1019.3654619176011,20.35379636166204
34.216318066765275,52.259175631092916,46.629584073476806,1031.1437702336957,27.998525829907607
40.032509863018326,81.25851651213526,25.654739407354583,982.9338669990676,18.332852781211542
25.404838067853735,75.20975018439174,35.103205196293246,1017.694899104655,25.964807694717866
23.76605523268946,19.397431208722093,78.94723539217026,1030.521169853967,37.285516817329345
46.87422830938307,40.16016818985069,74.94886529863571,995.3045612350024,29.32771824984116
36.09823190327786,14.258185120871069,81.5871133791403,992.3153798819994,34.75928130967369
22.967055530446657,13.342365377092147,33.220622425878474,1008.0709632563961,30.055028881907617
16.62912232557825,71.21273546232116,23.442413322235396,1037.7547749064126,28.116835410985924
4.656374655893663,53.04591323775849,57.48718969912755,1021.5731836704773,37.81077231272625
41.04914555264344,60.094980847810255,47.422778808572296,1005.4691027883028,25.510189067271686
8.466184644966546,73.2184283272589,82.13864639630279,981.2517679966501,38.488006646953174
25.75079146552349,27.723493216174678,63.106140738357475,1013.4035518062731,35.318221206201585
31.86396196793574,40.13619586526557,94.49442479235395,1000.9272801078149,35.83388091791558
37.20390526320812,60.68030889836208,24.896511276944963,991.1428185291823,21.78115832751827
4.167177905824648,9.662898141836118,49.09410922345043,1010.0088861321337,39.00921078657939
0.5343069489314123,83.30540811952571,52.41924811482606,1000.4829580380323,33.84471077881365
35.300424792229016,34.344962418887604,30.071154724802316,982.3234809675157,27.85675309347341
22.719563737988302,65.87529840348395,66.64127051934001,1023.5303612139,30.075730391292435
9.05676799491532,99.55649018568158,23.216195578326637,1023.9549751977503,26.339090875433396
49.10137060280916,47.536244537731555,77.01801028415773,1017.1298869855235,27.111818169036273
39.567707762625616,21.504844928909883,22.995452861241823,1030.4492392097739,25.63085131273834
28.925653058018934,21.643339878184786,89.8777644754806,992.1908926268603,37.42206905548319
35.105354644784406,6.037621618598044,25.2021577262921,997.1720930968478,28.54296779840631
7.751172822354269,76.70823009964602,56.50795318760445,1007.5193469725999,33.385551143099
48.11125975334359,29.343134009202732,32.43083190574871,983.6105110392308,22.683408873680605
49.8183539523639,17.27257625360824,30.649779612034223,1033.01274679449,23.690641620754036
32.42227548693851,71.36960338155217,77.69725513583745,1009.4377164743909,29.428086265656642
33.4156300721376,30.91366414141341,81.94008335540074,999.479794536647,33.47051916909944
35.22292628676968,60.046894766438896,79.13592696679592,1008.6778068417817,31.490238817205363
33.28931117193837,41.78262138353389,52.31934810118264,999.5077893041744,29.037949233511373
21.927041422110605,33.415272967977,99.26288297031283,997.1758052259611,40.649511066542466
27.033811861044377,48.94295955389597,47.19751340692045,1006.881106355422,30.20760453349796
14.136309874508656,31.379323937219716,39.62236489162112,1008.9142803431041,32.96502813273869
22.342395819105704,87.05649191425171,99.72043373170098,1006.0007236023366,34.13888498324989
21.80516529980841,7.30403044251241,98.18214442241066,1012.8758571923719,42.11208227489039
14.407021115667556,3.0153624946904545,67.34687795877903,1027.0027401370912,41.7895728582895
39.335240974361525,40.639302738351944,36.72313426292038,983.4360914998808,24.143563296319087
20.48360021881736,17.284363498898237,39.07990791357644,1028.6911211967495,33.48555258637612
27.58576394834038,74.3726455022875,61.67083560742213,993.7120635413709,27.09712741145719
7.804526159297776,35.34339107231458,82.0882563412829,995.125574993424,41.9040892248186
23.748345009030658,26.143771216209387,26.196331552242924,1015.9679893440091,30.107075863717352
38.072766560173626,35.93814632028295,75.0136320429886,1038.54027816655,32.3082159472804
22.226281955346217,21.948393131002607,28.248867945961198,981.0439600131499,29.89829807451776
27.88706919236009,29.965247899984526,87.52885955278651,1020.3880153768571,37.95768963844405
35.085329205827854,56.798528537037654,62.56945777970513,1021.81383235496,28.30723481586375
19.44877873085145,86.4032545958421,99.1755272375473,1014.4191077604602,36.84934314577221
17.664127628736008,37.08693589167807,80.23857857825362,980.5814068637732,38.09436348080352
4.287097903563097,32.06717772441303,59.778292590482785,1016.3811078071964,38.27929556108184
29.113619718161242,78.17898786449065,31.29417195530386,986.9012785431586,22.486616061766405
35.347927453155954,2.242638355795612,63.391652218875464,984.684061355444,33.43872012714161
29.062623075280165,30.20763254118234,29.155578888978752,1021.7636950942968,27.112424994907588
14.176267254599267,45.21708185442338,92.41299199056716,1022.0140733370921,41.347202193218656
13.11684381492636,60.06616768491085,38.40541994325114,1033.3947120916202,29.25095796905845
7.974380660305524,15.60615297786937,89.22933441472924,980.202828134559,44.57931994724032
2.3495415495106418,43.28543980552912,44.31220453338451,1002.7255912472125,37.098286109570616
21.34390181130951,56.63004668819045,37.751885381042314,980.7363199373174,25.96383947007664
8.0260160625932,51.02504584736023,44.33889109826694,1001.8797527716547,34.021623889904376
34.53988504954494,57.45510780465695,76.60433257920218,1009.4994763000774,29.878189653136864
48.086650475154684,66.2398267461522,62.01724551953105,1011.7837496930016,24.64581381433348
3.674077779251028,37.93726691315218,28.59779899064881,1001.3559628139957,33.32334637774652
44.64778918355044,6.363574177599263,30.964721380747704,1023.5180820863893,26.62354966241056
32.88580442487526,5.555628230625342,50.282373810920085,1004.9356953650731,32.95808642037113
43.01394903547375,85.87146470198228,47.08348146509468,1011.0275925387945,20.139149536792225
7.747942559648618,67.74192168285452,88.1388329124811,1028.00525605917,40.720096262605665
45.3241014275977,76.41846825172539,65.78025523918586,990.458165980064,22.761601222446224
47.89359107291614,92.88046199302022,34.93719888705435,999.2537139537092,17.642070815474842
45.33570544762229,75.05444033056378,22.26743993206896,1011.2857760400818,19.804036272784522
39.2749815721646,69.23012684145627,28.189048446375445,1026.057093497896,21.714231999838777
4.515212863005081,65.57585389064013,76.0329346727969,1005.5213256493404,38.95538731821633
11.03655356546122,25.85733846758108,87.76778136222167,984.3660063362021,41.22267342872446
45.65676055537761,95.72940717475575,82.60304023239725,1039.3298319123242,26.504137259216613
11.471214861339723,54.204430806596946,83.19003804600727,1022.4746433609736,39.694426756894885
17.385701615854327,22.207389461860714,40.876875686485434,1023.3641081568574,33.441929942689626
2.5238447278588927,20.98262110728031,99.12688254786404,1007.9062946912882,48.410857842717036
31.404650230751525,81.526591149404,26.912682944846722,1012.8224034165588,21.56918117708294
28.165046113464225,25.020860145627978,85.68762694894919,1039.6429066270107,38.11124876149965
48.08858339538282,4.142639787584179,27.745381915828602,1015.7069422206471,23.964703970885388
44.61723176434324,42.8412272834647,41.402504375685474,993.1357679650973,22.205211911001015
25.297194543100705,81.7350454732878,59.63312225335237,1037.8627843831553,27.792965292331576
30.466865152626198,41.44396411860094,24.26726166111972,1012.2657609467665,24.959563647076255
20.659841007750817,80.35475776019342,51.533707635457986,981.2404009324957,28.374614815376827
6.622956870390517,82.72109757617002,48.00915057558942,1014.4010886794188,31.672307087996877
43.38952977192933,85.77071627894074,71.77376654107118,984.2285361803717,22.80541059355689
27.47692905027675,58.88998407660206,77.44107441756813,1011.6552986212191,31.50607839897119
21.269606194296397,69.94707701724258,27.239624034461947,1029.5199010321023,27.30723342813344
3.423270301721831,26.185906083657585,23.045478306739167,1012.3319822691332,34.675390161488274
33.26917041773621,9.9697943016393,82.07130578920643,1002.4072000345799,34.163461183576196
19.983245287787092,53.27805241800846,62.23931096793871,1032.956585050155,33.404505224063314
12.684793314004345,1.0581892597994247,62.77094028264547,1035.6554046757788,40.54210482804224
43.83766358845669,46.57378509523667,98.45733369667089,1000.8494589439858,31.921375999216174
9.181591716620618,10.209362006957578,55.019322539968194,1009.9370470386198,38.84900106397628
25.750993722085763,10.842029980506451,35.69540171775845,1038.9753377653842,33.35119172487535
39.78780093117508,87.07834158854489,74.45129115245106,990.6860507532626,24.923848762707948
42.45373865563388,64.05181923060354,85.2542449130505,997.8891941603447,28.13421843556181
40.935269995980846,64.52342986480478,60.18886225379475,1005.7053473404723,24.833467953486895
44.8313167653252,40.447667548916044,75.34516719742405,986.053297844948,28.742368003973134
7.117868878079747,41.32543239375133,61.11451241243717,996.3225541114547,37.960656791549866
47.02292661957668,30.310769280931094,52.5881806740101,1012.6813212112768,25.353055962154208
0.540146624808141,43.435853329207994,22.74223391495908,993.7098836234265,33.543758906699516
12.795200087538305,58.7125061406857,33.89940656016524,1021.1770991242306,30.28562851698517
4.201937310540887,18.65890577064796,58.38139912604879,1000.8602889257354,41.237651983241435
47.2766567585758,26.168344691792235,51.722285900694004,985.3876961784099,24.117477380538205
21.19678266829513,49.47539361782014,87.43070145312537,1025.8719814921758,36.72486352693893
15.763470243914629,38.47803020255193,28.675674071589423,1014.0449782506182,30.54985802169095
8.354373176548503,81.94865134900535,24.010202767424616,1029.4921569643877,29.624878730514876
7.790895372022677,82.16870270768133,26.97098142132635,1001.6090970277917,29.439034249395917
30.696584302147606,33.59920408309799,74.2474135724746,981.1627661223378,33.32362554296445
2.354208319621176,45.079528001315936,67.55787821382188,982.8013096359676,38.32107889161137
29.716518761577614,97.65874980571837,70.57762624634162,1027.7269893125094,27.25759464401718
38.73246860994033,82.74760832860639,32.55371672932101,1004.6384727267673,21.70097282298163
30.050743347941633,21.566041647357082,61.308221439596416,1038.583142313308,33.38737426992047
41.32893840229796,28.022897722073115,81.4136024820791,1029.8185022838163,32.47605731379207
13.262935202422883,8.34803382416366,74.71010900135539,980.9673129586439,40.93858941115881
3.858575880582793,67.78231426173299,55.095024388397,1032.198812005941,34.86265467563663
36.04953084617545,31.6895300034324,28.280041067570387,992.7719704325119,24.04465798655711
41.406519519563695,53.65951871199167,89.65201711407816,1009.1758957657419,29.773410147916472
25.083826828272706,76.81422819183807,62.09634734751874,1010.367280876265,28.75695428379304
41.03084699943776,83.60350673796889,91.17286078362932,983.5832721293218,27.86019205559693
22.895957772763314,32.53643440735856,55.096008906240925,987.5399387853267,32.80270533044927
9.926381696122977,23.724693707441368,38.961041995008436,1005.3828440855241,35.84880808203256
23.719700880343904,84.85363726118604,44.59304081929286,1018.5572525933209,28.359237945624372
10.79753244758091,38.12708115929379,53.45194619195592,995.8650186404204,38.21798266228095
23.60157853940028,82.19981403791957,69.13785065520077,1011.5840579563212,30.13574298070063
7.377577958946723,14.976315064146807,81.51287906047878,1002.7481227157214,44.234178386187374
9.27810357133097,91.19094103760249,39.411250548183745,1017.821810345148,29.76470354420128
44.145638273858054,48.31256571279342,35.01775365297571,1005.4662380777523,23.103980468452903
5.792909030278054,17.013339000181993,36.21270232061329,1031.0979859953006,38.396350859884784
11.213714004770164,53.506815026245434,94.75998232092137,1039.0246441129739,40.49148278573797
49.77600253108269,87.00159819292618,33.11590829648686,1034.7831099514394,18.751412911510595
28.80092580453933,38.93250687590909,47.65946084318115,990.1162541253095,30.688814017495666
29.290960857973285,17.806150696456623,58.86940962259844,1007.430660717426,34.11769774976307
42.24854382111665,57.65561651617974,64.49627884969308,1007.5290632394731,26.810564181883645
26.21598182444787,83.4467111582599,88.64681147232987,1030.427983504858,32.834515823647386
11.089097674172738,12.135377603565168,29.030707475132207,1001.4313594291777,34.788198807599144
21.12332781503921,4.14083076526115,28.641071453056206,1012.976112162929,33.33225282717248
37.7500626815231,5.629349358184365,45.31277199072852,1016.556740193986,30.23385041669956
43.6224219221695,23.048871970045592,53.05611660188241,986.6912471358322,27.418604343476083
13.66019124991476,0.7302001273524317,49.90205295726261,1013.4776678356583,38.34737952242897
13.098763206959664,42.86727694012878,51.35214447749041,994.8104893012779,33.989171486629026
16.38041031038978,69.7749453920917,88.11640008620122,992.3970128204877,37.82951830065699
29.810534992808886,71.0458189271282,86.93346557567736,995.0189348091362,31.843315992007906
13.925453280317257,63.67115232411065,84.44010445141673,985.9611199200536,36.295809433055524
44.65684627302963,29.620013459500683,80.42245342280705,984.1838150373172,30.418834828937747
48.9003794358157,73.59377057084177,23.2311411921828,1018.8119821640327,15.488670969517518
33.95599612473174,57.64875676249399,31.951016218072972,1036.4587318332487,25.37657681398159
48.514984802612254,86.11791967673655,78.575411475117,1021.2799772686438,23.92358747922168
14.392523424963489,47.800551551927825,67.58751386631812,998.7113365167644,35.55282727886946
40.75851765927715,18.014730991556306,73.91556623145834,1000.1027956979837,31.496202122412186
33.92223199223789,63.46528330341737,77.35451087353212,1012.4833521934479,28.616790137801928
13.159591533201853,15.078422935405744,92.90917677738805,1031.9781125787003,45.81147344889364
15.920364012233367,96.31448446082193,70.81143562365449,992.147873020915,31.12181930714008
24.431283325169257,70.32851897673639,42.04539429404483,1008.1106817076418,28.783807196330127
39.582166826725754,75.63218874224475,26.641274961720285,1009.9368033465706,19.371975814316702
43.611113460264896,67.9268442467408,54.5667783270223,1035.8734173325465,24.356131039104127
31.697352187575305,9.75595699235673,76.78796523560693,1012.1691726894654,36.88590483090936
36.07881861121649,46.529981945507494,42.55211205889695,1026.8515203960862,26.80726506930109
13.192476880748616,65.14152429123855,29.606345257977704,985.2680707939551,28.097077965556544
37.053577488908616,22.93558730849594,99.89939283743827,999.6154167655609,34.67060199928167
30.24899064958048,67.95021069094571,53.509949220883854,1016.6854071966843,29.621360653879794
11.146045262314514,81.98854752386784,37.305183318043014,1020.6582759152005,28.609157112534344
47.50934858011998,27.49299794182951,33.16447510321417,1033.112729041526,26.045374906186115
25.642980470742867,19.96033002657578,89.02259039196093,1015.4254246893547,38.242777954137416
39.723100972982266,88.3159977934889,85.5683102609451,997.3747526370885,28.286143274840136
26.280638340368252,0.5194492764567182,69.06564712502012,1012.3457143218035,38.12893063900531
46.64683581682529,25.57470484099287,63.7748408863255,1022.6918005574905,28.972591696580864
7.063969231889916,40.67303981459162,96.1151203830673,1027.0607123430675,43.01689375206152
27.307731288527886,67.22597187868979,38.261409868618834,1036.6750562413604,26.024394958660316
1.2577501029925886,99.70634944596719,53.231487677214524,991.4451585599027,31.946460035887927
9.869679626905704,37.081839490267576,21.97320014571245,1019.6567096444454,32.03479524429211
14.051325230185535,94.88087260395193,53.487181373303514,992.018525331619,28.815227485926613
23.63050355486735,36.67742821582258,50.737321618455375,999.0723397393081,31.16843456981084
41.00863287120482,69.5529256684021,95.95945915120865,988.565869941887,28.83182728961452
23.332725028324617,16.53670173244607,48.65859484295043,1026.3796246343531,33.19590598792824
28.059359975419707,46.04078585847549,86.78314074776617,1034.839971228675,35.96612662893263
46.20271803406552,87.12735186392602,81.32749276117714,981.7957281350668,23.299631420731515
37.82662322510305,31.99943800738092,31.78176399863892,1028.8104820898745,24.436499186390602
2.5101694107702297,10.520259868073289,97.01737783242368,994.5053229868279,47.51864646111842
8.82312953607784,52.271333586252986,70.47726001380366,1009.2181525660861,35.439906993901246
1.9108756065633614,43.95346862840107,67.72404218384028,1024.8931507808904,40.421462212424046
3.4528130389242406,22.95396301195164,20.93643552740798,1010.4112593220628,34.836288062348146
16.94274009939738,90.56152261471651,75.93686349148217,993.8749939341915,32.43195259430035
36.39292519331268,60.16867381802531,24.450309154552777,1034.369942055201,22.501302227773973
12.217644638529368,34.717362183327275,34.83046494801243,1015.6149585754537,31.861925105626483
19.61431312357688,99.61312390539405,27.889678606979604,1035.875334992308,23.609131861252703
19.69373307218097,13.756620327569347,50.256473843872804,1030.7984802761734,36.26343827677741
29.5153275171147,84.79515125836944,83.65692017062945,1032.5952585532762,31.024370138126518
44.64595035825188,23.062493578382504,76.59052368211889,1001.7027640994384,29.780728948445557
49.161364171529506,23.950685790296177,28.535611464623845,1039.23890783419,23.077545520153347
30.23054821639407,49.816219824054706,83.87689542271048,1031.143667821573,34.80851047431877
25.25352399193203,66.1941969817519,56.86777124052807,1000.2564194911524,28.103518143937013
34.093784251659955,69.04630975119893,22.61046223104385,1033.7849214472851,19.714267774371834
33.40156237110112,2.2127636102699078,37.90611682105914,1025.3175698192774,32.46458723359427
26.197293133793814,28.685795319750717,82.81484223742407,1023.5082215452301,37.21995820848274
36.8478149408748,66.06040752735673,78.66397911384976,980.3735498275931,28.02939079974002
24.56357014924533,88.97347936877922,35.06808985167142,981.3540750610113,22.869320702358795
49.82292131260231,66.98908884063026,23.039925190217954,1021.687552032181,17.130745078856368
2.4498651723453,26.588131475356914,43.61615551887134,996.7210126935067,38.86408929298311
22.160781088370936,50.777274898771765,83.5941517756934,983.5111008300264,33.7135948296946
19.85121719527911,64.75764187454031,95.07123856190259,997.1570636462666,36.11175315134921
38.5151978473436,13.533935089702464,65.83085079428446,1030.2745684661295,33.96613354524651
9.541267820370763,54.49069032673095,27.288308397558936,1008.2367078296802,31.51114999326322
21.703774900386303,47.16662280526614,60.16689241448876,1016.9347555203371,33.61524194249232
34.89722683275053,33.66480347413471,99.90330977514029,1028.0303248562723,36.85815107753675
30.15959331584056,62.35376682587857,95.09352099929552,999.4024683130677,34.019304115348156
27.256091573830915,63.621629303046255,99.45688031212443,980.6687544932489,34.264741630408
21.747756620291366,97.14699060403113,75.95317685745704,999.3992651486574,29.323719267537154
37.60044001219796,42.8305197412896,54.08708516731521,1037.4007033928492,28.844025312726284
32.32125639551355,53.12671554836946,91.45036480755493,1008.9370991433224,33.087640666621404
43.735551267300686,15.750258097065895,91.61443704357558,1014.1884562266772,34.35407607296795
36.64994432249218,54.836233887579134,31.549186642887264,1025.6257615880643,23.65802203401387
7.020378222487361,3.6085949174874954,82.03086854493016,986.8960027147973,46.50746496002471
30.976902088231046,14.987757445686611,93.54476155626162,1024.036158009844,38.30016872626146
2.226921661358511,17.124680349508047,91.88157415030341,997.8652667868444,47.267460237176046
19.368543114644364,63.26391175044026,76.54668939401088,1003.2896897362477,34.858148200053165
20.596885336088803,56.72946407340434,62.98866683155972,996.1693918485995,32.14243296612655
42.74414517169009,79.80369569444417,82.1399411456908,989.2127327676108,24.797645370493832
9.018585338857733,46.43994318717968,61.29246731149733,1001.6876824285678,36.56509026681102
32.17707524616427,47.48562368666113,45.69872555332,985.6783369245196,27.805927055720193
9.619351129281922,16.155603212455137,40.71507949705608,1030.6866835938172,35.734812356175496
47.43350755988971,74.27014297298196,63.252577972905954,998.3567811050951,23.37366525430799
26.47484663241067,0.36529256519354236,56.47639044111796,1019.217039099611,36.95970297233853
35.41068824142391,42.489087314634965,61.95962144270662,997.8017333351871,29.213869749130964
32.327269523850354,18.8325091136336,40.85575268297832,992.6422425052235,30.053472685456256
15.181926198494455,77.10099245419838,67.24664971813309,1022.8194259038099,33.15896335375392
45.05988802115634,67.3391360687125,72.96595358049802,1017.4402292324078,26.353199049431232
31.362433435783153,70.67687098370855,84.54791149459786,993.0862958731369,32.30107579830179
25.51590096987708,14.857788569647045,67.19899381303466,1016.7257689031829,34.45983935184646
26.418034672478434,66.88140736603107,80.48566418936066,980.3001006643711,31.04008161054107
44.53452620711021,69.08937098203936,33.55082607733864,990.6148763960127,20.566307917107405
2.955973641713505,0.26370847033859723,29.685015581001323,1023.6652387038686,40.188014762983556
19.453104604554355,31.76008591114934,34.371287232264045,1004.6090399915705,29.568007974821302
42.081376390950645,8.728818124243176,87.70120974541132,992.2177332169357,35.804544994248275
1.8757623462847928,68.13942324114902,64.49199087497793,1010.3549826212153,34.67208783943059
31.95906096610678,21.210866980743493,56.425218522373505,1007.913020061208,32.27882771036888
20.16320915699335,26.465931522932173,80.97275390240985,1018.0361775501158,38.76987502230757
10.229173525101503,7.832907547015056,29.926233242173545,984.3522991964157,34.33082551579604
30.57024336285029,48.38066652719982,20.496637098390504,1029.1609778315358,23.71702933617348
41.55305014977349,3.3032809492381743,44.87718478987773,983.4966067357489,27.710583005498194
23.366977717313127,84.55922128750106,39.911546724007316,1007.2313164723885,25.20119047340114
7.33686947105075,2.6366040016279957,44.586466381456376,1022.6283814201001,41.401851718734065
15.307560991098136,6.163969418178416,97.88554777012035,1000.6886620798945,45.05104380544254
49.06766250245085,64.04066332174871,65.4196594236875,1034.6071118026437,25.55513019676511
5.554594336192875,91.6933523025437,67.12895237306732,1025.3139113813402,34.15783039758994
8.035751009282377,89.21211346441967,72.4535430237008,1005.5628838914464,34.61761140621453
49.508892395493554,8.363051101386231,51.81803723993821,991.0295836263713,25.57272979261463
44.10507118439589,28.844672163905628,98.3180733135843,982.6063345142248,32.74540439485411
35.35643723678735,52.10368568622786,97.86091370766741,1028.0998596452425,33.61133493233144
7.549162673051707,2.6623738696466503,81.5396250244146,991.6564547513735,44.76172588397769
12.027457492580684,52.86426155484825,36.935373437131986,996.18045046273,30.602397231792875
9.009110203265147,44.77656408439569,90.4157463383332,980.6227017830348,39.89756158502411
31.54774275052979,58.84109955595209,28.07359068546812,981.0936130980525,23.620829003272267
19.943444387019216,92.03148835436032,70.39158604158885,993.8251060500801,29.93554090882631
2.388956809754683,27.461930571146308,56.57721132486681,1032.3721091762984,39.710609723644865
14.564615136325203,63.90965435185888,23.13725384482676,1026.8493829073905,27.140581627667228
43.03266130323256,42.98323359730952,92.31256081878239,1026.1923869007467,31.20174033462359
39.8021166707332,43.5128724321577,96.88742756173286,1029.622086460884,34.388248145940565
32.15059019846071,64.72714022593479,92.59156281325082,991.1968141356787,32.7523077649321
4.2771757097069765,95.13363951802349,35.39734386849282,1038.7439173606065,29.272786137595183
44.139540956977434,86.3031505665838,46.63855210186337,993.9315579407973,19.02684580940588
26.72589043741274,63.95224454791683,96.4586355132135,988.9957910563545,33.42838626005658
24.728800501502352,46.1538088945903,28.513915526966926,997.6786816219411,26.54338165592974
46.7031788491112,42.39921009118272,66.6643794817117,1011.8272005294087,26.848280521742293
0.44220134625385654,78.71329109605402,58.84179884906417,987.4658372245771,34.43265571735651
27.79486034173866,21.822068374341153,32.15189043225269,1024.317261403052,31.715777413030057
39.562219559435306,58.76665441624591,90.92619942235729,1002.2916013426866,31.303213065799138
3.184523732775707,50.495376823647106,30.732354379967404,1014.1049921370299,33.594882654336274
17.858603370743463,64.93535607005073,67.41655686556494,1024.0541614190047,33.56752276496968
48.87425922598535,18.742102784980162,45.45447058744326,1034.113624855737,24.312550461387552
10.589302582832383,69.57572238045302,53.43849121415572,1029.160818003396,32.005599270924925
26.558971670297765,62.69997942038847,36.90876913832399,1012.2481204671342,27.60648045138294
37.303451301727755,18.014612146962662,69.97352523190503,1039.470373729077,34.668038483476856
19.51869262534678,44.962168929102894,99.09419879405272,1011.7843512804928,37.272600734383346
20.3936623328868,67.86193548433424,86.6834478139394,1012.1583294956482,35.55177567579757
3.1634176051634713,90.16042694423963,74.65646852612792,989.5092917000926,37.14522663966062
9.504667421032526,12.20996282112904,80.51050245113615,988.9232321668882,42.18090140252742
44.0304612757794,0.8739418248606023,87.14293426036244,990.1220675789297,35.8366924561119
40.91588202083754,16.515415807516774,57.80376760494062,1015.5092816575554,30.561792156449595
15.231926113153415,98.92737345188168,65.36353646209271,1004.9103148091255,30.631331785833844
19.08556494904611,76.83702576118145,91.63862042551357,1003.1530700998658,34.8948243742889
22.0205211811023,61.43690188443527,75.67578672803663,987.6534975518184,33.18670134014981
17.297181413713474,13.301306714937589,30.881856431027977,1002.8654127067267,32.462887626174876
32.695585209021296,41.604584926147595,82.36286084225736,1002.6793923474052,33.47534008114162
0.6414215435814163,71.52388681467185,21.816505350949377,1017.2488625893945,31.265441843667443
44.00840279607496,89.58841622363782,87.80215946336399,1003.3045819498884,25.380765455211264
15.032454677630962,38.18232547592416,83.06394578275012,1005.1257208491145,37.027102969442666
43.618673091316964,99.96898773860397,86.45967884047079,996.3525775554757,24.358514579564318
22.719290881164362,13.973641232889044,21.887403682397224,987.8902347158496,28.54989060251904
38.81654958533894,38.693592101789484,97.79590672978716,998.0006531332647,32.73420271827006
41.28899194558231,87.53974588663039,69.13056221865291,982.5659204203333,22.930232426273378
15.064441181561644,64.99156094483276,84.00387145469625,992.2225981210959,36.99342660958142
32.016240455845136,81.09194930073627,65.32472826968326,999.497147178872,25.7034538821991
30.37069879886959,90.77991387728838,47.179945293981824,988.7387775155589,22.515154100884335
23.800705095843227,50.731639550668916,43.691869389882484,1019.8981793211706,30.185142309687652
23.478433844863556,23.474715088704322,25.59471660126162,996.8459016937421,28.35947717158233
15.260163516885717,69.37069050624437,63.40119546161715,1016.9316544238535,31.94649429755253
15.509525580398098,56.347968470935726,31.48713241677268,1018.6331367406383,30.356914505669298
27.407580413601746,77.26492047567129,65.4013907687588,1006.8372967053884,28.608722856617206
1.6135308994673914,51.17137545627662,69.99329775594072,1006.9463865990052,39.84206550761715
46.6832190987361,81.1111368211255,55.36645583751018,1014.8877957497361,21.00277708791671
32.498966148489075,90.20174759625975,32.50598722514245,995.7473811303101,21.184289712850475
22.17217699149404,74.95830266523974,54.616590135957765,981.2746980315038,29.0959720785356
3.090300106694621,74.36551538926042,90.29375793975674,1018.701475876112,40.17146506313824
31.500625506153497,58.718934124098766,56.64382341682922,1016.5115230289244,26.746576496105384
0.8871331372082514,47.16420121160376,47.41835665149813,1008.5828638683003,37.33933209230154
33.993359754600874,97.25876568098887,70.38111666226285,1032.5459366305079,25.68419549056695
3.626222376199112,64.51125321172891,69.50898126480931,1010.5174899643558,38.69498973201434
32.80510948799066,84.0356502225362,27.24931984879076,998.2096798223467,19.65088283398899
20.294388317522426,50.54090285435765,38.9192454733595,1022.811947225783,29.577324329486267
33.13142474248984,55.485785794422085,59.55237578498828,1037.744211223787,27.457867739251682
6.924866278665299,66.28890236121589,49.30648582332406,1024.2127332690625,34.69703295956686
5.869145460388042,72.85523686503387,45.59655292482712,1034.5308730441504,34.44918286708066
12.371202050493817,44.835574153663096,55.65709650974624,986.7628566972005,34.140905824106845
20.57556591116257,35.63149283333657,43.22512731395985,987.2591799246253,31.039051825267165
12.651547593998474,23.94199224633483,47.79773633258233,989.2763423764646,34.69584464935014
4.1007692188195115,42.36454228552198,81.89038344000939,1022.1712662093175,41.28704354931493
16.25140491533304,21.123791055727636,60.8184792064775,1003.382423777452,37.636180483480366
35.28804500648838,41.67616457785178,89.8284715505864,1008.6626677449563,33.12934249455317
29.154305209190827,87.46594728255118,95.88482056940391,995.7152069130548,32.019290870526085
48.166227750977356,97.70701815888137,93.76618408983549,1024.16634840662,25.052454400081754
21.796083049527432,57.71019706415461,40.296887411733366,1030.7208789540646,29.839668388759996
16.640117756898924,14.600538027880539,57.830874385347926,989.6128481117314,36.362400625513814
34.683976384636686,42.75555810641559,62.80417463321044,991.5640475877111,30.396468001885722
20.597939473149975,60.20765106375667,88.17526037633313,1000.36404598752,37.64887370468569
30.915463436661312,37.07717549380393,64.72165350004215,996.8099956943175,29.701741537159624
47.314364028318174,20.51561737274875,40.2172392457474,1011.8921955160429,24.672389521101767
24.959461426961223,22.68242706471584,63.803129105573674,1025.1547526823724,34.96470114782055
24.908750294566474,47.39288890145288,23.542759539478944,1027.5964216673465,25.895715438757243
38.75832617136478,21.64286958732723,86.7309896382224,992.5069812649531,34.21551101503728
37.80383275915003,24.952269184183727,65.27994995769653,990.5349112485209,31.6269112038805
25.81157231953987,87.30841830021863,72.13737676123722,1001.8216565270042,27.148706850593708
3.236017444839523,77.90603185665496,36.07513039586615,988.8634377683205,29.117445660590594
49.03934969273158,5.5312982938919175,64.65075814751151,985.5078239421478,30.54026402284011
18.866021051463676,32.01767300578631,62.450951227562854,994.5548933053227,34.89756384667459
15.83532082243746,53.19331521089473,69.57047578051981,1003.6366266135975,35.267833278921515
49.07734166420737,6.060863952195539,87.79360410142863,1015.2704999469308,31.816690964337273
43.606760844698655,68.31712629262854,81.16307684600527,1023.3967279707092,27.512986964023803
16.510832091874654,38.44451480432639,63.74995272530798,993.3686903853181,36.74104104804795
15.415452787648398,39.71784808104989,91.47224698709663,1029.1198281820484,40.943237318354406
36.04770713170547,26.532736660665414,48.673467856782864,982.020245693404,28.40658365247912
16.715795124753924,33.39289938012805,59.40406560589582,1006.6427598042343,33.6594386185696
12.57159815822025,86.16898971813266,71.95472029211828,1017.9845927549759,34.24721392410445
48.983542346363116,78.86029753914976,55.26133517344674,997.4758416559121,20.407211536087907
28.285511889195003,93.57718962016986,48.9134570973168,1021.0215168165009,24.046079821960365
38.12488106274721,69.89973812352522,28.991540135683973,1032.023208518281,21.94426556556399
35.65274798459454,57.787176267423646,70.87195822066082,985.3619792295198,27.755635428691217
37.77629973250564,25.92562866125554,35.40850922473864,1010.7536253237248,26.901669379318907
45.16949880917716,66.68553204824734,31.060398102810296,981.1262301877763,20.01906734543144
25.038416644692013,90.61580883777019,34.57223139036781,996.7744571716985,23.442432432872682
37.66890896307674,6.916559756443375,75.07843975243517,988.2164166881806,33.34977103764628
39.84069171615357,44.307023138792026,31.06873867333258,1017.4565002896388,22.79437950661241
47.31922927480104,14.936071295560271,98.0988809448912,994.9210200238276,34.04656197395166
35.654835152633716,81.06164810003058,80.6833101118495,996.9438901851586,27.546730405444784
44.630789969243956,61.40982426652945,51.41877663043726,992.3378175210272,25.13584333040059
4.751905009998092,87.96493170190192,67.46262016615879,994.6281502972148,33.11477508904192
6.304829695403935,6.310012251665764,20.6101314484214,993.5066129228396,35.04943970834735
7.917309475517126,90.5730679114099,87.5625548983181,1021.8722792547112,37.15190056548445
7.240653602171926,6.719661851978042,41.69692552238965,1037.3486239895506,39.05086635741701
4.375940620067192,28.760580084445564,25.75069638866203,1009.4138854944092,34.04128858072652
6.128689289313388,15.616574713000375,80.64951204150373,1016.0232677427565,44.98989044553382
49.79551424336635,14.538566408763188,46.36653301157569,1029.0863686032676,26.551049310558497
13.609251477522799,17.166989797900467,65.4032926562555,1008.5663688708177,39.66213376582482
23.902405357259816,48.0217871770544,87.52252394415243,998.1214620639092,35.18998177163944
41.0807684767725,78.43622877984588,82.0745088527556,1037.0584892895774,27.221755257178852
5.915233704394246,89.82772750471963,46.9469433893464,1034.3693931438706,32.200336029028115
15.868250315438686,56.68773584480813,89.49572692236322,993.2215857696425,36.499036667826765
7.964301010879798,15.775155727412182,51.10799315945656,1022.1845868345737,39.54865083634139
3.1278058013703367,7.91906725341851,60.00190575113323,1018.8283721916246,42.28565434560531
48.03766903152542,49.412961957826596,68.99669361191208,1018.9779709790821,27.181062169646943
42.917891800910155,76.53802348170146,25.67846567483158,1029.8361811366028,18.231704021185593
43.964899743512895,62.016105235395635,67.77310690295651,1020.446337270225,27.7379897245818
43.43400665661886,58.278158371800146,66.19337926611072,1011.0802305816218,26.443096720551896
7.728341711273084,4.815521425033598,89.87955799356598,1030.7639559628153,46.557590152282415
39.24984481170528,41.1545388430821,48.29310983894498,995.8904598820401,25.318797036370846
36.39356008836425,55.03838691373927,39.37509424062367,1020.7535313128451,24.892768353992274
46.27076802122912,59.829155868211615,58.12116210182495,1022.0912167214866,23.486619524465763
10.966113613158335,0.48080621870608686,74.98653196285989,1032.2192126386121,41.75409930956409
20.702219343782723,19.95549764706621,64.95153898476535,1039.8984582119756,36.87883036568115
14.746425635694038,94.97860109387608,31.056533758640228,1013.4530775918208,26.908571135649186
12.895890915840013,50.86438382788068,47.83133038230859,1009.0648357321693,33.07667031583259
32.61908437614189,70.36422019511383,25.102861074586073,1016.0409938529316,21.70995690875616
8.197167489871953,30.81867321963474,79.14610508053295,1019.5206568786302,41.15389402356138
23.24035598165898,58.53719930185311,90.63586582651155,1022.7790534832295,38.20671716684218
32.33202237133986,35.64672765888503,23.653840390474954,996.8732337063494,25.569683431577516
6.515153353502134,29.69588787869586,62.03419928420413,1009.2219433486525,37.71542802393373
12.849006866886892,41.13979805737347,65.27840267001449,1002.2552347754777,36.06503761261697
48.36830289521657,45.98279291596723,55.10623048011595,982.3263969655629,23.142875109366262
39.77146658352923,33.114788717249674,60.218698861423846,1016.57140618587,28.140107038619192
33.84773381436948,25.798961046940818,76.82853867964285,1032.4888713543783,34.24419862946897
42.79846035506495,62.38203767851158,58.698051225706145,1035.288362122939,24.598838856714877
0.6984226069447208,38.07324765845161,93.57217071612496,1011.0454191690516,44.46712886490661
0.3037217200056952,20.182603058049086,63.269903814480756,1025.9530746111911,42.79368896621504
7.698331798783525,75.83677080585346,25.743732765388607,1022.7447644247272,27.62255639537634
24.762855970888715,72.37415809956866,96.26597285049468,993.7338785943813,32.23722974891877
28.498685358292658,88.68158281852921,31.74485613531102,983.7746326166288,23.002279081020884
5.684426572103063,55.5019019118954,82.75679200123827,1024.8713842965496,41.23265702423949
3.6142809925340025,27.943700741176023,62.15245491774415,996.9616634383228,40.492339422811725
41.41670655484406,86.37076790532807,79.27139634153367,1012.9629470212454,26.132547989319683
23.22342407365292,28.030112058269918,61.074390734509116,1011.4438625815482,34.17074486582847
49.62472128944615,65.56006032152558,24.717616026608617,1029.0724343345814,20.60163489194495
11.467332955650782,19.03930360227245,49.99407437516376,1018.6787396532662,37.461510171444814
32.36005560499141,62.91747152852124,69.65487856324208,1030.828838799877,32.413141174029846
40.219408276550276,84.08571893573551,70.3105774826142,1025.1341588946646,27.377682745136568
43.63190780063748,53.994410033491505,97.84355537470329,1039.989879124,32.18896808520474
15.31595077362965,47.0887511311814,68.50597586988422,1031.8324981306391,36.13889712273189
9.664019145360808,99.34729244548751,42.91513051167742,992.664596036961,28.212637953572507
11.30472866596527,2.245209122630043,23.474039206546067,1037.6833351485989,34.99800596356423
33.33713847682586,33.17315806247243,83.0732160891092,1000.4080585178546,34.35168815692637
26.11649190860942,91.85983577955078,91.14323651716184,1016.470401420012,32.39375716999921
29.94956913147393,64.26426851861329,69.09104322976694,1036.481043393192,29.19779075009983
1.0264308990893423,54.2097275409897,58.59015488164918,992.8499170770876,40.271085866128324
19.54866045352011,63.76917086513855,88.87892141753399,1031.4379377249888,35.678099219447375
15.5074233042507,32.19411502667106,39.228486322910385,1037.1891563065346,30.810097494240942
43.189064537225235,7.116813792401622,51.89856668995822,1031.2250088668031,29.399086663341347
38.812934462484556,27.514783516831287,60.612524337607276,1029.1502797359447,28.8710848430802
21.47859321798467,33.649609965284675,23.949809350470872,995.8768619757401,28.3880415883668
31.52647905422298,47.98651301614548,75.08631961225859,1004.4259795939154,31.9057976522165
2.3839696870898375,39.38965143104664,35.084789294459426,1025.620042023565,36.306244666927086
31.86257253958168,52.100222390291705,46.652254798977424,987.0899251983116,27.716697668725608
4.860249767722219,19.608138323383994,53.15942511223501,1033.3023518786597,38.95359731053227
35.7009390459506,18.40484620175814,71.0808263691558,992.6154180310284,32.34033005196637
28.691922426678673,35.171247764387914,25.23872303259808,1013.8884008332245,27.357421704008335
15.024662132110311,47.37151415774721,47.26893894029012,986.3035703753014,31.65444894027541
18.541999816123777,34.17285925986609,41.94893891779421,991.1113967989977,29.997286941361317
4.5045791216578035,57.656223238612135,20.121553768878613,1015.1300036957359,31.563230688180013
16.139423520732993,31.000611358964502,75.33227529747337,1018.078529688817,37.894270375865574
48.34214551481112,17.716899443854494,38.874794870650106,996.185091135854,23.588775001700196
24.30924313085896,86.28281100085107,33.31506903511666,987.1458388959255,23.67918904205614
23.71204610259231,20.06020985760636,83.83722101875854,1012.9733557202558,38.45955373437427
31.461439449477446,96.66413898085887,23.135864563175723,1030.4382703674983,20.711518973146966
24.22219048682403,98.74040742511211,92.01919581652001,992.0867354940127,29.994861052928552
17.77545498814884,69.68037955199114,74.95213298430915,1021.4939185790691,36.374177306174815
6.9760787034363005,50.200099413783725,33.73970779369857,1003.1528641920058,31.337038925317692
31.515761908339783,79.54188312706285,48.008242127511956,1036.5852837937787,24.87627596468903
37.446121138967186,87.32027157281557,95.99865055857217,984.954388901795,28.004498170361845
46.155132649121036,70.95917972001608,69.50756657791753,982.398101263307,23.92717948869934
0.15069282859365707,10.20447554366517,68.6974109510696,987.4584957146778,43.74690027927803
3.333020560699457,0.2987869424675438,72.24568736901215,1026.946690408799,45.25236914583037
44.97028309881674,19.190132241055156,57.01902044225549,1035.3661839696404,28.851408676971154
31.55777697597923,18.853189560521578,33.38427305510273,1029.3485987137701,30.288357824752694
47.895513821607786,18.251749663995287,32.07128893081166,1023.069920655913,23.97490424850803
21.542229706103477,50.97723187297301,74.984851550309,983.4550794844581,35.48479751435786
20.83435851248537,52.008446364566254,90.71530547961852,992.8286954344884,35.002320387101136
17.21322896986858,72.30220467086721,44.016870932126466,1036.1227437557245,27.48645675363911
7.140946193485808,20.1467812970211,60.2722855900834,1017.3675836218299,40.09826803841571
18.93164544738844,9.265995824500472,99.3790274855513,1008.0994524475502,43.52974607270702
0.7324270096818963,66.60913177090528,40.57289570770684,1019.1387264167067,33.79420907245193
25.46566424368274,48.399702293589655,51.217114284424284,990.715625602109,29.747072679586932
42.36051035591227,66.63206500436704,49.08172768468158,1033.572137729324,24.477671411303415
16.059837684530738,38.0740244746483,22.606866892767385,1019.3782176930232,30.563587212258007
4.732007826067846,75.0795534448621,60.761357918727796,1008.2746684837485,34.762174922972015
48.68806616769784,68.26007776023695,36.69423092013272,1007.4425354139072,19.15842729969102
6.448880444051292,65.03418553132153,30.287807764291976,1029.3426522042412,32.19082541752342
26.434874838974963,2.75692833212845,76.83327995056445,998.4721123842666,36.798731160302886
40.459284362705986,85.81241587046226,81.26083550468671,988.2279080744537,25.169672715130122
12.61726036976339,37.66070234487151,91.11132280083524,991.1401726617298,41.60160781092107
42.07447699478155,13.561554226918894,94.73059142909766,984.8681595752367,32.938788049222346
27.85125703534107,75.55885221385743,89.52527681062149,1010.4717756195486,31.376617504606436
16.59678399405589,48.647492145182014,29.799573655368796,1020.635491579737,28.565495017272728
43.284460806530134,3.20053816872381,37.89030672368111,1036.0391120740405,28.75677398466188
31.100007665647546,78.18714697490404,29.798023576873778,1025.0488984406115,21.47712867246183
30.76922132938752,43.5037463052149,48.281962475567504,1014.9866428786347,29.492779031736575
25.20048585682615,75.49259362478632,29.925747649469834,1031.8372361280822,24.402882823990044
13.736874356686634,75.55910194228117,72.2621837291513,1033.5327836120618,36.35171621437385
15.243022306087223,9.993621042976752,77.33723938967736,1022.743138489946,41.351506169414755
4.403953642971531,61.32258231678035,32.767495431836345,983.3770756532161,32.9361632143856
12.18618530913726,36.013706443202054,69.72608403047917,997.5057388324896,38.35216017204369
13.891254302011614,54.64018940056633,21.839152528492694,1000.1711575021234,27.937069102593245
2.935074631573226,8.85469790718435,54.749621556852304,1039.8428848238525,41.970763756411166
5.5157368339561526,58.81835591567188,42.827124326615824,1007.8497545760849,33.792885432268825
13.512649426885186,77.7540022973778,99.87959015742267,1025.7131147586904,37.945155836303485
33.86262615598453,98.68138040451599,93.82276951864748,1028.827836435436,30.25095409827403
9.211749551561304,32.02795498356987,31.80523648930133,1019.1956071386458,36.438983813976655
26.092479994393354,15.51247508591812,93.38966331189638,981.0965878484786,39.10724286039899
25.39516327477644,36.590120282521355,53.5031869914678,981.1609690330572,31.827747622153716
41.70190398118282,1.9302484473865955,66.1318502065406,1029.1266749957053,33.067518482533124
30.45819026957949,40.87733221317455,62.701154084784164,1024.354398405882,28.797016414441455
45.849953934692046,91.45894849220404,78.0925241404608,1012.1669917196253,24.287905087352772
31.405068465770082,19.43510941244937,46.79654349579907,994.9319429884913,30.734610978538683
1.2757818899625128,47.771964842292824,25.574606898188968,985.202821973613,31.87173039600494
19.07460359475032,57.26170535778663,53.41015518365574,989.8561019988853,29.311584445120783
34.95239880280563,17.990711988523557,63.56044404250005,1014.8194264643021,32.71281299235244
23.75609472097471,33.01055237006568,64.3931166304661,1012.7495981546484,35.87136214768505
20.969893491079038,91.13575574919982,83.40781044333072,1036.4760156876896,32.206816728836706
33.57728154479307,29.572873834542314,23.538067954540782,1037.4366030845208,25.657305188727094
14.286643982579895,63.536301898295775,99.047548959124,1014.560410785436,41.55702674940775
45.448901584591844,13.695191871664825,99.24520023134215,1030.4859560123316,36.12829837290143
20.6571800495292,66.98667793426038,27.921345768466885,1028.7349709666648,25.392813488986523
31.560890545876642,27.914440996246004,47.52139882914206,1025.142594016072,29.398346105176692
49.116663328509766,23.12627817324362,67.22485405544404,1006.2402809259534,30.080185021398343
39.274011497701416,12.416518171819725,49.866066371196005,1003.364378798772,28.600310366027603
26.581157938574563,4.6824385051171475,59.0099750244468,995.848038437494,34.53263181076586
42.96937941247176,96.78597114295627,46.07426853778496,1036.2257005144402,20.47688003832082
28.021885923455642,41.39047161022582,76.97066588978814,1030.0655209949182,34.0777772441172
22.082671731396957,77.76155022927769,49.12137956165797,990.6269465255986,27.9632149773319
43.67264724989977,92.00892998522318,54.39091347313354,995.1477854566508,20.786782117384853
1.3577678445471475,20.402043627779666,66.07261887695857,1014.8796560645038,42.35580991056089
20.373306838160442,86.98485961111481,97.53610101862323,1004.8159864126644,35.865604466415604
17.149623328462305,70.80245478783155,71.34435747148817,992.8338587486022,31.797919451731683
35.70431531810409,57.79770559756994,27.75369195044358,1027.4693931036109,23.0788735505733
0.629310757690682,80.90778083550786,45.51204966038385,980.0931877234678,32.30886387445697
33.0426239402237,11.066457951418396,53.57716354117038,1000.5965920082758,33.41104715944161
17.31806179622891,26.36003362634296,79.21390561507886,1035.760994753961,39.33142954934617
4.894668952145231,13.105087367704893,55.75004414190373,1025.6460798887908,42.75911848549328
49.01653908677846,89.59705701940517,72.72833759280546,1004.0770986817165,21.644374553897258
10.611436892538556,9.879765975980604,87.15958050678384,1035.7237051149411,44.46614713008758
17.45649644738168,97.99504215215038,28.347006697352917,1034.0481923439088,25.7246665048519
10.352329463968967,10.989121469819441,81.25916639549696,983.1550234348009,41.43179814567902
33.099559864601105,66.18196786501733,79.64638382680008,987.6764658372351,31.401521142886374
39.1258157034078,66.04940486351103,85.57699035178624,1003.2338178742863,29.324656718393157
43.03204173207905,93.12461776377069,96.48531757356471,1035.7638590934291,28.117561349691176
15.54991089720818,32.313250969953444,44.76783803297145,1030.652310185989,34.71794406048921
26.227669576575813,33.201190994292276,54.32163941707494,982.8657028520554,31.281085098129257
33.16288124280955,84.62933063317604,41.01455992608743,1010.7398562646556,21.885385562628876
31.476048756019548,97.85755527377967,46.16845016200622,1023.215197724789,22.995232871993206
35.80135968079027,3.0138778730953386,46.38607672066493,996.5553611686237,28.575919829772356
38.48636518223773,63.53169207639709,89.58200150686991,1023.3514699872882,29.434570719259494
4.873667803565196,24.363965038617895,25.03186541451999,1002.1835293033134,34.49985084475241
8.415551234583246,72.79622880951044,36.21588846998603,996.4433900408429,31.84431492469318
36.71605247570445,77.2719009204964,68.84465714442896,1003.5538896218444,27.912846486822342
23.83377669549348,76.25255569408174,81.2155825656464,1037.0480600170563,33.867376241258555
21.3516895536286,43.55111763221794,75.79016431868709,1034.3176625559267,34.49520119346169
22.772006253879713,15.780138640834052,23.726054054549934,1034.837077190908,30.886796732027808
18.601300671568016,58.476463095105814,56.30355050338933,1035.0427465074476,31.597745717076297
29.553375629049633,78.90380730717112,34.75788705260708,990.696445467634,22.94400845092625
16.166277132768798,91.2194999116345,99.05137652921285,1033.7636839433353,37.25565031560643
31.84077002954494,45.26443237792795,99.91135705586798,992.7365861458201,36.16064328850041
10.131855775940346,24.567539712741826,24.071883433407972,1030.2881370638881,34.74341474006533
37.88444568078782,11.882247312119954,73.41793027489658,1012.513933159191,32.04018763851516
39.07999872871253,79.76011077694186,85.04519523796289,994.3977366528161,26.661897514994866
28.9260408112323,53.529736713376074,45.982389516867755,1003.9112247795614,29.191231762421946
18.46617313747719,67.4184092480215,75.49091489963254,1006.0026910061408,35.42378348558772
0.7198286618430805,15.92404006478998,35.01348278524013,1023.9902750770939,38.647292123112074
6.076623622565669,0.6578817205510235,30.236732261825665,1016.3612882928677,37.690592743497184
3.984350639433376,96.75816068824116,94.02414534279102,1029.0069295289409,39.72544957480571
0.5102512574432949,81.08881919770855,71.40285795857525,1003.8082992438469,37.79676879562132
36.11098859504515,40.00264094891748,85.35577921779817,1024.6154321411327,33.80845092975475
47.80333799681969,45.714778494629904,62.617053879477425,1027.5682700510263,24.846628951625778
0.5584132649407492,92.90653599939576,32.37802854960034,983.7886569999336,30.963660874535822
5.6345300897731985,20.7650283749502,50.132414797578626,1002.5382899652993,38.344105388768924
43.03379296749356,80.28286854760425,90.53255623596891,1033.1593695500724,26.652290716491454
34.42511247381208,1.7929528071708223,21.248526207799063,1022.2985551054072,27.085076145735126
20.235519824815146,87.57127863942624,36.57421056360927,1005.1067808452107,24.90340305172762
49.63982587336577,58.92840063930289,40.262927845930754,990.9784551513121,21.29223559542454
28.681067089499752,47.75779593943378,41.039662031848835,985.7966502163231,26.535150645123025
33.479950637471404,70.64577021764154,27.886935590638366,993.7610485389883,22.074388513472297
32.658818341775635,6.765113128060973,87.85757547764118,994.681546531362,35.22785644498224
11.135081504444704,19.554395688268567,32.76111360034469,1002.2397167510737,35.33980159325852
24.40622048887461,40.698508213797155,86.37395086470832,990.6152985537975,35.3250959582877
10.820564927516275,61.78661767301317,48.4049422132244,988.762852043038,32.74198875083743
25.47322651038118,14.454829022325255,56.58544733180773,1030.6404053736462,35.14360614224237
1.539060940430309,37.949230111849005,57.028067168396944,994.9722945301505,39.57000260219821
19.09795884258462,26.08928246456622,77.05190577762376,1013.6963221524098,38.5657026999226
18.610503644423424,64.55693672182431,78.50398672712977,991.9579728820785,36.23044208620432
14.581531092591238,91.92784495620481,71.25504224296213,1009.505210368404,32.259853580714754
3.961447108261856,16.597913331940784,81.90147868409343,996.6027208130417,46.35758059614011
38.5483530131218,18.926114392769534,20.664254322512168,985.2079806871737,24.724413231220822
21.0227432144016,60.05284797113769,60.38483449592823,1038.9305497744356,32.53894160997063
40.698658938062174,45.35625087746888,61.922027521569305,1007.4683669921635,28.323958985009522
41.78636189607794,71.81046055669684,39.147187271267924,1003.5828438973057,21.163502687989208
10.679869495089484,28.788532717321957,64.50967264789652,991.9473278258107,38.621742031794106
21.066505689941195,54.48196162071215,57.37258957711003,1009.721952823494,32.11947288675267
36.04870026045177,38.6828149576827,57.768984695964214,1018.1131391278797,29.332232338257
24.974807683744828,28.12641521555279,29.476042481970673,998.2790046871249,30.94042363804719
42.75341152014855,72.92964115097963,54.82100306404603,1008.8251040246995,25.29303800607535
28.578450385670322,79.58937485925746,81.31445828414809,994.2248627008228,30.61622525492027
31.479048392928327,32.89514548195386,52.799199297603536,1011.6627849034141,31.419365494303936
39.35117322723526,62.297183772669406,58.99987388374625,1027.2328688092216,27.300517125210597
6.111105381425563,17.859138987930447,97.40163293640924,983.6128067702359,46.49600849899425
29.212411895902733,79.09678827901601,89.74274273994668,1011.0703380539139,32.29446730001792
4.27149343820738,28.1250755107759,94.29601258813675,1003.9617849387038,45.53308111136439
13.02755617685193,17.095474562262936,26.214124057879282,984.4424804916986,33.314364951008315
10.62858532122894,93.99613956663467,69.48645413030651,1036.4305438946242,32.584836101385115
28.353804533092024,42.24842809496965,37.87294996804937,995.5905790658453,27.53645655628144
42.19511891952264,64.34999133494334,52.33949223593506,1013.8766920990894,22.578125697669325
6.640480477525795,80.92133595761617,74.3800137778106,1002.3572150647216,36.43631093276372
38.419826382354245,68.61423172034328,66.31319190856189,996.267962421534,26.656139375641352
7.153306271137444,56.46600540220723,60.458585177277456,1011.6308390373331,36.948134442084196
9.483585642421344,37.161345909842595,85.15587491770373,1021.3417157878083,40.60421550389423
45.84700986275329,91.85230365058683,74.60789035118206,1027.1321120518508,24.498980701850897
0.4864577753327326,13.35420078709192,85.68360851233356,1018.0354685026473,46.94320699757097
9.857202061676935,88.391972087281,94.55457972680907,1011.5777593897083,39.59134149633927
10.777804563920917,70.984883025679,76.95766415660033,1026.6356989709045,37.29058381652092
14.094028169048828,57.14106762744539,51.631633158688246,1011.0473539871862,32.16560608769759
18.17058535472181,32.474776148480565,37.02226795546644,1038.4536102139023,31.013501180952755
5.158900591936611,14.604415574762585,41.67322567311193,1011.6044422557181,38.433118100525554
23.422713994151696,44.316055545340575,51.730406003896775,999.0348286734729,29.99261582706417
19.967518368194455,78.37595205905457,79.20728830162759,1006.7817194120385,32.19436097188149
31.24669054576248,74.53097250815051,23.212373840346263,1009.3994046973473,20.616783933971014
43.37588170343506,64.54422026762543,85.14251800622078,997.0091652622565,27.403247188469283
14.88601300679453,99.24996719843637,80.65079452646756,989.5245695161536,33.69351423029324
27.324388712979726,97.26347706564042,59.95333224657177,1005.8830048517351,24.959653499600638
18.56886850700924,40.000487442279024,51.97334614114247,1033.821969178266,33.217045160958186
2.012514054416487,19.253434266461234,29.015764172139164,995.3318703478717,35.03934466435349
41.05376820635465,46.38382698215352,43.17612607321348,1001.709119894437,22.5896816399709
31.710821999596924,84.45766095126429,28.770245868459572,1025.4633809122952,21.326372290025546
0.10861351876415015,45.856308770073085,85.51076122140701,984.9363975284293,42.85461159206557
12.478597010130832,33.59819650532061,60.747029044650276,1029.5042330598892,36.18838590033659
15.449470249448838,74.12315006063612,39.74294239426834,1023.2167291049695,27.599185208557504
40.57657702655709,65.01374118018846,21.44714788167727,1012.9858484453791,17.6711095180341
38.03566052033489,96.86976700757764,61.91367749381936,992.5687276593618,22.92618990841766
19.80719260677598,54.92599813339645,80.16696769425046,985.5607136700079,35.976441657613925
7.86711081393226,96.74721910666791,81.31950285010416,993.9031465198343,33.35284097861509
19.30160762906872,29.09363113241984,37.15409633602158,1025.6897143584924,31.47930795526869
40.50731611994751,86.48241603271856,99.60496093639182,1036.0096771417989,30.682775090952703
22.61956801583265,35.09251505574409,65.50239330056718,1024.273291510497,34.542153387113935
5.793509414292752,80.96757423916385,46.56056293659727,1011.6570213036713,32.02202803029206
1.9273736200528635,92.59861844886909,51.42461976571846,1037.0409642402396,33.736743750802496
16.666763614504838,62.31910845463716,29.954947939031015,1029.7140403623714,28.152414986627264
7.418140551042307,72.85490877116588,59.46846786771252,1019.3502392525277,33.75863853941299
37.252058923082615,95.86396981639342,80.26363502458325,982.2742818329812,25.970355007848514
13.937840701004767,37.51564627281115,52.752807799274194,997.2640104873108,33.284029832505205
43.872651547971465,51.15837255892338,89.34821260136263,998.4926054819006,28.222236670694368
30.867464468804574,89.82919207651855,58.140190241607606,1000.8347157677433,24.54252093543
19.683187990717272,67.28158970090861,92.04878595197711,1003.3631394261332,36.69352211817308
30.50287771623119,87.35911047033308,76.25630119955508,1036.3621563268773,30.18137962531023
14.758698651621643,61.82545059293629,24.40077612714881,1024.5123444859616,27.80530196938778
7.066193951888927,73.97320822214934,25.36139717655879,1021.5160992234298,30.287643624412976
48.20887974616998,1.3062433104143234,84.00851205999024,1005.5908975287041,34.241510100776146
28.15807227748421,33.96731298122621,48.54589699655206,1000.2529764980868,30.220543978977883
0.36640606274023213,77.04207370283034,35.139605901663195,987.1746914465174,32.57672985580485
15.515710314778792,40.400795036802094,89.22563847951379,1007.209728415755,41.43980939798829
7.976724706283061,36.28467265559554,98.66453329819561,992.3205425285403,42.65981706146213
12.909165659476935,95.15522357833007,84.699858819301,1003.4606242245806,33.88429201495293
2.7857759866767418,55.254849186115294,78.0103610998971,989.3834756316652,41.46851630320247
12.254281398727423,19.24920850363865,20.076684782124907,1000.6397546128107,31.222864611122148
34.15080502663916,47.222668887057054,28.477914098613695,982.578762195437,23.851273901063056
41.030477369587686,51.86712770549231,73.67550334827234,980.3613920573296,27.27441320670417
17.369600881625104,98.87316340576321,52.76516033581905,1032.1945533728838,29.564173834360737
26.12328742742147,71.82195389832123,21.55802594557075,1018.4758464135055,22.139240740087814
2.089529845509036,51.9402130577629,79.2695733225643,1015.2599992479729,41.047611846609456
4.540040021225133,43.1990761007215,53.50120607686334,1010.8276409796781,36.25285226580109
27.596207094669662,91.5494955397944,72.70600228287105,1023.603750637782,27.217605957312955
42.02884554173742,64.59410762768685,57.466859613365926,1024.1699363016992,22.8772600768983
4.399398252698466,35.6086788541889,22.119817151450192,1036.1150820765874,33.734918193373964
20.927333429300703,46.463036181214115,70.87396544523303,994.6646300000511,34.82353478860323
48.521233392507355,27.81247833611069,83.0468787102002,1027.1119285921,30.41997302595971
36.93962726875638,96.04286814628024,32.4781431092961,1039.4694644135482,19.94954406877768
9.880161014010364,70.19450850187077,91.2865725534448,981.7413115718023,37.64990997156332
14.25871335829178,39.2298262259949,34.52494104939354,1002.4391255438591,32.751305678221655
47.39581162357121,18.321320246577123,53.82693079148753,1006.1621520565964,27.614206030790747
11.049384653742711,17.70190848982476,62.174961872722236,1029.3099399000926,39.69296320222871
22.04536909953682,47.774221902143246,45.10926063121745,980.8246049218914,29.937283893242057
17.780502679352537,46.756704997695444,60.03657591635022,1015.9171719281042,33.5882313680247
24.501941598446624,41.7788638767448,77.46851114291377,1033.5547286009175,37.448329477584835
11.829009348310803,85.18060286557923,77.15641605018799,988.8576235071513,34.83206124417249
33.41752149821775,97.91831168803773,93.78261816809606,986.9344170117788,28.626184322374787
11.729549308455306,35.48231729731326,88.96727447651725,1039.9871863224002,41.6451126520584
30.105067717491966,29.461063415153998,98.80844653711587,1029.5575360819394,37.785086665634196
17.888465574823275,77.01107821018762,67.63038104995071,1021.8451109248463,31.955141187955608
12.573806596325749,44.979294459057705,52.04117314493092,1003.9388739557271,34.60128115518463
34.75013153132675,21.756859284123763,39.20784915045288,1031.237778450133,26.938536587930535
48.26198892300961,18.093926238833912,39.51754963026875,1035.3663803324607,24.837863431311742
43.46877207855613,28.0567758391174,32.07391989236504,1023.944512883924,24.05257385988216
4.34176962598608,0.13236286719449097,78.13335792404158,1003.8856867847895,45.2136388875337
22.7206894093851,94.14299385814593,72.33938378040817,1015.0122264701129,29.835258125367574
34.73899730767192,43.02488765543562,43.383535688524205,985.9110357783854,26.273444215467848
28.13079206947531,8.284717201742364,91.37099870176002,989.4812285064575,39.372664612045256
36.31784165682566,16.495712834425802,64.18290762455172,1026.9822405735285,32.227189619188096
48.756007090062866,32.33378094082998,25.521522340427573,981.7589283291867,21.331230097673558
17.113590490241105,55.16939431307192,24.916073994618806,982.9517598381431,28.143260872819944
38.54365795374528,70.37160793550481,31.4549560064859,1010.4814094951572,23.313551420120582
4.7035658718436295,30.78511888748412,36.90106944503729,990.2317565755225,36.291953939230076
43.487411660957434,95.76164822197224,90.99498731426105,997.6222446590479,24.97413947067174
38.92161211805894,76.03119028323408,82.27587033469078,1003.9298854872225,27.723591189822294
26.04837295014084,82.57987698901348,36.13793112137642,1011.3353240391342,23.807589133025374
41.05167350050806,32.36456888350164,39.879388180052615,997.0120832766379,25.118156303004913
33.33117226274482,38.09612058877542,70.9430418329838,1009.0127881455494,32.85061146597312
27.611311636967763,53.806178434925414,89.72184583341664,1002.2410747493079,34.255236097547446
47.300025596186565,45.169696174557906,45.33832988585662,984.861866574681,21.96249540034877
6.513260850528907,25.98917909751227,62.03972588173643,1032.0276429821154,40.649902919425635
49.64838359408256,99.72709175592802,91.23020390145618,996.8819541923151,22.679684143798074
7.721643853136317,84.83575784068564,81.6505413765233,1016.5623959688385,35.64443407855788
24.008798099294363,23.798734445792025,91.32075666302501,1014.188012916313,39.521335434178404
11.570549842827681,89.23985446844101,42.24590805175726,991.9500069409798,26.729184663802005
13.595682472131132,58.68859663414088,75.27473183852842,981.797490225824,35.23687325786328
31.5915985523698,1.256204886269252,29.121007508763697,1031.4158848887191,30.989205591777992
1.7355071393355626,34.615138096644756,69.29662863762067,1009.861391328636,39.5159553088374
47.0373389342922,2.5732759414658024,44.322042921317085,1004.8680508851628,25.356280770138106
13.98110619494215,8.777053122200885,76.11842515539917,1025.774630901881,40.167232435446294
13.62662826576287,17.897730646453315,31.349965838568696,981.9895353030371,30.47335260413383
43.178186496060974,48.439864366620355,73.24642152416605,1025.9129170231026,30.344445147754403
38.241809331366746,38.12887073752237,76.68153082115347,1004.5348678024234,31.167981369572324
33.58609654937778,14.899617191358006,88.57250523938306,1013.09742231922,36.05157797534238
7.31792253013483,39.455542517935726,74.96612728256017,1025.1463544327926,39.056760311696564
38.48083595530008,30.433949113572222,61.82914254200655,1012.8086355214012,31.884112460849735
18.038314566484488,41.01559389080358,82.7327721884253,983.7063334076906,37.96600768363842
49.69443236649006,17.231088626709802,42.75465415378819,1023.7160534737832,24.86769408505218
33.5624772512718,60.97110384843856,74.19731883621056,1027.1804980398072,31.466873398781015
41.79465372341626,4.453122566528489,77.96221811629593,1007.7135894823143,33.99365615903647
36.689264583232585,38.78772118135977,51.40329608683473,1006.3435643790293,27.18983462796203
29.711917137241002,89.48856735832014,99.11732142026449,995.1155335781323,31.041064666305008
35.81595270576687,41.96702757027702,48.487177167716666,1018.6497654458682,26.854184186534503
29.874191451867766,44.10799365920245,26.759293551592364,1032.9193108393479,25.023200488808108
2.5599295323980362,6.8008654394952295,44.277950361920716,1019.358124451899,41.43236508156169
17.2761570328896,60.53642948895798,27.954971048792594,1026.2794933405683,27.704364160367366
15.820875938922335,93.6402799571454,47.14433259883532,1030.2473386802797,29.659490562220384
35.69866040361905,29.161039654384346,30.229830660074406,993.5686515958391,24.691459320858918
28.80866004147702,39.325164859873254,55.16278910873673,1004.1262600470254,29.922809132347965
30.52444013500032,58.815810202728755,82.23803764229345,1006.1575769116213,31.70752968602147
42.349079060855246,9.32111601641622,25.3954442480402,1013.5340218928648,24.284085354639853
26.265356945403866,95.02834489504338,65.04863403750909,982.9509272801558,26.18744447965834
10.913859990305264,46.75966737668175,23.50620671219324,1015.3044302613591,31.172470680581363
0.6219838422371615,11.509630438611262,90.76873353748523,985.311289003006,47.92597056114244
7.97487667455713,33.522725734632175,93.710611686543,1028.3941934768354,43.91880585638578
1.5289545666134996,37.38309182220269,59.38862748792104,1037.7813192636863,39.016242597939026
11.853245927168727,34.53775325748709,81.53849308643441,997.3855403537476,39.30923284657667
31.749859558283195,69.32236496364459,67.4328748219264,1010.3969074886566,28.027054774890278
7.570947806841888,34.55207293166789,47.25303023933061,1029.391252700406,38.38979373348295
4.096161488369788,32.38539665474233,39.6112638128091,998.8792403628381,37.17744156425406
48.54272933379095,32.20885235997274,80.6876653155852,989.4666616009288,30.062989731333268
49.84525119637561,77.78485158913591,54.39841741207693,1024.3437514221125,19.945625925468555
31.85117561411206,30.838152168900724,93.61907665469263,1021.9016972693472,35.30827466483182
5.4283196827249744,1.3998092843828358,98.05535571829309,1014.1967276403302,48.53713838802957
41.076031604845134,36.553513718407494,36.83141364980186,1036.6662077260337,24.55966294582829
26.96068464596495,27.823717969203898,64.88506440440605,1037.307338207978,34.639915032349435
9.10368017494222,90.90172504296683,62.95473928348572,1031.6929658228623,33.408261842345624
28.784609785803354,47.790617572361846,89.4479089348233,997.5812051251156,34.29925330934363
1.9691061636608498,23.457533413428433,75.27879678652712,993.5219558451396,43.969884300441414
48.62355550697135,98.15833445964024,68.59020051879284,1030.1444416576294,19.768119253646613
41.29827495717104,24.674423040558835,74.32198975285627,1019.0816534809187,31.522403212824567
13.038845872712358,76.3024145079196,51.1566015684793,1003.7675618232614,31.625436411843864
20.94559460491402,64.95506193303473,96.82331952431798,1004.5853885940352,38.278287498701836
19.76417902502569,46.222809277445535,24.610051168236467,1031.1999309733108,28.63878606135114
43.074708602176294,40.583510251564704,22.330318863324656,989.7948357934364,22.162109716883812
17.73171822466848,87.23824793071897,53.24717890089878,1036.6384045877746,30.60826478756483
2.3990083309093633,47.5082388609062,32.36607579030107,1017.9929176106982,36.82104485389867
10.734442490185192,37.53571392299258,63.58402581857253,1027.4814640024654,38.17706370687617
10.778482873257794,35.425020489449096,20.720792306436124,1002.2519932652816,33.1691913186858
47.462052399819314,27.586800480256713,56.77463798128278,1015.2137816155234,27.373240687786783
46.20273840047607,40.89659516045373,43.59396507108909,1024.9994296376833,22.294464653980285
15.029664349607707,11.991798771184914,36.188827726037616,1006.1077983324705,34.61113622024025
0.13835500547940693,6.512303273862042,55.57196302502607,1009.2761804963744,41.65202967484813
25.84988154562986,54.14675299921723,88.36391694528727,1014.9247897318478,36.653700268948384
39.86199609364001,45.42615288098979,72.43157473877986,983.8044194558903,28.94818796857306
13.430249097339015,17.339227990689977,32.79533198875768,1031.791191281479,33.21257131480749
21.95220130247418,10.679920921705444,59.90984469154,1032.0006761451523,37.59560905051539
8.639460228336421,14.326723506826744,94.53368950529557,996.8850603684191,46.154793919136
16.36976347581277,31.524449936887123,55.13798581117071,1032.789352206332,35.19993721402556
37.94265014334452,45.14846675007572,57.643698549178104,1024.711688459525,27.536106747094067
21.414063732024385,19.335010930641182,95.30861278145807,1008.9914844712241,41.06006936842754
22.3635421881533,75.562498411737,30.864654638714192,1000.8658414836852,23.31102301069502
39.47758232957403,19.332437910127233,78.80331883381483,1003.9627352152055,33.57295361003299
38.148637115622705,12.412644995408485,43.932912005656775,1012.0651349258761,30.576695527521707
9.357639735618829,99.4554869230668,89.27133270344518,1004.7512421134954,34.822190591281256
20.76360897078554,44.77115632273892,24.34899880630021,1005.2142994465491,29.633496654478357
42.44289181063224,17.000701716038158,99.232125452531,992.1874024174128,36.03045382844878
22.836884122225122,89.455694802366,81.48870559350563,1022.4687203093714,31.539022666386696
33.088174146352394,23.109162459116618,42.746638603153585,1016.5754943770343,29.880972961517955
15.298107465516452,92.55799553590407,80.86847149464947,1039.5140892212974,35.41300930403289
2.9779280780972304,11.896085364608966,93.83758118746617,988.4746522521482,46.64396140864804
8.244951577306425,84.18146959384326,29.033391293989226,986.8243009241013,28.33243362008809
20.086044607304505,18.426710862259867,93.0862693670116,1010.9559379481481,40.51809762300252
17.673351419445844,93.8337648575254,48.813953853968535,989.1194458106045,27.039223654072863
44.78203803955629,57.42436427147685,20.516744436095962,1016.637269064001,19.67400930088098
27.281133523971207,18.991369574765883,28.993677637726343,991.7669065201405,28.660561659655393
31.357769854705325,84.48200542887243,90.78351436709357,1008.9799098722623,30.178156090466057
34.434135734808976,39.05759921708673,98.61331745256629,1016.6786869905452,36.78055724394828
26.58129651968291,73.28134212621582,91.62976107941762,1007.4824473420954,33.814093386578634
38.48228346858176,64.34407215563033,55.32293054722685,999.1991182758311,24.563216595594117
39.1550242166278,71.4294522436856,96.91280828468318,1026.9389649567677,32.67905102757541
17.56929858913438,34.371489447557835,52.548017535071494,1031.2794814595504,36.65347037372855
4.239257674611746,93.88254872114678,29.095685541053122,996.6829900547943,29.392580673036697
49.317711417168326,55.98131463257411,47.27531971042124,1028.8036240802287,20.819268906715276
32.1310350261195,7.756060999318281,99.87369308714088,1003.498041190299,39.78313339086765
35.44580365816256,6.673400736009938,70.07564790210391,1009.2574183095514,34.72403481984846
37.83480032601173,73.82296278505336,47.19989685002147,993.9049812700599,21.38038481489031
30.648171085339936,84.9974436149998,69.9343277735707,1017.5434265456973,29.078891913870955
23.545073474787444,69.5279635091173,54.330866363996,986.0556030066173,28.803583543919252
49.23348471296906,27.74973114757574,23.963887363340746,1015.4982515582444,22.222104079362992
36.38287050345203,22.5903961495752,36.09021042500541,1039.3830849100252,27.46175744676076
42.29243807782425,56.543658950896095,21.538827043908988,1025.2079784333573,20.617106992791463
21.98376857609575,19.677949803556196,40.38337782642187,1033.7023585180655,33.44053816486103
45.23887495453733,37.9099756470298,79.16520261195635,1007.8517324116759,29.597742752522727
36.607552614077896,62.86912311451023,35.46548755162847,988.5263204181399,23.052554743661904
37.30639952227933,28.491133657512812,62.244510314481104,997.3077136294814,29.84468967428154
4.3465621866228155,37.54389217082314,76.1282975037548,982.9417804530877,39.5766839349223
30.872835272657458,36.051789487838434,63.89459339191809,1010.108658345617,29.617645406521696
16.760836743634687,46.05235148599116,21.229643058975476,1018.9800123136013,28.05321136912951
33.4500832923119,67.43598239704714,49.067357671259074,1005.4689983587335,26.221673973676193
28.410705465406004,78.23491689270831,55.33044006796979,1013.792293939016,25.9298654696484
5.559475335585217,66.50824794805061,47.42026805507727,999.2421348993284,34.58002071565298
26.49938713830699,2.6167830497481726,63.70110204390184,985.1514856379308,37.17788639905963
22.562921995258638,89.6839695148039,61.052294501891744,1005.9199395465313,28.751687805789583
38.82217459918011,58.11887855525105,34.99601927803165,1012.8678677216626,22.62226405052966
25.131913549524903,92.02464938565369,80.15792268244266,1038.9580875853173,31.82551940153666
24.058108379971756,96.38722914208932,32.89309713258737,1000.8364042755438,23.991555373074203
35.974548914622225,46.78467825861227,56.717229619097054,1020.6661794486198,27.96496849086731
33.42939450764386,91.63656024362575,80.50417604162055,1029.3574664697348,28.295114028146415
49.59271893167287,36.53856391309779,75.78098291419852,1000.123443662543,26.764448088823396
17.597635037253383,26.03782547821463,54.57487077698751,1035.7958743482295,36.04527568112357
34.417828438254716,7.363027265371036,83.11363274750839,1000.329877230197,34.08503386043215
8.36292779248477,45.183045426512166,77.10063166508172,1038.1882585848691,39.74914080581649
40.22803786175239,68.86872817370464,50.76287338225995,980.1294150723588,22.148509051503503
39.307780925500026,97.6835668276168,91.64107038169149,1018.0503994033207,27.198394495574316
36.291034254625444,52.13092778715739,31.35676172800001,1027.3955748650092,23.095817757443886
5.952538246895934,73.44748318100984,48.67856972217684,996.8036251374988,30.934270161967845
49.37722937460697,89.61471525631679,75.82477369929069,987.0230164222157,21.425645533272558
47.1305301720017,54.31853013731911,89.83819607198521,981.4621064530534,27.798286711470304
18.50457410677085,16.67652830361136,45.80637836885182,984.4644161817464,35.1464497312753
28.865794221877263,84.82084152000012,64.8993919630376,1012.5820425657821,26.943653938581576
44.444348507096656,57.41737062434408,20.947179986468765,1030.350044212737,18.566511591477038
24.732199526284603,75.85112494988489,49.667423661089884,983.7878519159293,25.66920590769767
29.95816699722105,65.84779276796348,46.47480053390902,986.7908226759062,27.01735653894658
30.162142959211653,6.103750618718983,87.39767251311845,980.3061801268456,37.573740035022716
32.46274838747802,16.911496362986757,25.918135245569623,996.9366439258147,27.408806547339164
28.775017955953388,28.624975245077643,24.969165768848328,1035.2747831666632,26.152081888952903
20.29721114667864,28.470781997659145,55.41616305554105,996.5772798717979,32.29288631662537
26.973968241506157,83.91977051130463,52.591120328129676,1006.4488668206093,25.37160213526003
43.57213408983351,59.823936117503884,32.92479444346699,990.7374437450991,22.062657857435465
43.2051672836775,8.337533597746049,41.06753560073158,986.9770721856062,25.752960694898775
38.62728734304198,38.7198573698351,97.93555893003882,990.9436667964793,33.16291829607281
20.7053803461336,55.63306854349888,61.054605148567006,992.6259700448645,31.98870177322119
39.298627593676535,25.150282996727015,27.028246209779716,987.8173295468159,23.620809419174886
19.392817359480524,3.9833896124636503,23.979745792123932,1027.4931806901964,33.14910521385648
33.2034348725299,38.02637392771824,23.35502957763613,1008.6347383034238,23.821203199202632
28.371406970288625,46.11889005769668,51.121523263570424,1012.3861656536893,28.431628979746684
15.001233347825021,90.47649419153338,89.24938984345562,1002.4790345175535,37.34679612063774
22.643913922812185,90.8366165733572,86.63332746697485,992.644570451183,30.774294177968923
41.518087963902,50.04024723893152,49.43091171667522,985.6340998725392,25.203029641226934
45.637640408046735,47.14945575154022,81.95388678969934,984.5555421838753,27.37571859041711
10.26477145248436,64.050205988091,80.17987656126951,991.1085215447415,35.56375284737196
22.81074049130008,25.812406643862808,58.63963553019951,1031.0105715979157,34.64143498892937
21.67527790768139,28.571417883450433,52.35101295308027,992.9927113747051,31.751876240380945
24.45076486041373,0.25578523676552667,34.443889681200865,1001.2891755020626,32.178413608922426
48.83128337687775,7.8211876582978785,42.3016789940135,1014.3650986250099,25.14520451517905
25.937125657011496,17.85036313265609,47.09563488989845,1010.6847863005228,33.70371816957407
41.50383440995908,64.05727378426995,85.01742717882068,1019.949237783891,27.49278229205666
33.1968536990442,21.265725674005644,64.23623759386633,991.6588897730633,32.79887099983897
5.359545085825134,12.407900479996636,36.07316215288486,1011.4429357223513,37.81628557263106
34.782840054688954,61.63047237472898,27.666208869064903,1026.064949566417,22.584246783583257
32.35295823492055,65.1750023585596,59.73310620642695,1003.2504172852618,26.7834310683609
37.92344473494312,5.9673128225313565,73.30532811760165,1038.3136639032837,34.700584643911974
3.7224260807567964,77.28980875995222,85.51068902889062,1014.676965973564,39.23972069320771
12.065377998148769,60.61570695929176,83.78517353234008,1020.489593469119,38.430131662310515
38.46443448766792,39.70654435612584,85.93245748382907,1007.5452643792972,32.00165478089098
18.530798645519308,98.31822918306075,55.827787994768634,1031.4710506371641,27.20750377663734
45.540947841103744,1.019935286929341,89.2526006274778,1007.0892154398013,35.383860744628414
25.883520448386893,54.485172778732306,55.5686600779437,1036.5368188150771,30.589019321677796
0.05135667847999126,15.970340873455557,33.44970324678017,998.4494325793117,37.50112118539402
34.941798146228614,32.93327682369905,51.79028397114334,1031.9491643451254,28.370060314450175
25.67319856315111,13.320228351267826,47.20200619907609,1018.3611904205827,34.07600975594423
15.854717792436645,66.82145116084642,51.37414668554847,1027.943280164339,32.95078529395121
1.0220349201605028,40.15715934019739,72.68954104433813,982.2620770755753,41.54168492918978
9.937311621264916,98.62995006735065,72.55332134791607,996.6367791051952,33.35399434204284
8.079695916370106,65.38471173009272,37.99212155058454,1030.8247312284957,33.26531682833467
29.142707221008145,91.7334817210665,45.27444551353617,999.1000216053469,23.235148627326552
38.47770102538697,24.08271878328694,67.62839175476405,1022.7593212016163,33.521964028534406
11.730320840687797,31.878406315415365,26.73027684292066,1039.5313288748853,31.77366182734845
34.88615671137742,36.26822394702708,75.09313569734744,990.6301249801222,31.480539222224927
44.99121292775031,83.85150142976985,34.311384422410676,1005.0527564302245,17.33369131424574
31.079301067227405,21.16757700029416,88.0568909997479,989.907602645969,36.36972593414397
38.782381298653796,94.67207780529444,52.12701259470093,989.2571872706546,22.973185815107946
10.211575276011498,4.357908901125951,37.66446931787995,1017.9825695902155,37.01165317342467
3.746926097530517,88.98580143717038,73.4256326880103,991.4825622060488,35.98242289760188
18.26939006214639,45.14138782808661,64.32246445373224,1008.9592369362292,31.66445572631695
35.450346243618206,52.58980340845232,33.75485024273563,1038.676488417318,25.110363655264727
34.30492946575438,99.73974424908039,86.17288323842428,999.9877689223256,28.398705801014575
47.75396205725039,87.00479803284247,56.263125973621165,1032.4177908011277,20.924097719193735
31.49892098833084,90.40215908666228,32.179589181592334,1003.7819036850858,20.08638470302651
20.564223049652476,58.553500639325186,83.69455633815971,995.7718946367465,33.984539360724874
39.856571332646354,95.63417825499222,30.67475853827954,1000.1751021869446,17.269788475933698
7.653395582037276,68.78054326370095,97.44308014378188,987.6611886406274,38.72677399936398
40.65111691741886,81.93270324058798,55.34478466539271,1020.7391093572257,24.64389023906208
18.29652328825181,72.09339076317185,78.25778135474484,1010.5411966811728,34.45869559301081
7.70050045111213,78.09144308227644,56.15741837651982,1016.8298277886926,34.82559683820914
8.107031201922554,63.79709549201383,35.00501344174211,998.1855666638073,30.853543291404804
49.1798747648041,72.64086164140788,80.64912253062744,1019.2078979245821,24.438965115550097
31.16113812703051,43.59384778245944,43.148561703622306,989.8759332974988,26.599148135753175
8.71322971610406,70.6867393438657,74.59342663666504,1019.148362960072,36.167134692142845
13.428126900514487,27.681055244780385,40.58981747171824,984.8682894910564,33.23494777037295
18.603988454580563,63.49407904398119,39.2886622337888,1004.0163893331807,30.004814438176766
2.794973512643806,52.37524325185369,56.5956494033541,1016.5851829224289,38.39868095768935
5.4207858206684385,89.85376171905456,85.29914933072011,1031.3190526765527,37.820519127565326
38.08771471993697,67.32228433629973,69.09064416029878,1028.7449015656903,25.86021462485459
39.34369848104024,59.66205386255049,25.173508759813856,1011.6170046210552,21.27410700601528
49.41173056822871,31.307410372011766,78.7091757086335,1033.0022418420886,28.941364435918754
3.3798192673576697,86.28039182724405,66.38168010073285,1010.3541779151465,36.66858571442333
44.45922058105593,5.415769016214778,69.88524239096435,1011.0300029372937,32.459475287179885
15.86080228220425,89.97510318120018,48.28625285941787,1023.2332188006409,28.834014103449388
16.392529287310026,65.29775840385652,64.49293208339213,1032.6669393662683,31.52204960797877
6.36411259402288,18.94925965101382,49.75109588605457,1016.1629897775251,38.58566888828437
49.31500884723696,90.29955023954787,26.520453692905363,1036.6515053551793,14.97333579608313
49.04946184543367,32.6353980529802,87.55442243956628,993.9551639631568,30.179229250248117
43.24148043689719,16.827259658427863,74.24213782139189,1035.4585657419436,30.788199738720518
4.539004332261825,31.91460616049976,73.63512097045171,993.2991773144731,41.36043225528522
42.08248128546178,96.10723283712808,35.49430116835663,1011.5849298286992,15.842213423747145
31.730699656640347,75.2758499306727,73.08772521935609,1027.761907773438,27.825985957325027
6.438772297714141,91.67931321712057,38.56244990762814,1028.0950500378085,29.106850511248556
13.08788786232309,29.887203017855967,75.00277496835224,996.6895557301679,38.46293789358339
34.46120657491002,8.243927916105864,46.682438769672885,1039.1537132177984,31.751601174491885
40.17203871903804,56.27552269399621,32.60110293884442,984.8362053271691,19.99267385206524
42.40435229882371,48.30007733051277,92.50114799199947,982.0869648239345,30.06442224146794
27.19151205294595,72.0604783823829,28.372025958476456,1030.491767542624,23.626398428037803
26.730995830798566,54.267518057767816,80.94302532924583,1029.1411346345228,34.706224789646484
34.210450643062465,39.6466775476471,28.142053513212222,1022.7690467848012,24.997161091194798
38.8861274616554,0.46858540784453506,74.77757144518517,1031.0464414468956,33.89749128868845
8.529289061771067,46.77465584057189,28.830847572681442,988.2535553736412,30.51461605921773
36.991882977564636,12.064282032790052,60.705957649645896,985.7412526957855,30.703947352409365
17.084329457785664,92.20011031054874,35.039655348104944,1038.1641579866557,24.765504736477844
19.187931046117118,92.17063305302376,89.3265266172917,1017.4542795675527,35.14049711966196
3.8856482437900963,80.36490073774326,52.118765544948005,1035.190804831588,34.055087950522555
29.421038113413434,15.786666757674418,21.23410796001049,1034.386593452734,27.294321869307723
4.671004876732243,14.743881373740098,70.25290017520405,1019.18839036217,41.731548409270715
45.65678018584284,56.33102337554167,55.611131112717715,1017.7084707757795,22.89838473043561
31.04851531303104,72.74617690985309,88.77914376757256,1001.5967482384087,31.870812399156964
49.51409275590932,90.45392695701482,54.651534222545415,988.9466033571196,17.16366458264831
12.282607631530269,89.40343754686884,52.89123840998023,1021.1962971605525,30.294495015475515
33.98002819328187,15.532758077675412,56.327457217050565,1029.0716341967839,32.59689178792554
48.22149941625787,99.54739500762209,88.78832145801499,1012.6774250022502,23.304649128443838
14.928913215583906,15.67974815772305,66.94580492212322,983.0521484069208,37.384393858773834
4.816132424504676,84.0118250488804,73.5489936188483,988.6950623416261,36.53792642995681
31.698828836079905,58.69455561034012,77.63287089246349,986.1176203049125,29.596244795262887
18.30495833826793,67.82864742407158,95.0012417952526,1019.4698989177402,36.827543584177995
13.652881685506479,60.3971777152516,87.00164741098942,1013.8873452282121,38.04763201192268
49.67938253717054,86.96820424006219,94.18274093145551,1007.9900176366208,24.822446626039348
37.705466805166054,63.70976823880592,47.464395214741586,1012.6045133540579,23.23074789042303
24.269731650621885,84.86638214806995,37.187203370657315,996.5572905412555,23.923158915989642
2.5001698691483054,15.436797873837593,36.27116095446584,1028.2836302912997,38.79294171912916
9.580783875693772,86.6706730746265,88.62408737205249,999.7127150823503,35.75801391147477
14.93892126364879,99.29533204219602,86.44729847047927,1018.6580716331737,34.124008899969745
24.359830078314253,66.15067949946805,72.03292891173633,1003.4524547979187,31.435743410297032
24.86249207824798,97.63611042994448,25.035390719484354,984.3299914983797,20.35449115770146
1.2366681611636232,21.988353856266873,45.44385259062217,995.4170854652717,38.16966402902645
47.16781350084872,82.92831203464469,78.73610302147927,1037.9058996437282,25.097423939496636
27.140358971925306,16.90469833697932,39.885501898843366,991.4322272264894,31.845838983863235
0.9863583492692729,51.5942763348248,69.92471366179396,986.2957216136664,39.62113118386539
35.066759708777255,66.40349914680738,63.419297749963164,997.469131533619,26.077142950836357
3.5675755958742617,66.02622518935488,41.013789924821076,1032.6755544778794,34.96585612238239
36.05852124376154,67.08609418520612,94.74704246674071,998.3615854595815,30.50788767075096
35.074624041388816,32.092469302452145,40.539123940784165,1005.0428083777527,28.91901055511119
49.24615820359357,97.37210970080854,91.58329241154524,998.6046152781421,23.77767226924254
17.101870950402343,0.6552993993558687,63.27455353266228,1039.3384137622809,38.94344249096135
7.216364577810419,62.099844870874044,27.346241041729165,1039.9925059484776,31.82564553785887
4.593463632264183,86.61097194243278,86.68998042704925,1008.9663651950191,37.57225362758055
3.5863035086597383,89.11132051513952,83.31456353742814,1027.0895425741112,38.23480568591842
40.51666009594063,72.02054014008323,86.4779624076001,993.2035902539836,28.310717162467597
35.92740349138619,57.48122045245202,71.05188365113733,1002.4577088016498,27.5414180569432
48.795760836344535,45.733505574945944,76.92925010598572,1020.7603802857243,27.41244260283934
15.459302000788883,44.95159949152683,92.56463841315959,997.1797040339114,39.93674771491517
40.15512265974215,42.50991314310648,30.215867769697873,993.4819245711907,22.957004091313124
4.6507047722617045,69.98926473544687,26.643027548407787,1035.3342729197311,32.30484203182191
45.193994620917586,73.12084395526044,30.006051118853172,994.657884554099,18.575660662560825
2.5915154404784757,51.476234881190685,89.60573141482054,983.5566691364525,41.68500918328837
39.394174120404905,74.08117651219324,65.03473566599685,1025.0652808384891,25.980400284654056
15.367776241799547,52.84551817514094,34.085222501545985,994.5960972757281,29.357379059736196
9.05965032751766,9.73517030401564,31.336965467190787,1007.0110488427223,36.249848625600116
35.22572638582711,85.16150694596618,55.63388442917145,986.6934220379551,24.094201807761692
44.793901588626085,87.04804520715908,85.25872447284779,984.1109347044019,23.82929077592064
38.206301969164386,26.646121739459737,84.41413756492797,1007.6267403040702,34.20074933491069
15.654997253625302,78.64334145911161,88.10024551552021,1000.2253005322254,37.632178568362576
17.67853274474681,51.11709987378333,81.51557867288315,1010.3555136159201,37.3051762795722
9.465229744449033,12.402718012357617,24.929584773174255,1037.9469953156122,33.12849506507215
41.20307964405193,39.79986957368319,77.61335233875812,1004.4432971748766,29.70317309523758
5.3546817164555005,7.655195827675043,61.51690323160486,1016.1594262245717,40.63939231404501
45.16069636343751,78.64669957789594,78.11297705969855,985.8557229381039,24.46938491158528
30.05671235102007,19.623346277342325,58.74261917072461,1033.1550562996906,33.921090909677595
29.442747784849843,16.439190111169022,58.68312408777704,1028.3516662066638,32.91447916937538
41.891073404822265,20.853763154717655,30.090772879237477,1011.3444203356063,26.71250948713603
33.376662569733554,22.61310127398287,92.41801933119761,991.0026124565978,33.26772275288581
15.211962911914052,67.39521810365596,49.96974051353757,1005.5569951632617,30.795383692811885
17.475756105841327,63.86009821095195,66.5899273880274,997.8430397545189,33.435879462158695
8.652709556231796,12.933662411160174,36.57250131503127,1039.6710053235909,35.91067524312518
23.203162094940836,72.44191861024001,49.511111892788264,1009.4502973120053,27.06270010981311
5.507738287268882,34.9057103042449,89.6461938547584,1005.3339862991002,43.90700416477359
32.651825366343715,45.7472730703548,36.767949217353994,990.143498966598,27.616186024228647
8.46144205570022,12.48599598195106,36.48844906738343,994.3465369621715,38.359198403912075
43.19658865402925,70.86260560983357,40.83992882139921,1022.6952628512681,20.92807375670658
35.02312934641413,37.622214720467476,65.97288703538324,1012.0945599544834,31.95999608043391
44.57556272656277,63.21296032741978,61.65505768212279,1001.4818787622822,24.255152306244742
4.35154937934451,42.72209446597219,34.0257601510328,997.8208211526476,35.13930429211229
39.92546672511011,4.886880065475074,75.35752167208226,992.0444147746184,33.20754245877394
44.040236251417134,70.34895658562398,92.60320232778435,982.0338735713817,26.889506776578305
2.2284904454025813,55.250816024671266,35.90631018658313,1038.6289981164432,36.30672457500769
49.953797760058826,43.42449219906587,73.83630603700908,1025.1866210546377,28.853105315649966
15.03221580791162,20.155199070784114,66.9107672734747,1035.67224890684,38.54408535588826
10.586060710455058,62.43432148194492,46.315116843196414,1004.7530519836573,33.299706415042714
20.745261162861556,27.519744639409883,69.42644949293367,1032.162965018912,36.676666517775345
0.4317696080672617,42.91742986259295,36.79271105663743,995.3749953145889,37.926042494797386
44.295316299691414,5.6485147088751635,86.71638667535616,1010.5900888344534,32.612903968102586
13.424544128130284,77.67465071684263,21.776966921502343,992.1487663912433,25.876404829556026
26.079575015419675,9.003708241815023,65.36503814192511,1026.2202299201485,34.89765999149844
31.177975980892597,89.08396077998795,45.502414550353585,1009.8561204159834,21.91400962691173
39.55458978998146,86.75746190478932,90.50885759392385,1012.1763763036869,27.901840574347798
12.510305661041944,97.10899248175619,59.94930144326641,1031.567277782214,30.449320150289896
35.857318370242766,90.84412428049437,84.19904314167093,1024.3530450479893,27.003998489446957
5.883044052106934,97.14076542163367,93.90562758809227,1037.9759574039592,38.94356606692419
35.211758394444146,88.72762441747103,46.747964117094405,1004.3201599509587,23.701056706909235
45.96477662787782,11.25086050424734,90.42734852571344,1007.6872833482713,34.0561974899836
4.251313417661268,43.76818631430055,78.1023142459654,1016.920321145587,39.26477891948531
5.8351400407625045,7.6156361811234525,28.653951768637054,1007.1987470896512,37.00945857409776
27.861374996534817,54.52982066793366,28.313595901703465,1005.1769227800976,25.60890990274237
2.3200211171492846,52.975676147918584,85.38763126511277,1000.4343045157971,40.721010861714134
9.369525464447449,92.21783601162929,57.465287168396735,1029.9130531596256,32.27126872949373
9.509606819232452,96.96947451149833,59.61202167760662,1012.009361818562,30.86519473594718
24.062373136565128,25.964404682514186,91.29972309717395,1016.444187750654,38.12835269120893
12.424351465523358,58.23128497620902,92.30426694789324,992.2445320350528,37.69737825460204
23.77614277847988,46.44417896529488,29.016478774931073,995.1065888246691,28.051684627629314
26.058789413971112,54.67351747409527,49.8918658355647,1000.387592505248,30.239972916189817
36.53221937684772,53.172809508898396,91.61814154153188,1007.9221385784899,32.222894779528566
47.29960973704216,91.41244092026338,85.58834786751711,982.6356382166582,24.884556561455597
25.187360818314403,89.61257752523028,77.68070568287013,1033.3034816952434,32.06718494951656
17.750267274612685,12.273668193723164,28.1573763018271,1034.222735267182,33.22692097153194
12.93517065254467,34.51101784168614,69.69556529646934,1019.7007952031407,38.17928787944728
31.73286057520644,75.2775073592789,66.54811213295844,998.9631700493553,28.12350083124479
47.1458555762718,68.3987105830063,33.37336488548503,1003.1190982797356,17.98700822972747
38.232745588688296,63.119255560952425,81.90870317871489,1024.0430599322651,30.27230255829737
10.305131594418892,99.3810432296497,44.95815879429978,997.1774603288164,28.548724738568268
44.66520653177433,33.693505729828196,69.65005783824405,1016.5350813567821,27.442601589202965
36.775665404212,51.524870578192605,48.94683886451148,1034.3762646883956,25.289373026577987
6.397243061817909,97.91503732512746,26.751617048393648,1004.626869923467,26.149300948111872
35.640120778948116,69.55522786122464,61.98359139711373,1015.2229258377712,27.207084993877235
14.467772870311329,64.86802721875087,44.5314508444524,1035.7153872241279,30.969544725064612
24.569832866505486,15.474724005099883,25.705040267807178,1000.4348939545381,29.660998835159802
15.01156570457094,24.66569034453927,35.88071328740752,1025.578384730783,35.029955088106796
4.202961897051488,37.74731893867017,69.50846153527296,1025.3073113537494,41.07961046811527
38.42917923416797,46.48471003633045,28.110559950724934,1035.7097116283237,22.85104224186039
41.4341879354062,49.72102397051575,26.997307284169587,1031.5153591509888,21.0304480018206
11.598950068036029,90.21371814296457,95.52172552246807,1024.9296910151018,37.37090156737593
11.981905895976436,10.721198570894586,28.601870329713186,1018.1909256862555,33.75633835455643
21.497886410432,24.835257005066268,50.08477826476459,994.4712974598895,34.46227890657952
40.57346595516904,14.36338035484418,30.672871238678987,1020.2389203600776,26.383104695761933
3.863403602337728,73.5310725753111,95.14152737938,996.5866079691101,40.560006086895875
40.435567664815665,97.05798011091275,58.49291196027545,1006.4011763213714,20.85052941225861
46.13614804777867,89.39608033877106,28.88953936910161,1022.5819182100624,17.36398766415849
28.075208389495366,72.33007688055453,81.50531539405127,1020.4936548594173,32.84854539937865
3.0195740754697384,2.152280416847252,82.46292701655513,1004.07194557319,45.933506688196836
13.477637992813719,34.70308699974486,92.09595706733799,990.9605411585634,41.788230578921706
5.56932370526858,86.36180500027459,76.45243095269387,1009.0485472452266,35.67702222828635
12.964178537471133,65.30702539609365,24.37730190728466,996.1983752283353,27.838326689740807
40.58910047460521,20.96013212498947,64.02492376823852,995.3260687216,32.06354970276974
2.783389461396557,46.648713466859036,50.72318869869687,999.6076151267939,36.4692622365231
14.191181742599568,8.791813164505747,79.88648402346928,1022.3742655091374,42.57360705849399
25.847538131274572,52.080153657258855,67.27432068046531,1009.8371499180704,31.67651904006538
43.702048824297734,90.10284476851633,78.01604166337796,1002.3902586094486,24.649752168547217
12.49910829584871,3.871884633696676,34.435513429847184,1034.0356888517106,37.14524772585854
38.91635782684417,61.3891525079295,54.96567951475626,1022.4068404579056,24.718337074702106
29.178453736944515,23.310269799887863,54.56834615860127,1009.6791696398766,31.329085597205687
33.81847086898471,99.03850721788558,98.4779689265896,1005.2773017697527,30.135516209606585
43.08843237873454,6.510172070353493,21.528813024261808,1029.1338098730585,25.136079336557266
1.320782685252464,61.729138308389,85.28343536647638,990.3754696356482,41.94335094511064
26.48667398017445,25.63706877591414,27.768931438986677,1019.8492355262292,29.062534540355056
37.36071035152786,88.24630625479328,26.430244458727906,981.2609179338841,20.157080667854324
44.230152809954845,12.1929799339065,46.254119452055434,980.4176427837855,27.494945359890465
6.634709414388934,42.92526128040931,76.06135151257064,1035.9070215894885,42.46305520860437
17.072581886005207,18.53615449627367,74.27570590056408,1010.8393146944703,40.8122734979908
3.927789584758007,79.94437223866822,70.23045152997162,998.907045533818,35.43793178921981
41.74670419044414,35.14435663214106,81.96408821794142,1027.6817722583028,33.030196067285104
42.86831739098218,18.671319845619315,38.59024425597874,1039.089680358547,27.52297276517742
24.17926574378022,72.5901068076631,70.7075555877827,982.064827485172,31.344949181464663
1.0397646671479355,81.72173178312964,71.04300366165128,982.2776416547918,37.74291091757175
5.109907462869606,46.239548736964245,72.34684102360913,1031.2869231418238,39.75165755278749
31.217905973821992,37.88494022589551,67.55629080442941,1013.4028879858706,32.316097459227464
49.13095929414777,63.21441923770895,37.72183142700748,1032.964504504525,19.57628808342415
41.943203861967866,65.13965889391736,93.1439118476351,1021.6785846184281,32.35807642167718
39.8961108018209,66.0745395636221,98.08037028259017,1008.2351390930313,30.28762175399048
20.898494048134967,27.575764196927445,75.13493699359515,989.6807554889089,35.498292243742
49.26061260732438,94.13024726154742,55.52637738457765,1003.3916688183134,18.128046022476266
41.24864254306517,21.344424774373515,62.97526198457415,1027.228705553522,30.16682847003575
16.782641078202094,37.415827588819695,28.66972144635252,994.0350529769698,30.082980430330878
37.424551443415794,28.3693942335692,49.07167184900885,1022.7419896394556,29.381439160639818
21.626145971945597,93.1123508169197,98.09074831720098,994.8406747476001,33.58234149201914
33.02278350879162,82.83701424783035,63.81778100857227,1007.8120626897821,25.78357770632804
48.502692838510406,81.12719372858653,64.85020348721336,985.1259202586541,21.98945883376974
12.322577763359376,0.4710081875119787,96.31838952161984,1007.2999075242737,46.754716411498364
39.75010954938286,68.59005002083208,90.90833442753407,1016.7621526585425,30.13458614876247
29.518716059004426,23.027369512868944,65.49731022432223,1013.7990824966118,34.550880694957165
47.49854566218542,96.77442571932995,41.5192679185723,1004.3879908637784,17.212025144901222
6.72316549769712,53.07514080354652,29.354513218580145,1002.1817165442377,31.60252299843943
35.98547494225984,56.47030013999449,89.09211405558034,996.5239254485529,32.289971530192695
1.8576575517293137,35.64828248233006,93.60732132140666,1026.0262439424444,45.408128843594
12.32767403071361,53.67306223024113,59.54279370773645,1026.9582858615347,36.14939612202358
16.0427265033059,74.97371876241444,27.5638852965103,1008.9816529960268,28.286243956423057
21.612788024601663,56.19201540943217,68.49797844266784,1002.9537058936718,32.85740694781191
48.26499885623979,64.12628898916901,49.39691191534996,1018.2453783381625,22.269218011769606
3.3800700864746513,47.24680779548904,32.62885285179098,1013.4639393257103,35.23291995580255
8.449143217662142,71.63997107228298,93.53147117111412,1020.0353279845796,39.88198787248494
10.152361309272257,89.95590170883764,39.15592416381659,998.3609319326404,29.049443729610136
21.199835115778683,5.105119991096519,76.89292126769301,1027.3009735572257,40.09288757622644
3.0349934572056925,10.7296530681676,54.35022874421449,999.0045686511254,41.14458564044855
48.27097732725345,68.56091145034215,86.23366938306145,1005.1233963124796,26.962001706181304
27.992584558911094,37.77044152705974,76.06679228075517,987.945363692304,33.126320674120656
40.664345146128575,28.161843799359243,29.852802369484593,1031.3221593375752,23.130486984923664
38.62492152820067,17.859328346235614,55.968938772537776,1018.6564247822591,30.0473467693013
33.041256801075406,57.26362767712831,40.783084422067304,994.1172235274248,24.93191246098996
45.22047093155109,34.753239559061356,77.0867577209128,1031.1030832281388,31.503717237713836
45.11918560788516,50.79608261113848,63.57510613818693,1022.2875804789207,26.40282927732083
6.388591483240869,95.85612282138145,47.21449742142816,1006.5308153301349,31.01262500775147
45.096414956211675,75.82676456658153,46.35681175958385,1039.3905698774713,20.958172506791406
26.194551769145413,79.59508692733579,29.158959428375624,1000.2325850036622,22.704748777413773
13.403485674094911,12.419790306302481,37.1057466694341,985.9729740041928,33.92765644784647
30.425023342821945,32.49803187968916,77.07729980768679,1024.0075429029357,33.14422455410183
14.045179995475154,10.623547202286899,68.79235843860225,1025.4229423866332,41.01783335001571
23.950393132621485,96.85209301540642,48.44767567822646,983.5379063621328,25.11421300004544
40.821892432762816,68.21876151332016,86.88924844988765,1029.1651473202332,30.76550743889388
1.609898797265269,1.9233837504258,58.75302807713499,1026.5564908324095,43.95849326788513
9.15444957829759,47.550482182113576,83.5547323484259,1035.775782309535,40.73021823282737
47.82913375614306,26.35256365508287,82.49441207964608,987.1129473531734,27.891051744012966
22.254918671462697,53.995885126707286,87.83991605196486,1016.048573496854,38.06920458101928
15.166212223772607,17.865768647186364,87.98173657722467,993.1653524974022,41.50329117901144
46.16397706470684,5.685549063165762,74.32500789016888,1003.966517183062,29.466520887050542
45.56069554690868,32.3177532278316,79.95387947164801,995.9054497461459,29.976992114260973
2.212122854891141,29.550711070472236,82.15257568381186,1006.9578621202429,42.772435097407815
18.123900820294516,71.69635847313732,33.53275201778814,986.7725797052567,26.05195960747691
45.64108248858121,47.45488591095351,44.01958626684221,998.2109304715573,23.135846386945122
8.988598467781861,29.132780333358365,28.33917906124391,984.2551237207917,32.4786490748841
28.910675476155774,57.04305184284607,35.14970899254663,1009.5099192830697,26.851835670729624
16.03890068350769,7.131738823124079,82.26298018409494,997.8009925788901,41.395159739788376
36.82827170597625,66.23526117537502,95.76883471002523,1015.4185131088857,32.141589543924056
7.9131237307196125,14.72893667664772,73.89083733846914,1007.3867708852101,42.69111893720972
29.80265901603919,27.96993693208909,90.88381656325205,994.6311853740608,36.7792395640539
0.0004216105652155022,28.212288717172008,45.43813455528041,986.1764131157558,38.67221620501699
12.628187775494876,46.585191984330734,87.66364642452017,1025.1990013044222,40.08818448652268
8.108260575535219,95.31573664299488,47.10287486605755,1017.9879532451464,31.694641745419606
10.491535599101315,32.46592504354285,91.53333799295697,981.9757997791736,42.55935806213841
43.0213146153056,28.132186847093966,83.84366705418066,1039.3619335982369,31.69335688990734
45.739829273345684,16.880198529660394,98.68777483626621,1018.5494164758572,33.39268310900377
37.75157865044577,39.19689000861707,86.18181691010595,992.4308472041878,31.476714121709513
29.505326492534817,18.204111187257066,51.85677268816396,1030.4298123844385,32.88291764454585
11.542825793152712,13.776933631563049,28.80638241086136,1032.9260433083987,33.77454999029718
13.736068921264932,85.73586058147855,89.94184799138363,1014.4211238074794,35.17249615848055
15.494488655258104,5.263873452303535,65.69527788267095,1033.1343318725717,38.7392251090462
38.85027302479765,71.08251194599853,88.65132394759074,981.7503058053968,29.840954019435642
12.644215391834996,20.257090102007112,50.97031316605371,1036.7100026700425,37.96360532724714
48.669471268515686,1.1715023287961923,22.315938677490674,983.4322168452161,23.916706292831744
39.82317606284497,79.51449587969596,24.193326983579027,1018.5434038376262,18.36667081502636
49.98588614980987,70.22855192235235,73.63987835192839,1000.753678216388,22.023662598652436
22.958928169860215,33.42989063743409,29.157005693693954,982.3587410867699,27.69520392103714
29.46640924981579,7.933253389047357,79.63695965264561,1035.7572984161109,36.420186270603274
14.02007725455271,36.067156369778665,53.55540863245459,988.1214595553245,33.36522003306618
30.187229351762024,18.13275803018285,65.04863341076177,1031.2246512454387,35.38928479576224
48.69501426727221,93.2503553371556,84.09707008955439,999.8207005409581,23.17055941083438
1.5190107584146295,52.962310225479484,40.245715544249705,1024.4698401642354,35.80366528847127
14.464439620439551,96.38436377269242,53.03220385492078,995.2532473884883,29.725301735424726
14.064708489514654,35.131412190042745,78.36458529906011,1015.0060362636593,38.042721838469284
49.11849325226395,55.64628186743985,93.47422057838942,1027.9732284286963,29.634666191136816
6.632469371198113,19.01234300952195,43.22398091959529,1013.9707898198079,36.159497698890874
40.618009071501774,80.84290940375288,69.81783555171518,998.393153818578,25.163335468546727
13.727692316782214,4.11003123694198,96.09711670875406,994.006144034674,45.57301159261224
43.03014899390615,69.56154229361279,71.90817512327651,990.4883358069053,24.331475110739266
24.387545067015537,39.16600923589073,91.42312827795037,1030.3287513225948,38.655733846695746
12.11305425761886,57.84157740250772,95.1783881181479,1016.6565575080584,40.1566668336915
35.4866507795323,59.225913491656954,94.34740979430063,1010.5206754854471,32.07960633438805
42.0790381702345,71.07951141343169,80.67816674488024,994.9748410297242,25.8090846933711
23.506960460603686,20.426220323125953,64.16763890422708,1006.0251949124403,35.63274522362633
35.699463785717825,53.13859212156312,27.740227031453735,1017.2037685012793,23.71525123192282
9.079126196278708,42.692593639339584,37.81649124519199,984.3128992107228,32.78830137557762
46.880609038908,28.218110886036406,40.4613701200926,1001.6428961947965,22.975068678325478
4.822475319055974,49.57278227645263,22.660765826957203,994.3702191048689,32.38496228793378
11.097535448567925,95.2015045251085,28.153870232643754,1018.7908943757307,27.674034437972757
14.417988303845458,94.88849471790223,43.58053586226362,1016.3761404777196,28.74400600478163
7.637650013557601,27.881731996174242,27.25927538049583,997.9649296787103,35.29778798454242
20.334016608783124,88.42071649020068,33.562800618691654,982.497843326412,23.830547199960954
22.88680139490516,87.6754809387134,24.35340779006916,990.9687650484069,21.163598401108032
25.929462877287662,24.95846476012755,53.322611967927145,989.6037245356946,32.66638841367382
2.0399773777805494,59.89507464230511,85.7061833338455,1014.1036600977426,40.87354128897592
10.955303498868963,86.9935759278425,84.97950753625746,990.1574873812622,36.29177504327994
40.38816256060104,51.499480195180325,92.39123436784767,1008.9400612563738,30.47411137391788
40.530232728489196,36.97694669010072,79.64796020696383,1016.8717302393909,30.20402227117528
16.50033758771734,65.07854302432061,39.555356536717596,1032.7739349799829,29.93889081948117
23.05871807186191,17.242506344317032,76.19119171646578,994.7016537784034,37.595839292378734
9.172646386480714,16.173138162992352,80.3057516570826,991.1547761749558,42.9146579996138
41.10699452109336,83.26461317742371,63.448603315288366,990.3952299879836,23.308272367911112
47.83418608227198,4.187491593812576,84.56084770306026,1001.6257585707249,30.77048858866651
14.567643012825283,80.36299792257493,25.701267406132775,1018.9508731591125,30.019473353089577
39.096896357766624,29.049415809293155,67.58244695241727,1020.3117452431839,30.68311513336673
17.619456811506133,48.31224909520323,58.391470405479204,992.6577140393974,36.123341027726745
0.1316960787229038,54.3515055047929,84.41694519992176,987.8740071116503,41.559417293566
29.98638632955132,76.70692734606803,30.236847650869638,1006.9206760237142,21.69448667008453
20.519932670462858,88.38579865433599,37.009918131319246,988.4714769173776,24.749027809317923
37.92175132475799,80.42241253964654,64.69535715643119,1028.7752446969846,26.701549753263926
37.438204006887325,57.234377528045755,95.77642575633024,985.032886849115,32.47148206340913
47.301562206125,34.80136703493662,26.65599217215454,1025.1255993307855,21.877916568882533
21.890950445467418,52.6557824958654,79.4701619203085,982.5588749310679,34.41751740819418
24.12559517753538,3.00216846274719,36.43193616079965,1028.4190469596997,33.36461789065131
20.020265368994167,24.498011523973563,28.435909446790717,1017.62910053539,30.753124516564213
14.846943851135991,36.61553658875793,51.58128910748335,999.3423863514972,35.545236893320876
31.892110745498602,31.975452415150407,66.64422662746162,1004.3311096858769,32.97403221223421
41.40183814812763,9.514694073115681,86.16143529376863,1020.4170344334387,33.75815300229703
7.8905337272457965,5.075408141404458,70.77534805920072,991.1376886400789,40.82694138934117
49.09196638800092,42.07147795741529,59.3333714340929,1033.4192401453663,24.14756619695117
34.19036818174605,7.479975329822319,42.85338930890432,1008.9732280515137,29.98608973888454
39.0055508115487,28.620805854153385,43.40424346652834,1025.60836966368,27.42020691453389
49.9427292948352,47.4825658753293,81.64614650120434,1010.4017615464661,27.4090060116511
25.201574828945528,20.99612713581811,29.124774002522713,1007.136753707898,30.221536777004257
3.5645628280447816,7.95349263455739,31.717901389731765,1008.1769337414564,37.78197405072577
39.51458634694617,43.213327064579296,77.57891031968248,1001.7874826464066,31.832585588242342
43.53830138057057,44.84764984919699,96.88336234260838,1023.9652517402335,32.71434961765999
8.119857505318755,91.56142963287202,29.618736266645378,1030.769146624494,28.224051693576214
1.2068710921269765,12.783764257646713,68.75408662888826,1031.263799858375,42.5271458917576
6.791183846334126,61.49953776776284,39.13507098144564,987.2687428360447,32.51861761829774
16.198320705007784,31.970256636537098,22.060625189801364,1025.6820743210378,31.005355590105694
46.214051869273284,12.359783039692152,86.5814124851778,991.9972771823167,31.753319877284703
0.1233596912092183,39.31471067752528,60.68836831894423,980.7307007014743,38.33315916589884
40.18989478634372,42.79375853642152,21.911196135553457,996.5275421167548,22.71561599577182
42.742736810572524,36.356451429076294,91.6362641679967,997.5721158939175,31.00985336473799
40.552616302649085,76.57327409353287,62.85481925018977,1028.5873432450057,25.08242553484782
4.1107177821848975,83.92064699539362,78.9653910724879,1024.5437789145662,37.480328456823976
33.959499942787744,14.873176176321746,53.88038488774487,985.081074217288,31.29508581431555
47.695181174960766,16.790507162963365,34.79066181636968,999.5576784672631,23.00090839800624
6.0181384261104975,42.12175981433277,57.24586446349936,995.07799080081,37.09028887244479
1.5840899107873285,32.01889611015385,43.01378803621225,1015.727311267162,36.862063909318714
43.68295158459647,81.95736053923375,43.738835102954624,1012.4907183950838,20.32414166652958
32.2464834201604,99.6811203114993,71.51024970446518,1020.7347683346325,26.743246898447428
32.321773287027575,18.111037143446218,27.526372404416364,1034.6437899190994,28.94961082066822
48.22157144636457,76.25441508398029,51.761162570926764,1005.2644134550459,22.012356505322092
38.48827917945995,60.724681621663635,63.731631529533026,1019.3554406539686,26.804323681479676
19.872244281746227,64.44240666350147,76.78859779412679,1035.1011495043401,34.273149564404484
21.79205586501711,26.444146900388652,70.63194101164424,1012.5008350658331,37.67541226526357
7.2346489987903775,9.719622213912194,90.89972565684425,998.4968588030148,45.77764144352819
15.202493344934753,54.32561059013258,99.39074260235118,1004.1740092645374,40.975894348636245
22.270185774082872,61.350584890384205,94.99387392118253,1025.2768193994755,38.6310213487997
13.05427133891231,96.30489398824702,81.13218982388133,1023.2006694863601,32.98345795480437
45.79364240721123,67.52310640888768,74.88122038822216,1024.904924101193,26.78917536616148
0.5901336809222613,44.368430017152136,22.834534728663538,1024.5978134166405,33.44404540491803
29.351104484018393,99.40011287889834,62.67990501414179,1035.2275339213977,27.664664329619796
38.580406451812635,37.32389748775028,73.09735209109837,1025.8403087503684,29.727125545704112
36.60544982382889,16.255850186533937,53.03520383479963,1031.3262251673834,31.632237428061128
32.186647956451516,61.798005278465816,50.78372902596883,1014.4226990369614,26.256604731128704
20.516774729871873,26.62506334218907,63.4021186532929,1018.6502832045065,36.36020850378048
45.92386163526686,92.22048369006586,92.53119347156618,1038.063168441155,27.64985039020032
16.447316898523397,42.78683644721995,40.87426952997349,1032.2180525590852,31.65862160913138
37.506706314196585,14.961634988073557,51.924385685837535,1026.6416144381976,28.844959338032204
46.33254858992144,14.163057016514802,72.24702453192558,1021.1308785406633,30.424615859730363
6.4191811459765935,64.96394060100702,34.880580797285845,1001.5110942665692,31.192745979135378
47.35405240095501,36.5897307978584,86.7922864414123,1012.8875338253278,28.866943276391627
38.80163506234953,36.372454705106364,73.28537636705198,983.3076913083762,28.111729404321718
30.829583152059907,61.23239552853376,48.18096477731517,1004.9700049762511,27.911092081347977
18.66993528124811,22.151187646208992,77.77336038598435,986.7137850640988,39.81579677017331
45.213271258987994,14.542825829487715,42.34772298755573,1023.7183721546925,25.946366935140354
2.202146810695665,65.72625107282069,81.95687173878842,1033.5390582271932,40.17843096409914
21.591452772275215,0.5237036630238001,25.6550442445738,990.4449797413524,32.675124227063876
37.83169487920465,90.73649817524286,54.140158990139334,994.7410030279908,23.156182946148395
40.55702212285839,18.297092079398457,40.9311086290436,1031.4188565531986,29.290348937997084
10.11392486654018,44.785606015593935,85.33603098774125,1015.1499305239159,40.95228384298521
2.380232600794052,21.14785351435359,80.21976503462548,1015.298532969509,43.22472091894479
40.14255776268006,21.821966872976606,87.34891044489513,1013.7725818787515,34.68390114342319
21.0946133860591,83.50013670135053,72.12504336817686,993.0956456435133,30.04446152636722
7.17618650412834,58.503351318227146,83.62579340930432,994.598180912025,39.10703387813201
4.2784174054065485,31.145034396266414,55.10306153988018,1036.9785869287261,40.45953612332087
32.031978525671775,25.109872994373404,74.24459328815198,1023.4082091264081,33.31887333958935
29.140893280115254,21.286243988458054,22.48941352157405,985.4260692239213,26.87783568637815
42.699518835074855,55.44483530199581,90.45796868316202,993.3762962995168,28.596106550085825
1.5783506136242076,73.07894127169578,74.78189209624253,1017.6269312708525,37.53974697808619
43.42136165837666,25.352738235340045,89.28771661747997,997.007923215437,31.964770260044247
44.36215547028275,33.23005948224257,81.66870940955117,995.1040193603968,31.890950106848603
22.31498387312628,72.03655960367759,42.91013447530108,992.1408795801884,27.154557093182977
3.8333223909380765,73.72780166620805,41.83041836755268,991.1436118121991,34.9587411839665
47.33716023011574,20.73231517816684,83.97110220588169,1016.7998349062143,32.35218192689603
3.601495266408544,38.220233004732215,34.776735345704346,1034.3509294329024,36.72313449069182
29.533765522309096,86.99577250643355,28.852896066274756,1001.6679113581736,20.447668677411656
24.657825133641047,74.01922466597429,21.20337639956663,987.2905160825703,22.713554194766832
41.75432281640292,16.24953240280914,43.87424367349236,987.4579605611258,25.77604413679778
25.130342635297982,38.59629280277347,27.94120404553577,1036.0213822939188,27.943054533516513
23.45601408530234,97.32937819155784,84.1349224077412,1011.7241286870722,30.367964452284294
44.032507318944596,52.537760418680755,58.76350647853998,1007.9771306406652,25.208634238084645
48.200504138241804,71.93461586861648,40.20121793146403,1033.4444746370064,20.610988187925546
27.463505419940347,9.203501804102565,68.16695505534345,1010.4267762409194,35.75225134259288
22.736196542085985,83.25099620668568,25.628193599757445,1008.8359335709164,24.458522954673295
41.55475716072011,60.47849220220365,78.08970010268013,1035.5991520161422,27.185252764614773
41.554673069491564,17.56004321217365,60.11144359531691,1008.4675473772379,30.151925250163814
15.969085804266603,38.02117710436382,20.51810953824072,1003.4576645464402,28.858309296038875
28.811182771100192,8.302759527571768,45.53737223318075,1014.8997279180016,32.64845429065878
7.70584906777998,77.70105281537847,80.01538987114374,1038.6338918920285,38.29605395587154
31.77709946896612,74.48789999772781,35.04921363868653,1037.8297425560206,22.33053553370576
41.6994506771425,49.02310202011464,96.95018062975376,1026.5360842413263,33.870193646717446
9.375754243611246,45.201639530851054,91.73033154569079,1009.9568515572458,41.172147865247865
16.15235231623759,46.342461939088444,82.25909830367632,1032.887702502186,40.11859456938958
22.446714186121643,3.7466778675343093,26.283868680025222,1005.1629787027499,31.748170072398967
42.254003206290704,36.824496708503176,48.30698381067039,1018.4085826844199,27.31645652414396
36.568500562033826,12.85039813724943,43.85578760871284,990.7656106181463,28.937844224282358
15.843519412001095,18.479236220345108,31.01002547270153,1019.6772588057142,33.45129814859662
12.151677683519353,96.21167086852822,99.96951160694749,996.566354961701,36.51630668164
34.78523550230605,26.1785209534512,31.775810796223347,1026.3051788992937,26.759525360431883
23.994373252006618,48.362497447471256,45.22620372344,1004.8424096788344,29.328870273653322
29.677711227470134,88.7792479194958,90.4113162054165,1003.9045870728,30.8241146492359
32.43487296380276,41.349138393507324,31.550828863884142,1024.7946588468549,26.651485310816174
27.934336676595873,52.86181396191686,57.56223775629846,1005.5191183501928,30.051803240886134
30.65360149410232,16.878772766418027,98.05521045595756,1022.8412814349788,39.54032671280661
44.375157625621235,28.507939250514436,39.78307863725913,1031.303933632795,23.652070802360104
43.40994637387389,50.61141598844887,76.24465735756664,988.212718080748,28.76081389940108
7.451713662971471,36.490148602606276,26.403171870062472,1008.7413797598398,32.248195593048415
29.3248357292912,3.825570065207573,68.06975529986303,1036.6946917902253,34.85693266331625
21.965099833462187,40.08290333804347,47.12396264790588,1028.7308870861716,33.632916160915556
14.276003753259243,81.51057640019202,75.96516256218149,1038.4167359592982,35.87944892888901
31.557370470889918,11.605944298643555,54.63120043482216,1031.6185074051245,32.928761334014894
25.54417670450613,1.8731394378097455,43.919891724372846,998.613189075145,34.5193105205552
38.74520326648999,11.870275675510268,63.680630826734685,990.7491566035118,30.96526252736886
4.671549479584813,68.68701946482668,31.17495303365759,992.6325082666921,30.52932103619001
15.134037468605166,79.46446387784879,85.1545576518811,993.0135642993773,34.29247366236419
1.2891129413881486,4.872655559560557,80.05675135852863,984.5441836912692,44.925656105223055
37.29798768177402,88.75509035359737,63.59745372588008,1034.407705578606,24.64378778508583
45.62286665042084,62.73253615815433,49.363864103791585,1010.1529153572895,21.673574357094317
29.368817032431867,51.813134845764544,93.21809285514311,986.0762718657936,31.603753909851434
30.84895798330197,25.35918880136969,70.75667199979308,1025.7584964082032,33.89463733236913
2.321256083179529,37.170031473565004,42.78401059292135,999.5384439260793,35.7657878426585
25.189064911810554,94.69732726795478,84.53668869513915,984.2622504695183,30.376566245133755
26.343611630910146,91.15464336462202,70.80157613861303,991.385393459302,27.929572316500668
1.9487242879711153,62.546455350178135,30.161009323747344,1019.4529895098099,33.448761328607326
39.11935698747912,57.89112176678487,29.138659568698408,1027.6403777358644,22.15174037645638
13.916006871415332,21.054466415704688,95.04840155469094,995.2206026327787,41.35499795145604
36.172350340562495,95.32785378516516,43.03295848991554,1014.6234962495,19.83678783944532
20.14626734349122,75.53917131090458,73.07860794571528,980.0523534687554,30.46404589031706
49.78230687240538,38.22596979353637,22.914709845392842,996.7032482364136,18.490173938846436
10.610257310356719,81.58315170467118,64.52015494443579,990.8980293104917,32.19188366559725
2.911779564530026,21.18746622668619,38.49029102274756,984.5927734789625,38.13245965998292
48.99527466002443,21.32286538313385,31.17010154855653,1009.033717904623,22.951603610919037
12.192100903778247,79.09612345570305,81.8802500507409,1017.8609308899321,33.95097805054273
31.76655935579148,55.93079808671537,84.76341255516493,982.7825812194052,31.111550433410535
18.728410990761407,55.58352885270039,77.21697870932354,988.2734707517222,34.8744970335926
31.98139284173301,57.367082737050765,20.894947611321655,1035.9374707256861,22.257590100555014
29.802929471073746,12.5806817016346,42.79273725146272,993.3867705900864,30.908724775081172
35.36369406446315,34.95590743968876,48.87690131491978,1025.5992647932405,27.639806040316206
0.9221677988345944,57.307966984196334,75.26801790813053,1024.8640996995466,40.385878497787765
41.80971085770005,24.75884265733995,80.44349453408893,999.2949501425688,31.204602967086167
23.933293211011954,50.40049595255211,70.22839376223303,992.2470139547976,33.01134875616836
25.942640083572154,55.703523825401035,83.12706757904172,994.6370332169436,35.18943333003749
20.551259552006297,94.28138783877641,54.183990225557174,1013.9539380190142,28.446116803607175
49.469124113652356,24.577580905835738,63.347599186941686,1002.8695412251969,25.919828851817016
40.07856870473518,43.93572915573264,25.140014006178237,1009.7339214941222,24.799773423962748
15.569668751490424,98.15112105441615,54.173059723634,1028.6967489898216,30.13466616922435
39.15356373943772,18.678987621794462,54.610649079692344,1010.1377830877802,28.834476158565973
21.849676362763216,78.00194859331496,68.92160876546109,1039.7137355443085,30.651105965087638
43.500667134782375,17.715495563695725,50.23170821426531,1019.9500282290505,28.192498592630216
1.5423247632267767,85.00465727772361,39.0763989641189,992.4348594875124,32.191409080105636
17.770324932623893,48.797393735089386,39.00770314085318,1009.9711269273961,32.34689273291231
21.490957798086086,97.2161484709953,30.709831578764557,1028.8050633178198,24.26212835040324
37.21247898636086,17.007496744056393,76.08181200759344,993.0980920933702,32.4859916877067
9.115013329456145,68.7926345745121,69.80547048442236,1023.7653283186129,35.5650002308529
14.314054719692255,69.5279250423816,66.33999359523597,982.0069420514527,33.71074242537861
36.1940146193132,71.88754375364809,62.48157034123495,1036.5580298839975,25.455982854912445
3.8421829604910416,10.096876376229147,49.40299990932591,1019.8017049648668,41.87879245811102
10.056214738352221,28.856098822464602,81.49734933045842,989.7542182520948,40.31258322777337
37.668328117092074,33.801682724655194,93.7619332058095,1032.4576819627036,35.732291508157935
43.77643254664427,32.428760803267956,55.199135135874386,984.9092408533406,27.541675526702942
36.441402539829404,67.50207190002862,52.727088475751565,1004.3557378187733,28.10845926781608
26.35691425654265,5.482967061386235,33.01820456675627,1024.216960375966,31.416417965339797
4.953065059538803,73.00786179852055,73.65670442512138,1036.244397641796,37.44879254732012
41.36128714901478,52.658437455062554,64.64738107022507,1000.9286160103536,26.451835072443227
6.201949858555761,17.299716916722762,99.03983969902464,1029.830673857804,46.775760573883886
19.25392265557105,22.611868990374397,66.74585334159664,991.8051354599162,35.906047276666094
2.5249672172666546,9.758031553423951,43.08886929559114,982.106622149887,40.32409141998931
35.4837547439708,45.905885238686295,65.03525293823377,981.725658997553,29.902248141235837
25.174748219660632,59.49214032596419,98.77561861768628,1019.490229472864,36.18751523547192
45.380386670771834,58.09720492564255,77.86681440193198,989.2524383561345,26.07055377907433
6.937124779728987,96.23678724058647,30.286184701595495,983.0194586233836,26.802312528084396
40.958297518840624,29.59660320045171,47.4530094665557,1038.6048515498978,26.913793067288054
25.53343789787642,76.20798456028798,43.89479688420556,994.5207360997807,26.4275945859888
18.30461916786036,72.30775430131222,88.5459023189933,1007.753268978773,35.64786874027132
32.17834429430154,6.132698061222253,68.89302785289658,1016.784868347195,35.96477826429267
39.52086849973851,93.0005076721791,84.80815969861324,988.6673621974587,27.565610353478213
22.01426367056221,93.13039188457502,34.09968427467821,1001.4301316413181,24.264893650708974
11.64028401688756,39.63351821379059,92.642792397308,1018.8624106861082,42.15128715376439
45.78945747491507,41.76778350057363,24.664879767648156,1018.3857030484776,23.350131952527125
15.649887207199454,81.95969296010675,49.986974969659876,1030.523438524202,30.52825610466156
49.91182219487541,49.50306554718692,21.131923542914556,1006.2453459652853,17.62116863358515
38.36624644782629,79.92006985157846,34.74235952855793,1033.3896575331773,21.04894197118337
34.39095874568293,3.6125169104864185,96.97806926699451,1020.931564131514,37.36097596068999
0.6199863915943349,25.027061238059012,26.279626511238057,1013.7263116940875,36.81323267170772
22.426566296421225,9.106498518836315,31.632526189728864,987.0282095636248,31.037313627927176
25.123053784368878,45.41980522318095,93.9879220996416,1014.4822347285759,36.15816194405442
18.818819809339566,85.41594445708955,76.81396511516427,1015.6803210683768,31.52337742304582
7.498655025070372,56.978774346604055,52.557152691333854,1025.5282629716382,36.33012023138014
18.37252221275541,52.033353859854195,25.501265391066745,1023.1483440490114,28.054220202350468
3.748667059550442,36.61068938956099,82.80311672633951,1011.7988107607573,43.37509819435537
14.545945985002096,6.360987672651108,59.41812843805246,1015.56975028338,39.349972036825356
4.1839637811531,76.6409670488431,45.841349305919366,1026.3405627220832,33.42407827431127
37.621172691124244,57.07660659827481,48.860034038006404,1001.0864157282081,24.713482223196387
33.55786465872167,93.09655071235285,60.422203037960315,988.0982669360317,24.68402238052677
46.99665684145353,43.19652243229457,64.0986258462533,1032.457962830157,26.159402474241585
18.996441098771093,40.149963651294264,85.44790166963465,1037.9011265132542,38.75773764682213
39.31004789979367,97.43469904059027,81.73629776559889,1005.7582903240457,26.685367641908666
29.380360136746365,14.115749494526419,81.3646953216167,1039.4185873566616,38.82440687434022
32.30517140463085,25.23615327480382,78.34383890562283,999.361694890022,33.82760631147783
27.373063488219984,48.8164215448496,80.62295321144092,983.9944456454439,33.79195538462472
38.95800702303706,52.3544301523083,74.2081220155951,1014.3475748713252,29.81959795685496
2.099571595727434,54.87166199653918,89.44187787105172,1032.0920410728168,42.91851636630242
4.024408195725276,21.210992979555023,64.596343688487,1017.0489090941836,42.20557125841593
4.796188498809512,92.68480484566096,61.667540768514726,980.5656288946155,33.6687598932547
14.434536703131773,70.35020970577321,76.10367829110936,980.7099608849917,36.24201201394998
29.556439477419456,25.843984955961975,33.280477846382,1023.4610643718652,30.906234874695897
32.28087747672332,29.419299884670515,82.15613710680341,1030.7205797428478,34.88681043420275
35.63018350947524,88.03584652735573,94.8924674573831,995.1822025473696,31.045173685906796
14.03816119423788,38.03554074888027,43.70079718517644,1008.2078634057551,33.883369149676845
32.510637194922474,55.63633615709599,68.88359657427813,1037.6654540292484,30.331534953970966
5.884499637903379,12.04267786634925,22.6098010880833,1007.6344450165938,35.92163115056647
0.4989605029328714,25.173279841501994,81.26582901381336,988.1488459644808,43.79283200779089
34.73403937752499,41.65766907266985,64.77345385488314,1034.699180400313,30.521343647192154
35.78061042402919,65.61373778717986,73.89234277077563,1009.710060151666,27.625957253589075
31.107135396205543,28.022065876419823,31.439417595344352,1000.6584165229326,27.41515838649483
12.943497454849856,95.07615122621334,84.7563844288641,985.8459633443612,34.71239025516574
46.37342302909129,22.021715190259982,40.47490698749023,1007.4960978245474,25.567519159070436
43.78377915651243,77.89068899598479,74.7833762634739,1026.180366143637,25.920605260437497
25.777028030958764,36.459881273376574,67.4513412024169,1023.0310606062849,35.675973024476384
49.45698755226458,83.34008768618204,72.30331569026937,1009.7952590185761,24.744408009195663
14.930977827774832,92.3105711888773,24.01898294449264,1023.1721207615694,25.59420971301756
24.556714233518218,18.701556150452525,79.34804561849786,1001.0456341028704,39.02366520191178
46.3960885926558,49.14770420655014,83.61997828221405,1024.1160921518117,29.280900670251786
23.106106630175788,15.436587392441936,57.98526585219286,985.1440494950215,34.753171273839165
23.55041138725938,70.5825230785949,52.708883538966745,991.9540420048925,29.322885600615088
3.969630066705321,83.22380812277696,47.40357631638715,1032.6633993279763,32.9200341399188
10.567319974494321,38.946793825789314,94.23055251858162,997.6193244178555,39.40244965523007
7.893261300684867,39.67509029593388,80.40546034732282,992.3564836680576,40.05372023791708
28.26329351968568,20.38397807443938,75.88949817893186,985.3401552881087,33.80721083986223
15.924578550834756,30.653465734716846,94.04852997003886,1003.5772996637829,40.68820868088235
3.8515229598034884,32.38930590375796,47.901538449537085,984.0189245005572,36.666029031120125
25.498619616748357,15.55742767712297,70.41104686532628,1009.8188275972971,35.753490403365845
33.460858081457026,30.99522300653288,74.8845464421477,1035.1522842179975,32.4863615207639
36.82633686612255,90.72569011777624,99.69820346542006,1027.2280607117061,28.919963678922443
41.87589537006945,32.53858324805613,54.174889152572455,982.4404261798409,26.051424072930246
24.09781974099645,27.4437185269672,52.0144841551822,997.9854898462959,32.157168673686655
19.5305928741011,38.46422829029845,26.759033944848063,991.2586569780792,28.575322762797143
34.20608931387976,96.02730379980335,27.876198779198013,984.0163913092165,18.99611685876001
0.6682376335745976,76.45791318851226,60.9439248425318,986.5184328787794,36.47206516692575
31.676329319664553,20.173831754775517,33.69455675501652,1034.4886623537739,27.953877486594155
20.28409620577922,75.25515951030842,25.834466580556608,998.6049929038278,24.101865819793655
22.643764316861635,76.62348421545849,97.19144040281893,1003.5334325737158,36.59863546860596
14.813476670817021,95.01370746802849,96.11339183266558,1009.1420520993017,36.15177756004942
6.363775879305155,89.10951088619228,46.022141467919454,1024.6957458888628,30.541540403703223
20.07123320871042,9.519498313102847,83.18955255466435,1027.9022284451348,39.54973537309702
15.410116507949928,45.45765413677291,89.80392428953365,1037.8237725723159,39.29977621808224
48.00591864432455,70.29935780869553,57.17976542271924,992.640684236847,21.48490376854581
47.17697158680132,97.33688008699009,37.89576846082922,998.0639707085284,17.18072808809146
32.1958632539609,8.515471815443066,30.384386184863157,998.7776429128926,26.46093074085222
45.18506551990762,36.823274892221846,31.265789714008285,1006.71552759858,21.361706228399363
37.563738888374644,49.222380268406376,83.75465237896053,1028.444261085425,33.48067901633396
17.29457445633879,41.32441935278519,50.75326520210102,994.367365131865,32.93575256034008
30.19503336371524,45.577844302840255,75.4806120360439,1026.9753059937789,33.04764550603143
11.016178679974303,36.91021397248909,63.095474750827336,992.2424011027109,36.48886463025707
34.36041254719079,97.06226141266744,51.57347043387642,1022.6088570318399,23.702525820102547
2.2403785950411317,80.32447789612898,29.905259134740838,1027.9400791909807,29.276288833045985
41.56708743495249,73.66599117633677,46.67591901031504,1031.2270244488677,22.1042308457647
29.161491215448077,41.07013581064501,87.21391366830458,1010.6171324864356,33.09778772020429
2.9219173361359427,88.15235808502315,84.91183495668415,999.7228991983324,37.759610849808546
43.58805826637346,9.333928720443263,22.269487357254718,1026.3430540000857,24.15141789634943
43.8850705452533,14.341852625748498,31.22212467001024,999.2549874296204,23.178837070538723
42.640791898915886,95.40578532810883,80.47209733865998,988.885326570884,25.266247202945586
38.71509884093615,56.69883034225529,46.85863170931002,1030.0811869217375,25.776085972581182
33.89627076317982,15.945777566924091,71.487285356683,1004.6744557854219,34.82289375659145
19.845456093929155,94.91457077507451,65.01405911952399,1014.2500259804976,27.82535060071161
6.8169583643227725,97.48432747641276,72.16538523159083,1035.1066427841192,33.46975021082754
14.4387637516611,88.14930681952097,24.29572407394298,988.1477972740537,26.20283440820095
17.353856917571715,23.855785498161907,94.48953644241814,1013.4310337867349,42.4008242951879
17.903823368239575,27.8493985918012,21.677563980425223,1013.5258754988857,31.509608866937228
28.274480756366096,40.69728525518729,20.642599678779625,1031.7134783478955,25.67864036570446
10.419140407288612,57.93217258580094,38.092240191111784,1000.4755383394194,31.43504307438686
9.483056453437506,99.21814095695122,99.47967355445866,1004.0728453792358,37.59280301798139
35.848135096737046,95.61335468327857,25.80259476802987,1011.1575897106858,17.166639971548236
0.3750275215258114,92.11390586977404,89.96001392085714,990.0319989346865,38.906551062311244
7.475971770651368,8.927629881354582,32.727125635464475,1008.2396836659606,39.213357730992016
21.74790411289857,75.71663452240955,28.72826345521527,1006.164907653816,24.718664696103737
7.454158305994735,87.68458613396913,82.31763180952754,991.8436685009976,34.3163771034413
47.990627565947136,33.327952953886644,87.7342971642935,1029.9813511278614,31.18088632689528
33.50519757341714,21.957403420080755,83.3746310767369,1005.8620257032502,34.21497562058091
21.638475577226334,74.84414938868724,39.282310335019936,998.3639546311089,26.51668440576946
5.6127673933398015,9.083775639150682,90.38741808541208,987.8224541961315,46.54992271685211
19.2593145077314,94.08582021478273,25.750834575211066,985.384867662217,23.682056525407816
32.53008343389803,15.607764425628023,47.35819705912476,1037.6136136034008,30.78768026195368
48.440710167903354,45.75378521702091,57.05465005822237,1039.7092062834201,25.823282289338202
23.634368182040046,98.27978496670961,25.41882172856182,1033.8755230281915,20.644114590743555
34.62061230462029,98.82202165370104,66.38746228388929,1007.517885928427,24.777198285523937
9.767949866336156,77.59902866955369,64.75064136524722,1028.4749455887252,33.947809835431286
31.181668536783164,83.9188484827814,99.3746059926547,1030.0569319154724,30.141249221662314
11.95274499535085,96.71707421915004,69.73312022303641,997.988552638435,30.691495715174
9.906702605787283,92.74295094143692,51.80365414551969,1015.1617430101334,30.5528628172114
25.461028083503333,62.210863228384774,83.21478780277022,1037.4093210055266,34.85771778207799
10.583214871679997,73.46169809287301,46.79736033388778,996.8040680119603,31.196322543522506
36.0663763612114,59.37765539485278,62.629492349802945,1019.7731824519149,27.47614062060367
46.86682954831689,50.649527397157435,24.43756854345766,1019.752467508847,20.485467005695085
19.680105119736744,88.08290165289472,45.81326195728358,1007.1602391103127,27.317115907020955
16.123070171336334,73.80251121370198,62.248641180319524,1009.4197313151643,33.045793244142445
8.794244680135465,85.98161703680309,76.18495149801494,1007.3829507374033,35.653396731311204
19.51982137937477,9.591096340541029,27.92262322963702,1011.264615380898,31.626604284880642
27.981704526602847,57.64851676244815,83.77493833151334,988.9266677597093,33.59631911073053
18.648470649653625,32.95168283482487,92.01271893210117,1027.6848267197008,41.16684152341555
31.15381092494423,51.3393978306116,42.48297324488753,1019.6645067668553,28.42582802930421
33.12117074766063,61.29654446365495,81.22772646274433,1038.4293363974743,31.099601857153917
4.891478100737268,84.57584721322844,34.42787929285554,994.7385913443867,29.510799441384336
34.8891353004806,3.187772455861504,61.87326974053516,988.7580945844567,33.891025900230765
45.01587654558359,16.39833726815957,83.81082920576596,1000.5532439517496,33.01964704392482
1.3126074304754154,92.14457412803159,50.919334846276705,1010.5844841889103,32.47103087538901
27.56761052994297,96.7270709923254,22.104020163105673,992.3005732660584,19.286195864190184
30.193718687679965,5.542268309744758,63.197390017134786,1007.6360618643147,34.32695958492802
35.490766753518265,33.17875429168885,87.57598983205911,1018.5567948628621,34.36168636978344
19.288433189955857,0.9729973767240496,28.66619018516748,983.3702777075241,31.935693018909436
40.93551584284272,75.74480131947374,22.37131217140088,1025.48179179108,19.169929253541305
26.994823311809224,68.1940180240984,84.7232620787669,1036.3826768397819,31.53149063082805
20.446830078195,56.48051153986338,41.37060629370846,996.094892895393,28.25370026456945
35.96283478682838,69.1661173255565,49.14749645911072,1026.5733422991186,25.122148031839924
46.36877658026436,53.779121255782,26.958562392367995,1005.07605567401,18.67739697917106
40.600082188873394,23.88411755804658,27.72951875395738,1019.8659597138791,24.309939936147746
46.53323889941971,75.43337349554888,69.16346855328052,1024.5809642048077,23.97553065082802
13.296738101510464,78.32777710649404,64.17837194771943,997.6984189574619,34.61996391560164
5.925648544335399,85.42018930732665,43.39214211314019,1027.243855723796,30.16788187583728
26.71747750794263,95.4076678461756,56.219004502781985,986.3066801145063,25.578656198390277
2.221521242100449,74.75416117405452,51.05582114744201,1039.2034908654932,34.01573616272006
33.729488446062796,5.454979153327266,75.60423331370284,1000.2214990976809,34.35838310963592
12.000076163277724,2.0838571546499263,88.96712198508698,993.4281659166498,43.270184398846226
22.717504420406083,73.98706707045248,81.20819355568133,988.3192427415615,32.31712567838594
32.77809202696591,5.605096492721118,20.352611973456042,1028.7309275199423,29.407374593946603
24.154765168573313,31.594459829622668,27.964276889695405,1015.153422401004,30.00667050947783
11.80310302832731,13.61598875239668,54.350142404272994,1037.1002178227268,38.2738163744642
44.01852599980449,96.88999044021634,88.14390847048806,1018.8607034279371,25.177766095695283
38.22676605200237,31.639415536541637,38.957935045923605,1000.4355790831062,26.55176514939339
30.053624678472612,5.514690817032153,90.31616692388069,1030.1847520405136,39.38122074273654
34.927013180419955,94.96075425158831,28.801092683290534,996.8741024742089,18.38681831853345
20.766294881396952,60.87443786006679,25.80856990787794,997.4504411228208,26.90437837532488
18.794604820917833,3.6109068748973794,93.07357577164782,981.6968053613228,43.956470424321246
8.005578786424895,83.33610398864005,32.958154079735316,995.1213613476237,29.909293264153476
40.17957437248691,15.252870305840638,57.10204653056926,995.6860530982635,30.996449081261414
19.05221225906071,80.24362731612393,46.07656353411934,997.8512904559379,27.72910652341736
34.61619872505386,60.27517462066567,31.810914773189324,1002.1177159611539,22.058979570947134
14.997099566046085,17.711521463643155,70.56888119680292,1014.600438969208,37.34678479839783
39.79946300633191,75.25980527530949,97.09381713052059,992.983461207891,27.62595138817771
5.262170566645286,45.45049756036133,72.64875574833792,1018.2056610228855,39.67437672386917
31.250709966754535,63.81009397561159,48.29589462218643,987.9989035593634,26.49496610115785
40.3797355720735,86.95141653149253,76.9437564647934,1035.8546538770893,27.032676303495272
33.01251229932588,26.029811542901825,31.459852437578675,981.5666141291783,26.826669629597678
34.80579033375501,36.597134070550716,66.40130485547283,1034.491873342088,30.56697135759641
26.299447770887202,99.72717852144787,57.55659569169584,1012.8320155788314,26.42207712496825
27.951599855438285,50.81144701563491,48.79868571389105,1022.6027207147724,27.847079341354334
3.294671943481753,55.85026743966562,79.16538419435398,997.900563853304,38.895644088307705
12.54015735027894,28.54385398313436,29.478971633795208,990.4279270942686,32.96690940104781
36.09643733518419,41.6027252603275,62.62323803865392,1036.8376825307919,28.647855851579187
47.27107110288324,50.155174717340365,88.35178612426753,1006.460229064803,28.15986178565367
27.089047879647005,25.844472638795857,36.13681245566657,1008.8307740813763,28.64828940355555
36.27956661288642,23.814551114401496,41.163299354359104,1039.14070425898,28.601119739790995
34.178993530716426,60.04668158641183,72.85374342174252,1000.1641279389415,30.001183366582673
49.969216053309744,18.365144431961767,81.80695667163958,986.0114961200302,30.517949976796963
39.75022195092598,55.345773480159075,42.666848110541835,1015.214853371783,23.404366760312755
31.3823666892586,70.62140236195006,48.791840682941334,1013.2884548611764,25.679850826137866
5.7579657856729805,19.82576217302561,79.1929986311585,1026.386262074739,44.171778604884416
18.1331002998307,74.58780617560281,42.82589321096267,1037.3046857302627,28.4808917645793
12.534947777044469,35.968437481294124,73.29980037651882,998.4604626033761,37.433937342998746
42.6837816624233,99.2504537855205,32.70678006446261,1023.3077868512323,16.740419344697322
22.30865069647996,97.90768101007039,52.90483675907299,1006.0701843723793,25.70590216599993
26.764983347650528,79.85946335185506,75.09417677785854,1027.0263673766017,30.559909907867432
48.24116498446941,34.27207765295188,56.79236448815664,989.8566177572744,25.12955572749493
41.83419008252335,93.72101373420595,21.538987868682334,1010.0513850298487,16.08210191919253
39.49101301200532,99.87790052082542,52.51042856836112,984.6312156721528,19.673997539626484
7.1109827214198615,46.227856494177836,43.06682327117393,1013.670471752141,33.78509232490195
1.1384211168359692,61.45893808966137,28.102574626348755,990.1384165534872,32.91992892161282
6.2774177929381505,0.5987002983719458,20.73104093189209,1037.6027041829877,37.001764584975746
37.014166530717944,4.353321033080237,23.641232125308463,1013.2598198960962,26.576982820502533
20.535889888003922,50.05978109669884,95.93981261901928,1011.7624752973046,38.142592686777434
5.87347931895717,60.93138739238714,79.98553661426024,1038.3398434211215,40.86158092640144
36.950975177688235,31.239300255763634,95.17933703305125,1009.9049172066053,34.933853782006004
9.72920164169051,9.912982038305074,29.18271172961265,1020.6035878426768,35.613167378764466
29.452165482560723,78.22721486703729,65.64077732786657,982.8008917388164,29.111159879335133
37.0771410392902,41.87600384132587,26.663085203855445,1022.5003289356135,24.949071062719337
30.40303124227502,64.88483925347121,22.144511296056216,986.2586224271159,21.536627415708406
49.68182704197631,65.02011953714764,57.30249155522059,1026.814077768812,23.535488310658092
21.7081360281788,54.68386830726523,71.70748378382822,1032.610749952719,33.997574413669916
15.590254380498141,17.848957071229567,25.084988873983924,998.9280721138653,30.96873702083913
10.05983400499592,61.60813433228552,49.20477733815963,1032.6878008430372,34.899876400365294
25.188981558780878,32.20840092621765,27.213360125960087,1008.958204493368,27.51412739372863
42.62399701256848,81.91252065959235,48.96829135201251,1014.2945648711675,20.882723611407226
47.345759496445844,19.31968493934254,57.743655863642395,1004.6589722651773,26.9777036954158
48.60274364696105,29.114841398259717,47.00251082594038,1008.5925276477327,26.50690695355695
26.56891692381572,44.03059662987565,66.09992194405658,1034.4962538210234,32.0192152918321
30.263017277309434,74.00131302029762,66.7672045138948,1036.8376641904044,28.41016210114022
29.07698823410846,72.07505771555667,46.63482662241456,1006.7521365254935,25.597366935407234
23.2986197675982,33.71099537249047,51.167873286220996,1010.8616883659721,32.798940731930685
7.611990715836892,51.07520308816229,55.285249432980805,986.9704990128031,35.31158407328208
3.272934338279021,23.42346004925966,50.05226452609017,999.5372686341439,38.24704525525095
21.831894784881168,77.03652774938324,80.8518128446126,1010.7942307350736,33.45422803104923
9.308384763883415,19.670988483487772,31.19580032124454,992.1549650058713,35.859354694786795
44.33258725408296,81.93469134771402,88.56283439804965,1014.5919958421263,25.199867876198017
38.08499724329803,93.68641007556333,46.50008139348082,1021.11699403058,20.661679569029776
30.920335198879577,99.16160720194182,77.91686833918675,1018.9976027289028,28.12715801006866
2.3705987547089413,85.69621573538767,90.70206360713107,1006.5507495792976,37.96269320004609
31.112270708667904,22.169898944045052,90.99621613369713,1026.1591472336138,37.207051159022235
31.05345993605273,41.651363157197395,56.18920560116258,999.1713446474804,30.94136618978242
21.960562886440098,8.883684600502173,40.528252632146206,1008.156616064969,34.128487670304494
32.88764954410171,16.455135989921345,68.4608343005709,996.2092932958285,33.94250834021422
42.895726549910925,4.969708297165165,34.71704084727577,1016.2177154039395,27.65356107175471
37.89934269490374,64.10879115426854,83.2477497723268,1006.4424219949173,29.900254188181545
23.671710145963893,53.31871345163941,76.90759193199906,993.0267647929732,33.36605368737354
13.114224916972056,91.70128167865741,83.65124194432548,998.4910972916546,35.11797930739684
23.891864823210746,46.300767679433775,54.66060067322154,996.7680846108354,30.600983167521456
47.29854180061629,64.23067054443018,64.59426399183562,1034.65476317926,24.348091634846522
40.99932795031645,40.159747141116306,28.21813091982036,1011.3172565267502,21.22739298239941
1.3519844875748144,82.94570393558956,75.01164940796886,1019.1593503077295,37.19700426229362
39.14816255053877,92.63756983162428,58.94709444466406,1036.0840264221113,23.374165512014425
8.527881895588784,43.17317367810739,60.73906416149241,990.9330677161402,36.82025519779582
28.555566651888558,8.270132047632428,87.75937189533028,1036.2136254318607,40.15832718737512
40.32587688899801,16.353582918506305,81.78568876710742,1012.3782325951206,33.08442321001527
28.06442114790996,72.05443304579063,62.81540329177289,1031.372852555195,28.767440528449193
20.19303630106223,32.52674585886148,48.40850614326415,990.0797332940251,31.95112096332412
16.063381838992242,78.53849725281094,55.71483536552218,996.3761527527276,30.593244861126866
15.255012029456767,74.9759570513246,48.06109369761653,991.6502617746447,31.2543733273629
41.8713752221513,69.43016678964797,32.128433336599926,1019.2053070242704,18.128564592276273
41.25254489998038,81.42168844497945,71.66207798539334,988.445684152754,24.252620765218317
41.168832415345975,75.65558702727564,75.32120020645903,1027.5513530835951,26.322015573448066
14.136450619152752,63.2587899157484,97.69680276305158,995.026177469852,36.59661460095957
39.94588856078868,0.4227208580241837,56.4563580636281,995.3285277187698,30.964918437659378
1.831742078963322,51.567720809335974,99.78339302072798,996.8672777834583,43.58524721565282
10.322813100734374,59.52528930648933,34.96788684046555,1024.783285727001,30.992609928964036
25.725149463582873,96.06459008874025,72.53046663844671,1035.4529570965801,27.901269115094713
20.33730812992812,65.04820615461885,99.581491437479,1034.4506008496287,37.67284315295157
5.59441284218955,57.54737552212846,71.22599755122725,986.0752532606435,36.54589653440042
2.086022992919606,54.11938434862121,56.18959166621755,995.7462141985206,36.203563707773654
30.55855680919548,10.329299374248603,61.22018407707568,1020.3309179553967,33.9297071063084
15.674064190571652,42.761987738471305,87.6408910786907,1017.1130384454669,40.27157503527747
0.7980865130834125,13.43556924978463,95.12883966294127,1001.001743894334,47.85671043886925
21.54473151286903,5.269775059742432,56.314122491844216,1031.770599404879,37.445996026981966
15.338355807004028,32.946919214390505,81.78960226780106,987.8279765071121,40.83040126676902
28.830367496105165,64.54421686960652,94.69507358842789,1018.3419126851128,34.6480549404907
46.490698006202216,86.67973350495728,42.569646055633086,996.3850685414823,17.391141257585133
15.393316804331908,81.03658672441125,59.452847538669346,1011.6304773231038,30.60613336780627
49.85682591421905,29.46898506349036,99.63340439622712,1003.2491942269511,30.9889504369651
4.302242365925768,4.59966183566377,48.27828521688512,1038.7841059656575,40.871060055299914
4.413908170021408,40.26781759371695,69.575036470213,1009.2015364264759,39.59793833397079
35.64799680022534,31.47792906640542,72.56252446057508,1038.5656035673637,31.610862301061747
37.431590510161136,37.12645347234233,32.33187415582738,995.301255002622,25.477709316342263
21.143559766975912,55.90989408751052,84.52936204355866,1026.0764559368924,37.002425763911106
14.302379830888444,3.0413523221447747,53.0320487406453,1023.0234875115385,38.73984745783078
39.70010361966468,37.080573637305925,60.025873085466216,1030.858717247726,27.741018642598835
47.81194723548677,55.863330948612855,71.42739761342474,1021.6164478255439,26.078083022713386
49.495094665062226,43.09708709665275,52.838775549691654,1020.9415458872326,23.31460442407092
31.722704009305218,66.72289427977435,46.006597251765314,1019.642465436717,27.130522563221877
37.00573659752229,18.613179191850726,63.71445825529144,1039.1030943245853,30.920516208896338
41.11232975246287,15.382810926378943,47.74279473459867,993.6858665646719,28.5607642718251
39.943490887977404,30.787442408178002,54.7303779089924,981.8068210915648,28.160393208228665
49.66961514082794,10.172924185294418,28.67260070825118,1020.678251866035,24.432724841183173
40.52159261220282,23.626186936199602,87.57944490903232,990.3402661991336,33.360920634378125
33.128621464486784,8.69044575863831,52.93657802162019,1020.7630358096583,31.95801351807407
18.810796983349558,40.197775359977214,26.622720603058283,999.1811246497821,31.447127555046126
29.899330325817218,71.14560724480376,83.20190006710331,982.6011030443892,29.910887188613213
44.01797252453679,28.653808071238885,21.570024906662653,1026.1860795334449,23.146560612178725
15.27400314544542,0.3730914778113048,67.94769604489201,983.0988904903295,39.993054212725056
1.5326277486341189,55.7067435439091,76.21310077838797,993.4482989381014,40.35336225007066
16.359110390725697,69.19415472179956,35.29683260233477,1000.1845180277106,28.54860721046851
48.011502948535764,39.13161823695932,30.50075433667302,987.96496703486,19.67531010709757
39.70337856158096,29.699990132182364,29.11064220075202,1034.8141496535875,23.579593904492164
9.356994035283222,49.06377994805035,99.46639921387852,1017.3101894550083,41.01549239688987
0.6000487953479072,10.123966478836365,80.40694599123378,1032.5237568083862,45.813080611361265
33.45597074430832,64.39262199905869,45.016837629330375,1020.9231237774546,25.683153371863806
28.9504361919928,73.32971487849615,46.84461404375428,1039.5167243602198,25.851565593241347
4.149099046273108,70.46306771725392,71.8899803709512,1011.5091679316396,36.0262581681369
48.29982132178171,32.86669402063126,56.61375668401155,983.2257944777194,26.038515829740938
30.88966020359108,84.27106644453434,41.70721152498081,989.6515186614608,21.55646848543426
32.576049047011594,94.68487705736642,24.567728525396298,1015.3059597181228,19.969736790642884
42.67988974447488,29.70742229938319,82.70829159906927,1000.8637123434586,30.637408762946166
16.853163432149287,26.271918728785202,91.05806924902478,986.773568057917,41.668614067767024
27.912649243377935,70.41057597289205,36.476742886443276,994.2883845151189,24.156821877659556
28.80941635300889,70.82819588650592,25.072409137314942,1008.4742438220507,21.184134653245483
48.36777786637583,51.041742213891006,29.490040456934867,1011.0909122129806,19.731247702176702
6.57432497672727,92.33200035978415,53.140744938896916,1036.0748755282016,31.386743141423857
37.94565360178735,14.631502453567236,43.947859778043934,985.4407548984053,29.00499208304053
28.757560426937474,47.73670912705046,25.876625273742544,1001.4684470100441,25.579661138702097
42.26895159828029,3.5206871500074177,56.389499513458134,1010.3629526834677,29.743846583116003
41.597586476530424,5.265594201811485,36.31351223066942,986.7960548583318,25.91441726460775
0.6015150821518822,5.368453413578401,25.35588634818323,1021.2681213966005,37.15387624021474
12.822733687799959,49.17881730857723,72.63425110010124,1010.9016854790362,36.50256144506005
9.04086714508856,58.89645530140759,65.80050339214576,1007.5707150619053,37.52331460030369
23.08553239049285,0.3487496512757038,86.11183182454977,1019.3648344299254,40.93978530438022
45.26437309769188,63.25464040194374,44.18251997722326,997.2688814626407,22.355009429040578
0.25030283381312635,48.970075213967355,30.865814190838144,1000.3596261009557,32.92409072419033
24.409598787849458,22.38018860616634,48.812860394836676,989.7619098992491,30.375289051232322
44.23967176071801,1.5100122076510014,82.29656412467197,1011.423558102258,32.9446281153989
46.31062180134251,15.610319984442834,39.33914841191728,1002.3445252249509,25.890630703490785
32.86493016521448,60.033223559149086,40.40006799417831,995.6198518355441,24.560733658482366
41.48761488226609,65.88402037399831,31.80677472178146,987.484532465261,21.1156991764629
16.203409709246912,64.70612018689108,98.92114894773616,981.3935122559096,39.138217817607945
14.297973494349254,15.316232010774556,97.38478601949143,991.601136286475,42.40149942381524
2.4559823558086116,91.12143140022266,72.6441710700453,994.8455718095852,36.5189290563282
25.160131153339343,41.095207355365496,37.18544674289216,1009.1261784049178,30.230817892681756
22.791600625975512,76.80074218887071,81.32450700232631,994.4597974074642,33.34383630080086
18.595774534337036,16.648093970490063,66.71467436797765,1029.0592096200492,36.490901437600165
5.666704958606811,47.05687124253418,79.9652910852527,1008.4477334077096,38.64311697237242
11.538157941212306,52.15211773858025,88.83282883527686,1017.4286458590052,39.288211858905825
10.18378079119357,77.03552508283322,45.47794938185309,992.476300668741,30.24175608563869
47.19842011187555,62.151893499532605,93.09589948734731,1004.9676877384616,29.271887845299045
48.32301686645574,39.93024891005944,91.88466637846953,1016.1666414178708,29.388460869787405
0.1710802429505165,28.251464910888068,63.770440092207615,998.6627532759433,41.818092901744116
8.527395045424536,97.29567507650877,74.76572425506376,1000.1718445343616,32.58730720177433
44.43904001187261,28.45299933915072,52.88287110611053,1028.4455110125164,27.40939167987689
1.9170042332572024,12.947392042578498,72.40821923403752,1030.2308822194088,43.87891490909154
47.17257562951328,30.041669071757006,63.9166777936166,1011.9764559453098,27.76959490479575
19.003232719060186,32.69363996226795,45.825591228487674,1033.7846453185462,32.95537155791386
26.93428812851727,12.785950903760057,45.82708495823641,1024.2009201797803,30.531786264324825
38.190981058047996,70.81451023878498,72.13328592375446,983.3180951533581,27.196579708165668
12.195254549457957,61.9165014227892,96.53024243471907,1013.568406821089,40.8107157596334
5.033700391524426,31.661547748348397,36.12386244268222,1021.8675978444121,35.08382823953747
40.49740998860696,99.30000940299932,51.402932231648535,1012.4530898917114,21.429807507823043
49.23132064178434,65.50110731657644,84.45673530406688,1029.9185510190669,26.0740153889157
32.938900946668156,70.318538670577,29.840917910929925,998.0502277920842,20.913712389905182
41.26121552257677,55.71826501038408,99.53334323822017,983.9287479888446,30.787076372001994
47.06561962660255,55.15747405862162,74.25108602197011,1018.0172317271076,26.418761109551465
11.428989073646411,2.0022266578279213,92.86403727701028,1023.8480367827482,44.197227351438904
17.52029770535802,77.0906276969037,87.04428346941795,1025.91523209747,36.6994273789338
10.951303677906049,91.07407591655986,82.17079484371007,980.6636314061354,32.755261779747904
3.0891885989677514,12.226397766388919,22.6320848231647,1020.402694899496,35.85204489044524
36.61378986577884,79.56304788071562,52.51968924705555,981.243667058131,22.38013019962983
7.282880181492091,53.43070078636016,36.14899157366493,1026.4871609964766,34.51795836770751
4.635469845252849,28.530916151627327,89.7066662094083,1022.1863084378957,42.8886203288326
17.881743531211658,92.08840676943211,74.4229013438759,1014.0448342185164,32.4361457294894
3.027805710375314,1.7370902073700623,28.56586494581009,1010.3794643585268,38.34756969665917
8.977915865328118,27.405855831799663,48.767820005246094,1022.9064717830161,35.83160867311005
3.4970603769898743,88.62498305262113,25.544653538743887,983.4317185014175,27.977144268572165
43.86389034039798,48.10144937078689,79.19973026463184,1029.931362039293,29.066706414343912
38.98671949758969,59.89218044943393,53.46543805058528,992.073571274308,25.501005184702883
42.97574038509538,74.97679945344363,38.74970153758552,1008.6673317875506,19.69043671501801
43.416553773148216,14.79736162233386,61.415246989233296,1009.207965484448,30.263186833479367
47.22545278693496,21.517510385059467,23.363554783579517,1026.6274119824675,22.506469197043373
9.332728279147451,99.86288528542589,40.58356906303868,991.579464224015,28.324230019724915
45.00045320295556,23.745270625622805,34.024337156944696,997.9849843363439,23.047465390240152
26.251945108618436,53.92025063523461,94.45149282821409,1019.7864776379646,35.794719394903424
8.311551250752174,29.87072699168283,50.16859248181404,1004.7663044787223,36.990307556704806
32.78866883884695,85.14196632193641,66.7578373121062,997.9318173833747,26.44316145483643
16.35002611020938,96.17558287315514,60.23535606662484,1017.2853933483943,29.558889369016278
2.323473870947179,14.129241400409542,72.73638991819215,985.194331415386,45.33667805967802
3.93239927263756,60.05734623826423,42.32928246927119,1027.3867143151365,35.02596674836296
21.18579919738809,81.15765330043442,29.66236634747905,1011.4849530340576,25.67499992493958
41.32417740170048,82.30278629979038,26.516128484842653,992.3612305585234,18.184008428291573
15.55138845219693,44.04476858017485,35.47175714010447,1004.5109550380347,31.614350990398677
38.306293162061,22.537634182802037,58.626364237489305,987.8646080766897,29.744200617953506
2.787198142425795,38.71399261124427,38.882190888389026,1016.9948667757611,38.0224419694862
19.68662506423826,75.1152709024255,54.72016629664692,1020.1580378791027,29.87359142493112
6.372012675405592,99.37778922806719,22.34420424282756,1004.3171556860403,27.159933556260434
43.177416767467996,55.42892078800181,70.20408781556387,1000.3814292948583,28.867438631633313
48.39691034195704,19.51244086491224,90.25292790945228,1030.9870849484694,33.08041357494509
16.280785573620154,4.193476677081431,23.80719519847288,1014.5641546226665,33.01427892115426
49.44313303917933,94.36898398976604,37.44318131190581,1020.021276322709,15.753041881655616
37.61537801157077,48.30332022722792,45.42163272370739,987.6511468041169,24.69576408396411
0.061694971357395545,71.6592668517714,42.979245938386306,1022.7995176556947,34.850151841651844
24.26358878922974,66.01810351461427,23.230812358848425,1006.6766464713859,26.2615220547115
41.70503185287118,89.08712841505421,28.52627798045407,1002.0001053672221,18.2423460642245
26.693769060927007,26.60905725479831,92.99694312171303,1035.764251978928,38.3492381040688
27.49803877223399,44.17200932828623,76.90894414548896,983.2360392317582,32.969524654755844
22.384981148655854,91.36208319844648,96.6750457793676,991.736384293967,33.07483629136289
19.75194347479074,58.55761917879349,55.23696855483104,1002.5024051652225,29.953618682896924
1.369837891908382,7.136163640098204,90.32265084967197,999.4424058273437,46.69495420485467
31.086653058632468,19.448417654301398,85.32313660594062,1010.6410310026295,35.978899426045494
38.33631682262627,23.72150170288433,89.99528444078075,1004.0541231536578,37.22544214618977
39.50889215520963,99.37854932786826,23.132332877555992,1027.297343530415,17.89214860822139
31.231806992240802,22.413899005683867,72.20125254316923,1026.080033189994,33.407769820272094
17.063862482116797,86.96840716153893,65.33031539540828,1026.342486562217,29.68119177238173
1.1304834240948691,7.809564994936147,63.617260646329726,1002.1612731546808,41.89970047397092
44.78897736285645,18.172069344052254,60.350717309997876,1004.442108665687,30.04117743120332
21.452310918870264,87.20552116699986,83.67812353273551,1023.2277157110515,31.25098759989758
30.058772433203824,89.89364767325961,97.44455412082674,987.4519019832159,32.70846042354664
9.7278037590511,17.61962519528012,86.31350660443051,1031.1151770295185,43.868759317174664
7.097785896294612,22.985218419838592,89.63162988164459,1012.4754942687916,43.76041772511739
4.340885640395903,53.056733133216014,58.71221641913127,1030.912713226695,36.41252086403047
39.938260260919414,5.268295210475749,75.24874162190468,1027.6161788561428,35.335167587924545
32.32303566362377,94.52841674553606,53.24514660621812,1002.4629851225287,24.172496566303387
31.0579629474592,36.20767250916826,48.82289155044725,986.0935825999422,29.747252583336284
45.96988738436568,48.92879657841518,91.62251188825495,1035.2498144485987,30.232007334853993
7.935611960975953,10.504835512754818,92.41690060568547,1000.6763209829954,45.851540642728324
8.513467590580303,3.2544634544050988,74.5776153833381,1002.4245014334192,44.57726452544749
9.473457476717012,46.78169064698942,87.02737516822341,1034.5429100629476,41.56002841567014
21.168471513264482,12.166737008576012,48.829098794581924,1035.0408321751154,34.14226089160869
43.71108675059677,63.03186882236411,54.700850391425845,995.7743712136551,23.96402851501032
44.07370630301207,79.44813033362209,85.68130336258929,985.3373768387639,26.886813211782673
29.52938682684536,3.1671131722890156,51.8440224216502,980.0664815738279,34.6192651716356
32.90714489317275,61.222250244106924,23.19740953673402,1006.2976690773174,22.936182311409144
44.888117180740636,81.56267507215648,48.26386793195624,1014.114404097643,21.740681405417927
31.210947773184866,43.94279795319738,51.858424331742484,996.2202801879288,29.301900467906275
11.489983891766087,95.97046638429934,32.37089602716332,995.584979065929,25.108321666548342
35.24570341657698,11.119490669227838,47.52994279523843,1001.4071027238784,31.041357985285558
38.49453870569493,32.29844634517467,94.75376120001071,995.7851061772046,34.210529504781185
31.767231160741368,23.00750339355706,88.68264831212907,1031.5063042731347,38.838569515130985
13.678473172116195,99.61911555409748,55.67391688036038,1018.5705434667683,27.95777303678263
19.995892479677003,29.417635420557875,76.79116559117745,1029.736809972934,36.78073353602284
23.529620382337036,38.79267483940141,32.147996952150834,1031.6286949763307,29.98201739588854
7.264920907718997,84.76164897089824,80.2040687450974,1006.1005967603684,37.74859104666361
22.611162722999257,92.99635079864133,58.06278159715279,1008.6546469177983,27.41926103527531
8.059871166460047,93.77472293250453,77.80545696247192,1038.6691759215587,35.27378217146176
24.97258720364279,55.81680386490836,71.52186039545526,1029.010394741831,33.18217899625794
2.540537927639308,66.33022260479675,38.62116863596186,1027.8736592495666,33.21132083858626
47.42657459806014,34.91717267634168,86.7753257377675,1015.0227924363586,31.324602485263846
12.317243213492851,60.7158729350281,65.77412988134338,1007.6690155727962,34.510124477384906
23.350715492880447,30.274806845107094,82.73579300110015,1033.6766417988931,38.491539790581356
1.6376088266178979,74.60283563593224,27.518907641602468,1028.2734176952326,30.158480008859687
9.63607610998491,30.7210116551903,69.22802714524109,1011.0073344400681,41.09996044950315
34.662249591678865,87.94107082420643,43.35072156168121,996.229448118443,19.854050701201952
5.590030156944698,14.348388927216282,88.87162940561649,988.836764237388,43.67237638879001
31.407458048205562,57.18051291484538,95.96047729019628,1013.1623425132775,36.51047199502505
0.1034445717169985,52.06754962749477,24.466210848769443,997.761801189077,33.22839994572993
23.250466289783173,26.37174743942765,77.94263171679378,995.8529471691824,36.07633545347736
36.06718203616438,2.800210917687629,28.238225302483755,986.3471740616432,26.325396403931624
46.31464314568656,14.853368639693699,88.60058931105013,982.0683631934993,31.855661776147205
24.64180880462069,96.79511665478641,29.96194657493815,1027.001229354153,22.992026490778628
42.02662348693133,94.13045276393707,35.60054980393845,986.4791040032143,18.27533219282504
40.12956773608284,11.93007232529515,40.129612976323955,1033.3165679998046,28.516159688554573
14.788538853375494,37.48601988693371,78.2266149247532,992.8269684556599,36.35912410094488
43.73668119558394,46.51266191305881,43.40275648466637,1025.580541543893,24.128685612154325
32.01414899046281,47.80719307894212,67.68678875357637,1029.3799688126167,31.434634384835153
5.209232404317987,29.881982046554214,65.7554133747816,1027.553355325947,40.95204335244737
46.95563982979402,91.29528326700685,52.180929571537256,1032.3713492040074,20.027809600332116
8.833837076692868,90.8490600483377,63.15916516996906,1000.3832514220521,31.257503057109354
23.51804736481469,1.8928420535729296,29.455345100938423,1039.1533085769465,31.775131376990483
23.318269277254988,65.00013755174257,90.09394013831036,996.7756820366084,35.90720584483354
31.261831157045183,7.436240846680741,36.566131177417994,1036.057885393876,30.048212525656517
33.24783828392387,59.74976621312753,90.4181298250873,1006.2464056913643,31.756293649118522
11.645391481936846,86.68928964017991,61.49899515639931,983.4159195924258,31.174361611775854
17.622124425881736,64.95309496235275,69.11487342408314,1027.0949881583022,32.650552087761916
7.229510231537617,46.89276149437619,40.58376225671947,1027.2446499771904,35.1481342591289
6.300786702477762,95.78957291715938,37.786357044742296,991.837873668364,27.50706087545511
41.2533677621878,74.65985830175399,59.25623743442142,1029.410746887959,25.458659994844677
37.536067016354224,24.930937275280364,41.38875144918933,989.4547641771278,25.638697062801647
22.134174331442214,38.69369010520175,53.8511225534317,989.0858995380593,31.810184667425393
4.7954641921463645,75.9875334039964,55.217595626020824,1028.5351572760376,34.89972896308734
22.496087168497652,1.9314248116055532,41.67338597050252,997.4131474584525,34.78787018945439
14.722784687240093,6.396330254827209,43.33839870455513,984.6126701096953,35.65153761607151
38.89596102137557,85.94231784597667,97.83275283967083,1037.380639155425,29.19677224559252
4.83196672217086,4.2945989633868535,66.9964199634733,1013.4224093557523,44.59790609089014
22.568427687252857,67.85138411991532,86.54996960145007,1006.8846493659394,34.48598928549937
29.56935218149535,31.89059570558348,23.6593827839772,1010.2466026316637,26.263321911538753
49.28626266065276,82.58917177447093,20.15396944295082,1020.2270166311109,13.304199207398371
4.480406559603633,84.73460655306272,61.52819082422092,1031.699959114492,34.977216023904624
5.698023608348302,95.33391080817285,86.14442433897325,1020.3547332984551,36.82097668307698
49.40245801082504,9.554955303748269,68.87350696638961,1024.3715835781693,28.426343285859872
20.281257723145146,42.28470092293496,69.50637490619343,990.809184803518,33.88816450366104
37.18571535990725,57.39585899553449,31.148673367864596,1003.0455841872483,22.671266929750274
39.173769124547356,91.60568795898105,98.28539829280271,1015.0885875806594,29.33927769236963
15.727970460645679,26.651414543310626,62.376050033836236,1017.1643896203851,36.03776421837613
10.715010347060028,7.162749072712105,28.208145853869855,996.2415867039016,33.95643985325633
13.804560002636151,20.176462059410106,53.13578358066012,1038.498935113991,37.43698629320516
38.21967125190741,49.55783237551897,25.75769445676834,987.0911583296734,21.08257483869365
42.0239725512649,68.10510022787905,53.45122128556248,986.7367008893895,22.874029276086137
34.97524685856485,69.06740213122924,76.92494365912111,993.7490119300692,30.52972590995794
22.061378485444237,7.466330709431346,45.882093477353365,1025.234795915539,34.719303482002395
13.128172837926105,76.14102645624203,45.04818098237259,982.193077307429,30.611284145248778
21.26245212470636,66.02394032194333,61.147138790024805,1039.2719467162149,30.470877815646816
45.72633098146229,40.754318721335224,59.87887576649376,1039.263766791589,25.945926939651297
43.15977708784968,57.108626842296964,57.371414817096195,989.5810517976396,23.68947752446959
16.16881037096784,76.7740446291493,61.34754776649187,1004.0721964566908,30.39159191426939
16.397040803518813,26.209274800062566,23.836732036383257,992.2350403683469,28.851757154956427
38.99870248894655,94.00335034041159,57.94133757070206,1004.4809127414261,22.613940094742766
21.328702629226047,13.776760494702678,99.360860076772,1011.9717688550708,42.49416477615596
28.636140424733043,90.22228117035604,81.14684533212858,1029.3639170717202,28.940557277305412
21.11588701817843,74.08579561211016,43.00553486702977,982.148437868449,26.345291526510778
12.116940991818126,66.0518619329194,74.21711635570531,1039.2138602705802,36.494545405358195
9.442688442786379,8.290799725867803,46.392204611898165,1036.4337775919078,38.78642773937692
6.977085971686492,91.90046075556884,35.32112980129046,1014.2250379363435,30.072588086703554
0.5711390222205681,29.53303505403946,81.88413827387055,1008.8537827286959,45.20875910428607
14.03082283519182,74.5612206312171,36.76690713132125,1013.0386852080666,28.182127920067185
8.570429515548389,88.48014126899633,88.69007739363985,981.1064555853542,36.1788494896376
12.897521334775352,24.42834934020296,50.43276925775701,1024.2609615195324,35.477219523610145
3.790200474991834,91.46007708826494,80.54747353468306,1009.7861590596709,38.237016593910106
17.07796814965335,61.194164859402775,40.76772102062287,997.1623951680614,29.821907162113874
25.997929485382144,65.90317822975011,72.21881687620697,1007.6926135296302,32.33074227767836
47.22857074705596,91.45128864442907,37.00254162885724,997.5540681340813,16.564496821725577
17.353598180777645,52.67349219529072,21.746758106306032,1021.9970463486787,28.989284512725234
1.5511489585849414,44.06475576155775,85.16833325707024,1016.866052225877,43.72510581132008
18.11821916677368,63.32317675754883,88.49301732954935,1003.2855559454035,37.59078285657501
40.86121437283501,55.402351705850506,90.44593563149122,998.8545165194763,29.14156853426912
17.007363329586994,6.147571244732831,22.903800425549782,1032.6821986625173,33.187047409163675
14.586533529487156,18.049204693151587,80.87374572102797,1020.9343186188986,42.20640840679663
45.949757055608956,1.356647892301377,86.86963271664139,1022.9469090301784,33.373121677456
14.861463909731555,10.816283949808469,44.935850425710385,1017.1163355157336,36.80451642792994
48.51308419602278,72.98496597775842,57.63610391093682,984.5138330140775,21.794603033817772
41.631787021541605,0.4711161805349362,52.63321196941711,983.5557492019549,30.47049658172671
34.21249594866878,30.44055146077669,55.2081871178465,1005.7502911044168,30.162167701173157
29.916313670644335,44.932140437860504,87.73633509118356,1035.8299974233473,35.76654536789056
11.239028987286936,93.78122490987916,53.429500121388706,1011.4824847339144,30.66699055267689
36.519921838757,32.700701778991615,44.189104250786315,1032.5530707856055,28.978293047473915
17.356906496064262,78.31307631083072,30.4306550469681,985.7929905221633,25.26437894839461
24.28210800841642,40.87655795525951,73.98714527123624,1023.4556644960797,35.27530985433253
5.203439102898044,9.849138008141345,26.736314696607508,994.7202712976487,37.31769992496339
14.807705497036295,9.88437479969292,24.894580548829843,1011.469769588145,32.4891104828501
26.45597339555864,43.243381998251785,74.52634297350103,997.5752642212445,32.91821561812884
23.402065679117555,5.788313151618074,75.54311591505501,1022.7400016001245,39.45118348880362
17.17565775507947,57.16192412612946,35.92640372222633,1004.0533431662316,30.723230682698887
23.596497757859797,49.36497353668783,96.57477115203375,1007.7301095499756,37.231114067771195
37.24630670521515,70.25351856961784,83.02512016781094,994.7207223908918,28.98447387508608
22.96627820923377,18.56215294098289,74.91424341236024,996.8874809183836,37.53263830219981
25.307823586221623,59.29292537268355,80.34780554765486,990.7685414425601,32.599129105188574
35.05730406052215,17.452247634545405,52.950958794482304,1013.2279128420911,32.87852301878391
42.08074015815231,72.22337134726492,56.451398534873654,988.6998173618867,22.210518577167328
26.34318889286759,30.715865824970646,89.61719030429451,996.0921567003418,37.21992368869809
47.408780754125075,61.441620269904796,22.03352132251841,1011.8276812788852,18.02090294517258
17.672372174566455,88.26772600694568,84.1936924254436,996.4898779446552,30.98199706671014
12.627749069398659,48.823412618162386,55.80548363757603,1015.3099795840596,33.90403819620236
34.65449340943732,19.22921099292598,57.117478760124285,980.8498402674918,29.253162583724027
8.787486831956448,88.61229009199268,46.055970483992326,1038.3933672619967,31.639063523558328
44.99839262482564,35.85795502316535,68.56576299272058,1023.7993313828264,26.722335551750042
19.328709143115823,73.02528753471002,74.053868410766,1010.2291477128286,33.89340096104287
34.90743273866174,32.00956785292035,32.86029132235153,1035.2502751930579,25.521094057992084
28.509176124496904,29.821544265087663,65.25735016544242,1032.1859648566988,34.59893394627871
2.7195429444554997,64.2028259313756,57.19294901551852,1001.9932591969063,34.72620659809137
35.453935367314884,15.63114352059678,82.55269351030677,986.9677507009694,35.08699991627346
39.50023651018817,86.69738708479164,63.62298339943054,995.1339435246055,24.601456618016087
49.123621539810316,38.76239866258526,54.36585698459606,992.5213561678481,24.70509010819009
20.80638332180264,1.92774359685004,62.314484671091115,1025.0034461325304,36.93143354482913
25.14657839770753,30.543647361056735,59.24540047029117,1012.8865935507804,34.41597482010898
43.74336683182448,78.4966324599502,94.81422828976781,1031.0058909895017,29.155364831000337
13.459865650862495,85.93588553347858,44.95101967002075,1009.3820450278505,26.68089305897093
9.457131636326876,56.78802769483777,22.98791631013108,1026.185903294682,30.306656841181358
6.645513654298563,29.41093180425446,72.9597403357657,999.4053702556284,43.57103234491435
48.9126106591862,52.785410369161475,68.3074496666269,1016.1290481810443,26.47285579031841
13.517961777128523,83.63752986316901,92.79754476706522,1018.364010975578,36.10875933837033
37.86972499142511,31.60378297282528,29.3981293890879,1025.5572254601047,25.683601098803837
22.483357723941882,38.54369735959898,61.81164967240242,1027.9693040251452,33.57891674317939
12.028768735229706,53.96941329900443,32.06168400246301,996.5901825382927,31.490057332595583
45.66668998034865,88.71381956706614,56.45671757720279,1003.1034800909333,19.88498520577703
23.19037508715562,58.2148933831465,83.9495744786067,992.4281054512815,35.61097009659762
28.297769690954883,20.76151553866532,88.59104290220381,1024.8700622309427,38.880976959228434
11.12467417620125,8.910403798140997,86.70882882684188,996.2436958191944,44.0853750193123
16.207615633243993,9.501395692786584,63.79238668018285,1003.4611521069398,40.636480052616044
37.384377695185194,95.02495737866472,70.71680987984874,1028.1815885339793,26.199188907115648
17.152238633199296,82.24124753115542,64.12516301568544,1000.3881584242163,32.01832546632566
25.297927500783963,76.585469012559,64.89886230943408,997.4900185500658,30.30310633907776
5.717773859020103,49.63645791700466,90.81207108181795,1019.0708859825539,42.77800119348346
42.503323082672175,67.25396172775874,36.741831589524416,1038.5224151466534,22.009526310042766
36.87908157036397,12.733030454247396,55.10127043232359,983.7574381468959,29.666043600024985
38.03724269956835,62.08957156799465,68.80502801791815,1030.0873042748258,27.378836313983747
8.909259903102567,81.07807325787796,81.22817187680006,987.2962900555934,36.32161678271692
24.75780763819993,6.213874023625177,80.9511778740505,1000.693887035495,39.45702806403203
1.3770639328739065,29.615042230927724,29.37986842519532,1005.0030759579755,35.89024290618899
15.754453889910302,11.027867336292829,37.75279723057927,1023.1243616063592,34.55470456477418
17.4009760383463,26.02270360680573,92.92145710482534,1035.5939558510254,41.431426754008
45.68450867683747,77.25238719006052,48.601543103757976,986.1206576169417,20.269218861631202
49.63913994656911,33.20491662879732,20.217011354265004,1024.688507127095,20.32914793618013
30.887295077491956,68.96838478879518,35.98376547306535,999.337543726474,23.739137023230448
25.83843755266622,77.3302520944915,97.56416781315673,1034.1146597415145,35.738070534157806
22.004446713580293,81.66386906723669,44.77988530310589,996.6930092176533,26.51242770999871
0.9148118692458906,87.33754434083525,69.09716391094295,1021.6317169787548,35.88569297994189
40.005827312143055,59.76358120193033,78.13199201510143,989.8853480217352,28.198602359931964
33.591292205681675,28.06398319996245,71.7266269019311,1037.476824719995,32.26335675229096
32.46428750967035,15.055853195558333,50.20529494047536,980.2594603156629,32.6444346757379
40.45216945159168,50.370865421327196,54.43320922875006,993.9711186387549,26.267181755620935
46.40271007978861,10.355723148824369,87.0388250121311,1020.5566469619082,33.23794667382342
19.476500945166315,91.07239789817014,73.02281051343127,1031.2114537933503,32.78391821871558
21.320144840773914,44.24802379429739,21.874821861647106,1039.613438557636,27.787601270221774
48.7569495081917,87.29841457105888,36.27660684174483,990.3956382163725,16.599015307661418
33.221242551825746,70.92703836389636,42.90383506692744,998.4286303813911,23.380920209877136
42.56755353528057,85.72175628318546,49.238936125042315,1033.5111212624838,20.513073046342544
11.078476930188785,88.39580892545654,66.15149787156872,981.9499949508215,32.349425885936725
15.853759549797736,5.329349841238451,49.32084770979094,1023.9993093383398,38.39306851945819
19.580261359763128,72.52578478341637,86.0009533111944,1005.3831153813218,33.74288093193442
15.846655638386709,22.654769641727256,57.906846306963395,1021.3290811927105,36.59386218823348
44.21235070452663,98.929690561189,60.174301364181204,1011.494007310399,20.635790874081355
25.57550979295991,77.8402974125966,54.19113481173145,1017.6267132104248,28.536070252117103
47.68235531014027,0.37650028032238936,44.83730803140105,1019.9998226143698,27.091800937836457
16.06612221075636,92.74163218022034,77.98400951877875,1017.8747566878083,33.45422106378522
1.8622315131716138,29.230590220117712,38.365038931949414,1019.8737786768247,38.12592212916065
6.903070984168014,41.66535996364497,75.15918514811952,1014.1008759581389,39.39647427456517
10.853521630741248,61.228557892786725,62.376491969669146,1022.8337215016822,34.88119648799745
31.998485039184192,91.63097940442185,28.181058764526927,1026.5614083929736,20.816224096623984
9.054394834721174,92.73266232540607,21.437379723999108,1027.2761251276702,26.074544818218854
19.074926197756977,56.34717627307392,33.55548973105361,1031.2107859275739,28.145492901178105
39.769341206775735,31.672449581144846,80.88167085589065,998.9841452301664,33.23629639832881
6.237950756402627,27.91899417056073,50.767804981751226,1024.7464058506612,36.404168317286164
4.024006915062234,36.43970987784789,84.39012076712622,1036.7996774762198,43.51614952171536
26.9985114855698,18.051368353901086,60.15246522167238,1002.048084736109,35.26367435623151
34.903450965692315,66.98330183200959,22.619730265933207,1026.6584669438976,20.691057913809146
45.54765941470371,52.78020512062873,87.68786998419158,997.4877666735252,28.92696844648897
33.09883364816098,77.34647002698,94.90107485066532,990.534155926479,32.02433298634271
47.3089438889134,9.411131688943264,25.9372161846629,1006.7856135280734,20.590030809054586
12.226302147433648,39.99058243401679,36.66805344948915,1028.391929546796,33.09070596198699
17.091063416758633,23.98628682008913,77.2442336211546,998.4273511793571,37.19694556703889
41.96548392211633,53.51862062594051,99.77404340491108,997.6963620930518,32.68186753741978
40.55269102196418,46.824398367861306,90.1042979053547,996.6605021103794,30.54817688494784
33.244517958509526,44.9565451189029,27.915828879535542,993.0872590833483,26.104560013572765
25.301215293909564,31.565363194394248,68.57896754239314,1016.666659569233,33.6583446561699
0.8855696433574534,72.68455744741269,73.21629612120992,994.6002131122468,38.52997267367806
14.02219787018995,48.15677042617569,70.46656703366088,1036.094169324163,36.133146483371746
7.916875276977536,20.224377981319286,65.44482116893774,1000.7558628042528,39.937042504365394
2.5587408374398715,54.74474728997934,43.37631188333711,1012.5439254185208,35.25096566207549
38.80398596221381,59.6672156039394,73.48049336528888,1004.5502277284511,28.270957555258644
6.565605137688096,2.137967726533241,78.27610127692303,1037.762944045452,46.70804691780076
17.870644639109905,20.377866084851348,66.06129605247065,1005.4406902046679,38.78636681108215
48.8728438732214,24.240391012728235,59.77244211878183,1013.8216668936823,26.147027281817415
20.45767126869929,24.80751621631314,37.52244388029958,1025.8053955993423,32.30927082017381
7.0753194610296335,23.88458703600308,63.57792263992088,990.2777922330531,38.40747716257302
34.48811882255068,27.16411715669158,30.260037322861322,981.95850815352,24.463988014782437
40.49708539945209,26.27272262548277,25.817279319022212,1007.2951949172028,23.315187592895256
13.957534853608328,88.40688373236057,82.22809565528765,1013.0384640778043,35.99036624882287
40.467550416690926,31.964787224495517,74.10181058336148,997.2236623221143,28.77540790007119
13.576053936642518,34.976271436624494,71.9225768014694,1007.7502799501451,38.68925331877604
34.65559190729851,26.617726258315432,94.2502179671005,1016.9096273500901,36.61760993644999
6.240180977173271,96.75743595425578,50.461817301686324,1038.3963774383603,30.786191783973635
21.391147438431563,53.54908002350419,51.978561720619574,1016.1066293480679,31.73165036601993
26.024697258277808,61.05461142075163,53.099752365859636,1006.9314377812485,29.57115045261963
36.264178867456955,73.54872620631026,57.222647254121554,981.3517096377524,24.67883382501122
32.5015594938776,33.371406878937314,61.027439136482684,998.634993915743,30.628817356644912
42.66714000065785,96.87804297648188,82.24139456721345,1001.5091578198773,24.372930661384935
9.214553395579344,15.232617257433755,37.416264820694856,1008.6166741789879,35.39321610670454
33.062327447079795,45.78146004943443,54.72675509035782,1026.9302637662074,29.15616547110547
6.387505115984254,14.543926235243354,60.41018935012603,1026.5532425707233,40.45683657666683
23.903996057896432,79.03757462603832,33.52941387987994,1030.7171590058936,25.470323575606205
26.22787652027782,10.731769202193286,76.15541770343029,997.3995535319901,36.55970566555587
1.3631711693268656,55.389960341358304,24.5016593209089,1000.7875604910657,31.82577473684685
3.517834800646935,10.480627500066564,66.87299987047848,989.0143334344433,41.903084778824656
41.96359054845782,45.26618881847099,36.17137281790814,1031.444946571008,24.947923514590155
14.339417904338747,28.030799087262604,20.677460864072277,1019.1341099059586,29.742007166735792
17.307257487186668,90.32967579593263,45.261730569442015,984.6529943492694,28.76975822258511
32.02031134542294,5.309579507095885,54.33125444107226,998.2194198691313,33.48510674980682
11.035731325019714,64.9937629800245,85.38409436388855,989.1635030789265,35.95775840877399
9.643129165940746,69.52512329577897,52.627652344120285,1038.1536893852165,32.97347267745879
21.07705147354925,88.89821023812085,93.23484537356529,999.4761685138703,31.879213470239698
2.949834672268853,87.77294563111604,87.40310401379395,1009.7880391141432,39.03083640638146
45.848512520279556,97.70562866075984,35.419008360465476,999.0741209378525,17.78586218718481
47.005444572451424,25.39093543471054,32.457385051087925,1008.4577919372332,23.366229246261945
22.41000822360071,27.482537614777435,39.50736203556943,1039.9173287460194,33.21224783389372
10.46197010073972,39.729272807761504,48.77455146063738,997.2433265664176,35.073204026132274
23.528729732220103,53.757698063647375,66.67844548293026,996.9573232056888,33.217503589580424
4.996659496440409,36.714191860127855,29.926520140813963,1002.2827742729672,34.39619260048403
19.889865824203586,74.02964105448687,62.56330273286541,990.1590064022804,30.571795141076795
3.6832774343095123,0.8545051909653267,66.46185860081069,1024.3395044427698,44.77930008042667
35.30828517400472,1.7654315578186086,72.87121940613086,1002.7604180744823,34.80054153520081
13.785677505536409,71.60567598309163,64.0073640299288,1014.851526637638,34.7988061205175
26.032974162014078,88.31212225507421,86.0137336357901,1019.6781852948809,31.079060929029467
0.6769675150322174,77.65474537321833,71.32723529990805,982.1266179477226,37.680214062302404
26.2318231200999,11.709161342784114,93.96412384527648,1018.6401675279354,39.460292583245995
0.1633968881038561,93.49740269318416,76.07392799543295,1011.9661615487918,35.41845408286877
46.25960876030171,52.19126185069014,54.888817348140755,984.971024622976,23.93368814197659
25.057894679974996,74.22951520854697,36.774766306358885,987.4691912464305,23.261293033576155
5.003324790896391,20.104619766317878,20.84165666742056,1006.4479054661915,36.63291176930784
17.05273930926028,54.879563093415385,27.23222700634419,1000.7784628786438,27.882463098656302
2.3033566715483236,33.00608038436161,35.17405928255103,1006.249748299103,36.071720249707354
26.544771640479425,97.47607735287289,37.315308191514795,1018.1309050776895,22.678840864692578
6.117160792622084,47.41961398127057,79.36352650803684,989.2654886769999,39.99350268625907
23.655376055641653,75.5576985604691,50.884463845533865,1019.7466768827479,28.455405908170377
15.275394188172742,60.323193635965836,45.96315858136243,1029.0875831253525,30.761409584480326
38.0791701245067,9.429874872294775,24.189404303754223,980.1756939254924,23.051072696415165
24.11276413602335,54.29277554076288,63.09284370581902,1002.1078160221685,30.482198771832653
42.409264542728295,54.02158674680092,69.03271050724675,996.5100554253146,26.414919473708792
47.06741894295447,71.57093491765745,90.22859328042813,1005.9199866497984,27.395592267666043
48.47624341284559,32.19080166075575,60.22736454850069,1016.9167229897074,26.534041995104445
13.00981762478235,86.06521142662646,20.617612903441874,991.2541580792306,25.901484047440235
38.378434500169774,62.2603500696122,25.22230062062958,988.0457371090582,18.90177415742488
21.90554101473,3.934131405379848,41.68042711904463,1023.7303046309726,33.60883754811554
21.308657817033318,70.68357884645461,31.134846687106716,1021.1451884368323,25.931220772803727
43.41152071212918,90.69669100418342,81.64699273115974,1007.6506696387904,26.57105086403667
7.28344516176157,68.31470953054655,28.62855848983277,1010.0793636631887,32.93987927263109
23.890515397802943,37.999730439462255,32.86267861906904,996.1916745204446,27.277658476313427
29.64416198569103,59.06488306061865,73.34298909428387,999.7507476572134,32.028349659314166
3.3061713538710014,17.13982710194719,39.17026947959996,999.2049546056497,37.98069789311226
43.225712709739376,60.125547355908004,97.52647927749523,1023.5801065189614,31.416488261435877
15.716955419686046,50.09927445349255,89.0550158297201,1013.3385861077596,37.31561405253833
32.84098236930198,2.6157688457715267,79.56321374066412,1023.7693201612005,38.391049137908205
46.404000079774974,32.18898862155437,47.450917465342364,1015.4429995454391,22.805303348745387
35.98773596501984,19.124724910162772,24.542397944183307,1012.7381785290204,24.652628891008522
44.3005267379723,39.0651926762283,46.912076662841706,999.2349172089744,24.295048387806144
3.4772341105310134,24.183242933494864,50.13838881166579,1003.7279485877862,38.280584658298324
24.63673370403683,83.42486978705243,30.194624872235252,1033.243872565188,24.226390984355927
28.241606284250885,69.76834890013829,29.65126434606347,1014.5558000407151,23.3447855792656
34.451944031708095,74.01147416378771,73.44866640065052,1011.4673178431573,27.893275345049933
5.842912697953445,36.08673101633602,38.592194039463735,983.1878885867934,34.6466371699977
32.839464002713626,0.34463651614088375,74.24085637502338,1020.2533501857251,36.17155034741223
7.299677543471622,21.915369220039814,63.86410782368244,1021.1610468763683,40.50997927086781
3.380640360632997,75.52982044319847,92.11710798607989,1021.4393941894375,41.31526409232518
23.46596039523564,60.283680730079666,83.77359021636221,985.4733268559414,33.19377758968762
30.018764301086513,53.85781656630303,32.109762612742834,998.0273156009295,26.4732954019751
47.905881386913116,28.051993547475472,68.81292382107138,1002.2735627742177,27.97962492124369
34.931271369231645,7.574232692038851,72.25013994817272,1029.5898137556842,36.19355505163333
29.569538074267875,78.48664702333417,88.96435978679429,1038.8403640469503,31.799427324737284
10.728245044821156,3.865556799468084,71.27654101120086,1004.8848556085436,41.057909915124355
7.6022183407332635,5.913646886259283,31.257137403405146,1013.2568424399487,36.901908304987096
30.363661238485584,29.493523563104183,40.675938307664836,980.4402355205938,30.955646697808834
11.147451967726656,57.29336773976137,71.00791630083066,980.5267568852671,34.562990853846685
35.33025461035088,99.22265165894689,92.95538995149327,984.4700137433181,28.528691681446
5.7238545930737015,9.064157539216067,91.3223173448263,1023.16798653463,46.455588284318125
16.98179117076008,47.317079927029205,48.734891256701985,990.688195869261,32.44175510376528
38.654338172091116,60.17533030601896,86.45386477763667,1025.4709406391748,29.397909145556856
41.55185399447226,82.31052404496533,60.9030318407453,1005.9125690896792,23.754231551446317
17.262038677425366,68.96139151150577,57.14742184177681,1030.9981405224173,32.1527646098985
10.33599650923836,80.77415796117661,48.07097095368482,1032.2189824161364,29.93324878745032
47.90999305821214,52.24690071183405,74.25622353314402,1032.789974489383,27.067792090772755
38.05379970726246,43.39708035039664,67.96780905274346,1012.6101582845898,29.188561936897173
40.35296439088763,61.87283172753543,49.97310684303084,1027.3104458139371,24.13515639679172
11.13758249409712,90.08708094813291,81.02705497089062,1019.7147340215338,34.89273765348908
21.22193240179147,55.08471621610891,50.3476384637638,991.2027915954834,31.328823462270723
3.4104365620324204,60.559311919173076,66.75098354795315,1002.891003530615,38.18954892910314
5.469974410991424,33.79761532125142,51.390632807190926,1037.7417411252827,37.139282070627736
11.04795218793887,59.61214455498589,29.350133277033656,1026.3538820843246,30.891105195858056
15.1617315443906,62.776412281645044,32.89555005255683,995.7796326172203,28.719455292006526
49.85924014659869,75.34254860382471,72.5391097847485,996.8584602509402,22.449762817482338
21.104428258802255,57.21766950129786,84.89787113538071,995.2508673707463,34.08691458949796
34.893789146698,19.75502946651242,57.477037159901556,999.7289015298289,31.719488102838216
45.222358836630896,58.192608425579685,46.04697529005638,1035.6984425758048,22.404556464299496
12.302841589900492,29.787140907635255,46.91979850779915,1006.0125374326519,36.13672649789231
7.236109754189762,8.732449504173967,67.81178372328071,1001.8551447039562,40.828261795604526
12.162909874745509,82.5433131459861,57.415155751302834,994.3509401239058,33.330860104276645
44.12108435035244,6.607211282512182,20.059096441921966,1033.5444838912445,27.15643753768519
33.284301711502046,63.17032350261339,81.71775797809906,1037.4425936241876,31.986480936784627
22.566756162023964,98.84946129994769,31.385435025980826,999.4124870350014,24.077520339266346
41.01413734166209,8.761917147300979,73.98480652759824,1016.9992053948517,32.54387301830302
11.836322144940425,22.01318439529135,47.537112939591225,1037.5060008462942,36.31617464519959
11.958768726980146,76.08042126344473,66.24020690125391,1009.9688000607473,34.87379729986446
28.36100460111452,9.689413168337357,88.40939011893964,1008.1197418920609,38.83796362775954
39.50313786262096,83.27250254907015,32.34180773930284,1011.6616549793176,18.274283472155243
12.977925845757326,0.027012235672785323,82.21081656294896,981.9902019146208,42.89263493197969
10.50171692554413,88.99473405518775,23.064675982783733,998.0071406393267,24.887983203080896
23.6987349669555,6.682315231774494,93.70948645275371,1021.9395330954292,41.27220520341873
6.71023450058329,92.19798485919536,36.12692250011602,1038.0037733657891,30.735070608989762
37.390587378922035,86.45512330507115,83.55309555358987,1014.1246832112067,29.152183491332018
28.866546116222025,53.956311887709674,25.377639459058354,991.4285501062557,24.595897179667137
25.62706045444738,77.79486283975831,46.16387367086815,1005.608796278997,27.647184746946344
43.61317067600464,7.487684788485305,70.68379162025263,1009.401181113304,31.237931474611706
36.6280912314396,13.51478519426722,72.70597387621481,989.1334825969582,34.78935265425842
7.463489597853928,36.92873435526717,75.90476746557393,999.7569680641598,39.46598631618346
21.02159092210788,53.74585880849324,48.068726017601804,1006.7038725378651,29.594123860220616
16.063527750286035,86.82142597733821,73.280658230997,995.7141310244135,31.684286907739285
40.10347190074691,54.268044751144075,54.28011482101587,1001.2331839365481,24.701392187409294
35.95183920856274,66.52051824905534,65.27359373973941,996.5746616285298,27.542348711254277
23.600504390266565,67.98844202269755,63.778119184139,1016.7692913505334,32.01536766832579
41.18232544676542,87.756812758605,33.45118929293571,1014.7161572207126,18.93713098651681
20.503356900807002,77.67547438735873,87.72786077336958,1013.1017156632121,34.55395887923265
40.17760151494256,97.7030298480607,89.37129160871434,985.8041191525928,24.65575736101249
1.6037447466014654,2.0012638188141474,36.298028847195894,991.0134588135944,39.41998651205309
6.730948827005085,20.782867655675595,53.32267898767006,986.6496301376461,40.14456192583343
37.798720392663,93.04457354318404,57.19006163247737,983.7968580061807,23.76306526288548
5.71946214065841,79.22202207028808,63.91376134330323,994.8097928125228,33.490443243241096
34.18805202832104,26.736274603494937,21.781808405932182,991.6712882657496,24.472509554096124
36.178689906376974,97.42466551204674,80.7052107668324,1023.4997839401229,30.12623785514377
33.10976785939608,86.98810272347161,88.95666459394894,1021.7532091639592,30.30492367328436
40.9116062602767,6.465722642925664,31.375510222391316,992.0803507299913,27.883186360601147
25.580853506068195,81.13098449515442,91.73031614173293,989.9338233970448,34.10464308005812
44.85185313617405,78.44876133506719,88.07297731282321,988.6937452109258,25.308652746208654
28.47481138352373,22.115305147721152,63.380539999765986,999.2029982373417,34.201045654926574
25.39364843650355,66.92465110881047,41.97853680498528,997.6512121026277,26.866532689099138
25.469365494752118,97.02259190313268,36.599173942428095,981.7122565732756,24.262721047175507
45.604110874230855,67.58687964487868,59.13003542898976,1014.0722280841867,25.413182637015222
12.184801789338195,81.37651894996502,60.576331688851326,1033.8818881686618,31.879222489889234
34.751772118560154,9.938651976092583,72.14946763571817,1012.3313998548073,37.83117090511561
12.130789408249326,72.7458789350463,84.13099638338645,983.8284879480781,36.29142535195739
4.608748927388695,20.47547137078578,94.75998959719178,1015.9730572516993,46.475583908041834
47.687193881662004,7.1854172453595595,83.7024715090549,1009.0973621578628,29.800371714177704
6.486268977791471,55.20774244590313,92.72362580288831,1034.415730687386,42.878512758636404
34.30966257736872,75.06111125973804,59.94947995360243,1001.7931667968036,23.81512821741784
21.227936294193018,54.67448654450371,23.110767513520514,1025.1189218261318,26.729237115786354
41.85506833151248,93.15968739764469,24.14641444052995,982.3064150816955,15.582713122715534
38.66010915185291,69.56663455660691,41.47900205318645,1023.2895851250113,23.339069785277076
7.188421227236624,11.757482399549568,69.11889735639649,982.4915958789677,41.6047178607243
23.39083720606128,93.4518194008747,46.817932003743934,1000.6829166621517,26.000854891918603
1.3766140862738308,15.288798245477164,33.29149636758448,1036.8851494247365,39.775495890103684
21.476175703203186,75.82554435973934,88.03960773698837,1022.1922881867405,33.360413289462755
35.0107911129887,14.854367930308987,98.7995817522337,1035.5013863636643,38.07688502073219
11.607810699105853,99.8580275799458,21.331322135529696,1009.7511781759922,23.821140150226416
40.50167032988222,33.21875081265797,27.153927391228045,1016.3729975188941,22.747465662109107
2.658241309690318,49.592932206140674,59.94710043694802,1011.0648983332876,40.129287088894266
1.7283181080093524,46.68375069847526,47.01337982662312,1008.7318751870708,35.51085088802905
1.3726274030680163,10.189720487566689,82.57209715135897,1014.6938378250525,45.16683799221594
14.001343578009163,49.40149999945883,72.34417631762692,982.3339613050787,38.29201414574965
23.35529043254979,14.9505994300571,25.48082924202945,991.1410362713455,29.756462168908552
5.37235061349225,80.19808178222004,63.59065686975228,992.8772930714705,34.44018256344259
49.837179744545296,95.83134334095435,46.922603612911786,1002.9709358965765,17.70404322557772
49.97805407500693,80.80584413654708,97.20900986446962,1006.0733085891571,25.163881712482144
25.990118307281453,43.106399540586715,58.02232390652735,1024.3830882781895,30.901265302556222
28.4004767364752,0.23713969543908142,94.21309674530423,989.9324046934848,39.51013777987538
46.34041898379846,3.66434606593965,22.413967243263528,1014.1935494530683,25.15962746739109
38.48963896514747,49.50351449381789,28.261973314406703,996.3373485736795,23.08036639148377
8.397383920434498,67.94873013403088,50.90152303554704,1010.9392246651257,32.649678382584334
39.624445751087066,81.95140651574259,90.95653646844583,1017.5969196128896,28.51943437538913
11.547016654652964,59.95315108804511,63.56832635441882,1014.9470320132313,35.89420808094377
21.51239133656867,97.83131262435039,85.93124199057793,992.9228478790072,28.86643911011694
26.62541227797278,49.37780322928308,42.682370687588865,1022.5671877722419,28.970543616810843
35.8499649509281,60.002879995728165,28.919544238077943,1019.2272714405295,23.465152398198686
7.507514886112227,23.010232317036518,39.68310566015969,1035.9201969981866,35.93915837126504
3.8084927394050005,33.9660481595978,71.62427288941961,1018.0491154718243,41.95559624248592
43.30616649303428,68.31317390378993,89.71336793717201,1023.2194644820913,28.85322800030939
41.33962456435242,60.164133366254205,56.39994625474796,1028.6616591750353,27.1656216130962
26.16326709585139,36.9648879987131,35.48924240676055,986.360256964445,27.722059820869227
33.118190192107804,11.198195322955796,71.00896367294872,1021.7800563152535,35.36256225081984
35.96506597794244,34.261521484347234,35.754717698285106,999.1148138345156,24.39985905871311
23.826567853295234,4.4155589915922056,65.62301618066789,1029.3889265197652,37.65690471300859
12.861524279050467,58.076722597763755,28.183337814871663,1008.8108306216683,30.292884274035686
24.069620360227223,32.301547626477635,84.89080545125782,1014.8369512870429,36.7939143056745
47.53989954881367,37.98485085318195,84.41333253587234,995.62025444936,30.373544552264875
41.8916256781268,57.50882210607639,63.3004398431721,1019.0339071147729,27.217568934180523
23.277374962591153,58.12877981166816,23.054608497464546,982.1389598047895,25.188702468693553
11.278951668637166,58.83433114082466,42.414833290575444,1024.9144570563574,32.06212887220947
44.480721395170306,49.15912093029756,31.062788101124134,989.7977505203717,17.851267507525616
31.912054529211513,48.812243342896856,61.876467045436186,993.6544730725204,28.791094710023128
20.23699782152466,82.12194442662302,28.138744181674564,980.0546157711707,25.379417917335555
5.582877051449453,46.755445314073384,89.5781204762434,998.7904780944152,41.52871931667175
37.58818186771348,53.60301605151329,88.01314307017832,1003.2949530836881,31.822997118725908
15.848618626625955,98.82298765024662,32.48784598685236,994.0399818265574,24.393094517384576
30.315295714198843,18.105005169305734,75.59104280055189,993.8126247260234,33.62295077072333
28.48086160273948,72.64209827814987,75.72026306300387,1033.578859287301,31.70902009046637
34.981153861719854,47.31871767424122,51.74035168563507,999.5871502419026,26.038253472466216
26.881055381611098,83.05416798723434,32.23992735305272,1023.3369264773493,23.41074049034799
31.520577664925774,40.40325626153071,30.56861778054664,994.2428895925077,26.078010701594522
4.077120937292605,30.298942702041533,79.15807611873859,1028.5424736935936,42.253281744338224
33.26393363342573,20.778619464549163,37.614193108566106,1020.6645194722951,30.308740778817487
9.709544759934996,87.22371551362434,68.27630062759431,1025.372239538924,35.8259623746201
19.59903621913534,71.8328463165719,89.27052932306358,1006.3722061155307,34.38547095592534
25.62672613212272,7.690045178255589,67.44795505602777,1032.773873913191,36.28534745186363
34.34385882664852,71.34902362362358,97.91698728786794,1002.4407454323984,31.599801851376082
37.12136715298629,3.501563114862516,71.64015142630315,1016.0537030029354,35.473578669784956
35.24613370462329,18.162641576087914,45.16824907449654,1018.4043268545763,29.979153272975758
4.755272950803335,59.27977062467525,88.19738654127953,1037.1350831583518,42.10874289801793
19.34519855955118,46.3510332233441,44.87298970160755,988.0713613497072,32.10903863800739
14.033253610868362,84.04835814351071,97.7256303617533,988.1363088287991,35.64119956737683
19.921076218262385,60.789037825463964,58.218555604862416,1007.7230850000262,32.07475837093466
32.34365922229698,96.49745623317398,96.25976546098252,1035.0725371799385,30.578888573125525
9.646036312946189,85.51835473377677,34.687858969717794,981.3011064782845,28.553650087580184
25.10496842369093,34.02152974599879,20.911880418367943,996.576536437939,28.02381255451013
44.24357855252901,83.41509462841591,35.6905036766924,997.0151794446386,18.267590167176966
36.55634287804485,86.99352921278138,27.869469446949438,998.2971561681134,18.523359589062643
36.26825555947251,96.97249905644158,78.71648179225963,981.4822981467906,24.548290197084285
42.435818904595244,1.2562927374773825,41.163652414197436,1029.5363799998281,30.40308534384862
19.962249630370486,87.47443049730195,71.15793515650157,980.5345671596046,30.246239823866585
37.97414167025327,6.989531566623763,73.49256321348898,1008.6622372395739,32.47808397602625
2.9352209814005548,52.811587459098895,75.05962723306158,983.3815413823692,40.88784118070621
2.8213482189590633,41.46635397524613,86.60864970102028,1027.9186417777423,41.586698703430976
16.589932847873097,91.98816210635961,31.917268351392536,1024.7951502190597,24.297780763050415
9.842348305959248,40.515184010450525,24.0371225156869,1023.291851699883,31.491193352139277
25.926929182241793,59.60426738597536,22.376410483000207,1024.1758966465095,24.294633969378005
9.160123060121672,69.18786723440135,28.303200306453213,1036.4143733059725,30.358876317437836
48.77869381185864,1.9029756594396874,50.3348428750511,1005.0086547690062,25.640128492285253
42.55525655396604,59.09312536500241,97.39007509448568,1031.6944882355047,31.632585053702485
49.12668495244911,51.79918353298887,48.2580078230031,991.053935183599,23.160264396732163
40.388151267732304,59.40086396214447,56.233834328265786,1007.0758701853047,24.278147418983693
47.55548482669249,7.574405805568906,85.1517376075068,980.5345456647736,31.720999980594254
18.40526139188441,5.555837002227603,93.48784155356344,997.048417598664,41.82543009625971
24.895253893551583,17.75443374484651,97.71532025297627,1007.4895685673108,40.623452627138875
11.989692060874324,86.95006756571732,86.11609797346998,1034.5573903055367,34.98118423287404
31.79030318563834,35.64710683713186,60.2012846438373,999.0170939149011,29.447936717047696
39.411515091193664,43.40325508193248,38.35811582687323,1020.3445131627636,24.585721358761447
24.937108508428896,39.01662809041881,67.86935649212901,1030.0380083229109,34.475400054682844
14.818641930765358,71.43701300660086,35.74360374056596,999.5917838782202,28.654570973089708
25.383609695796295,25.947555124449185,24.457978579936935,990.1536921017055,27.56233604722264
3.1447609928198506,6.839335203028418,93.54831481141312,1015.4716486475985,48.122647793793746
36.055972591024556,37.81748934079646,58.783224473284,997.0630309038274,29.130568798112634
22.58034857260109,72.7835535187443,60.65921791097093,1019.1471265513529,29.00016999294217
44.91171092751473,91.49680313608951,68.73752208511127,988.0820626001158,19.513216387510028
46.16251546330692,5.082156407888149,56.11268459512054,989.0956906205156,29.1034721861777
6.275240518231772,81.04961208798348,55.55443719209759,1020.5553841033052,33.24016361776938
49.80554936590584,6.618015495008455,93.21162540515435,1038.4135663983163,32.7766004436786
48.49112572624202,33.06606179174957,85.32369031680494,994.8137788507796,31.206248148490197
31.35657066274751,2.2301528105472035,37.00737587606048,1022.8347700592162,32.73268587596175
41.27238362532087,91.15416989575621,43.34221033764477,1011.9224367081991,21.2562079950744
0.9218489767594262,70.67889952001273,72.84981121034829,1030.6304919719803,39.161823993902715
48.51927698453785,36.9135232062541,65.68735352163722,1003.3331595426374,23.248272372833558
22.81569632445255,37.745658292454564,81.2927483016787,1038.302839761772,38.25596107448142
45.485011120822605,63.98428635014631,78.2106097108389,984.943812133812,25.205981721855125
19.25624278593565,8.964830486815668,76.68377699569683,1039.0788702165107,39.791629393099825
39.40882338701609,14.504863135698509,90.4174328704413,1030.7742386828165,36.54418559541795
20.897292874419684,84.7224211588869,81.32424753722528,1031.9874876648605,34.868770865586804
18.135330730269477,20.231308612691144,39.427791083186946,1030.5442062547213,35.342402550190094
47.33879013773473,72.6666397705373,89.82697592161698,1031.7118207291803,27.552641368657646
34.95557669483509,22.58029028220987,46.8425764107521,1028.9091557191043,30.33882137295793
42.004054519948234,8.814631719481048,92.87155875744581,1033.9710281736384,34.76175007533422
27.167906874836095,90.00323632749159,85.94159717742293,1007.6480444829373,29.010911960126755
45.917437257909675,90.1672783173269,25.92683116448616,1036.3574568211047,17.644187831513037
36.99802284450884,60.53118976257651,81.70244916794466,1003.0977711843935,30.22738607513926
3.6083825377212495,46.20338444055473,60.00912910336548,1023.7109974600606,37.06441968815027
38.34353820593812,55.27599224151477,98.16902066019703,1022.6211545982985,32.839117436061045
0.9355233582101996,40.812742672436016,56.673514880721505,1029.2537901421279,40.08111990008993
41.453446102990554,75.71746160084957,25.3606198178242,1024.3029581489277,19.929157023173502
16.593302609907816,75.45607069149641,43.45092504582303,982.1227704182235,29.004666955417434
29.91423719558753,81.89796097391894,54.41675391880507,1024.3491699559481,25.862248193755608
37.46885091754707,52.292607936928036,67.35341423923214,981.3978059850651,27.15272014555723
31.848248071352504,80.13418616069818,32.1684627176038,1011.9938187156243,22.354373278688744
33.6185115613307,15.571859644383734,61.20661018148256,1030.3369584189807,33.687132141788275
44.633287173325506,3.013472989171251,58.67782416717371,1029.7745096385133,31.35107862511188
18.698599151191004,64.80530485986309,86.93300462703559,1030.4787794754814,37.87974104298498
27.357257490951714,10.547601788517813,44.19223286522459,1016.144637666655,32.46479456206403
8.746435212135362,55.066991108351274,55.96139551791139,991.0287227414431,33.71387224244805
23.377154108572313,72.1124955001059,51.0890130919701,1010.4786870784868,29.475028202880555
7.501818541222477,40.7085426227278,70.5785096607297,1010.9727133953181,39.30780406160954
31.679277305075775,4.387271221772259,86.89511877374174,999.4860650531715,36.538779247012144
16.2125695281895,88.71314002988738,74.04993059505458,1005.4459565550376,32.84504228826662
42.95072402702969,4.3245041771448385,57.2039196572825,1032.330600101909,32.06140637871174
17.178881501100303,90.47525098512826,71.02637560414124,1011.0756701426473,31.797307356080527
14.3416946106105,5.263058792557462,45.77951698498544,1022.2846292403449,38.64788106094089
24.56353982273572,73.51594984685019,31.527987341085293,1009.748688703277,24.458998780595262
8.766435339280921,92.48467622236247,45.577433955811216,1017.0482778368528,29.31164225470325
10.190306395507154,90.6980313701082,55.495165274676246,985.5552198606694,31.50300756121145
39.15730377061012,89.33849078683242,55.14119464021295,1035.883292410683,22.695051806354815
24.86127013484459,88.30786232095753,79.0080993981891,1006.1559839833626,31.63037106621829
10.317097205232468,51.04097309119581,94.90762887299154,1024.8981601572352,41.445647208157084
1.5761403619744818,55.769083626020176,51.116752207221275,1020.026067581537,37.97699249133555
23.323872881467544,61.97174732601457,26.915881501848542,1027.956331017202,26.77344200935183
37.131506520168315,89.59483987688317,22.67305478550125,982.0923743990295,16.78381505999889
17.55950320954994,83.81604195635319,20.316221639861105,1036.1211119124152,22.868881740248444
12.398213483403936,78.29785668983247,95.04801213970528,1029.7848106822446,38.82558663605772
19.818978024433687,67.57242066107196,99.65066810734152,1030.0256936541239,38.15032904829505
47.95647723927702,61.838372198716165,24.110726204507237,1008.0268065337575,16.928399847894685
21.158104700905696,92.246685681108,48.65669631413117,1027.7794344734546,27.820571242881925
12.98190437627979,19.2644187283847,73.5476109836269,1014.5109221184658,41.63195757347924
28.46212699970862,19.272500418553307,34.31563193133408,1010.2086821578315,28.918312690597645
40.53718708829678,98.24695290855564,67.5549750564182,1027.0953184569564,21.495771612105614
1.116614901169427,55.315903298902946,85.08938878716371,1017.6680019759053,42.960814395547175
27.90508431145473,48.337413363397474,88.64691437691576,984.6296250190778,35.79678489825044
41.815620561147405,85.05953748261581,76.51365417295314,998.8705772910915,24.4099344423278
10.781187816460625,84.9767922783801,26.541134182578368,1017.3255622854938,28.10965000106763
46.08414897507333,17.659801636940166,47.871662766118675,1034.2280549267605,27.34570238933395
28.884781050869506,17.357230693315273,97.38742214168798,1035.9800501588477,39.55702325750342
25.836321871107426,79.52647650654089,35.420405059339075,1030.3346973409425,25.536774919145525
48.18307587303622,78.56324321494922,56.31408588571367,995.2587523736925,20.278980748185873
6.482585760039977,22.51866876888058,46.73415477246565,1008.4029124908316,36.620198043359544
37.00705830860253,84.15101362431717,36.44306277543678,1006.0034236803261,21.215149097045778
40.92856453616333,48.005113030337895,45.88288700416605,1006.3211179948721,24.93789935989984
24.427825864926923,46.99891146734305,35.16149390671092,982.9870749704647,25.09886101799408
0.3237838560026629,98.56935929682066,90.18026832893172,990.4182821203668,36.940182990272525
26.216825306965962,51.921459658201876,33.95546269989478,989.1956141085675,25.887836572028867
7.675596441368987,13.704537856450916,69.88353347157326,1017.0361137942217,42.41504263523097
28.128526084528797,28.015582038251775,95.38524902488756,1004.7079018151885,36.379230042757555
36.93093092860691,33.368211507970024,96.21165661022987,999.4632801612265,34.425288685540956
26.5535714914442,95.84669379060622,68.03397344347144,1006.6343054239187,29.464709107353965
31.540100524355424,26.40373841616309,41.671673861517576,999.452842978829,28.94419890820339
5.197277016504631,43.04029393537202,39.831824905415715,1025.4481891784944,35.48961542020136
4.852286342456036,74.9635549478091,79.79765435454802,990.0225160617043,37.49705074196432
42.547037855279825,27.409630866839063,98.45658598296669,983.3680840504001,34.65282938039783
2.4664930396725016,70.16420532151102,26.207598316094636,1019.0423253556863,31.337352696506883
14.21499818965055,20.751759635664158,83.15748650923463,993.8347491052176,40.53074257872249
46.8848289520528,24.25174758494307,29.8388303652104,1018.6012565917666,23.24941794162869
22.943355674996763,98.6331937380475,43.8548277677703,983.5125064072432,25.567900430507564
33.726929002516435,36.8944409275728,65.32989215844734,994.8258273787027,31.03053785483434
11.084518412747368,72.96861156179581,43.777975785850444,989.233031401711,30.52661818345419
13.525644014061978,84.00630969404325,72.02089399573835,997.4403986475604,34.211213699448756
25.450027372694194,34.68523159236847,53.37566996971912,999.7313151879742,31.115270552778977
31.905002414142103,35.71695014247906,37.529098645425655,1009.7118083117348,24.218346986821917
48.023056054459126,77.30884604034422,62.47445982835341,1011.2083187179975,22.645273244009733
28.720998526284784,60.7001344258824,21.920778812668907,1017.8058823358767,24.13400345893297
4.798454897306592,36.175191662279815,79.28626799298871,999.8991273016907,40.95164279789754
18.345966124178588,74.95660635123062,61.783109288442915,1011.9212745671297,30.97748284397223
12.208379356388471,86.3705006591627,95.73602543959583,1039.4070396349603,38.846931993887594
12.720061028767493,23.50382849575665,28.223157537599242,992.6383565539953,33.11377533266535
25.269372470343466,2.4356133897517784,78.58337905827547,989.162348463807,39.96104534102415
15.833321158573,27.41470664898643,44.07603151631008,1030.5538461366816,34.73957336969999
14.465444157101203,67.44896391997047,49.85189466757313,1004.6219359371032,31.072026723885426
48.40094804732229,91.52522516269077,47.87893778299277,1030.8130211401144,19.573090337378904
29.197931307245433,86.30643731951946,48.64175342870618,1005.4813406396064,25.12399070740256
13.088941463181886,22.21705989273851,54.4667962461685,981.3010917107866,36.826414408699286
13.793471283505438,88.10001665850069,21.68038807350915,1002.4923822735964,24.863571047720644
40.55140566529605,81.07317201521079,87.74058853302952,1016.6078409340164,27.388530151043103
44.32379126110501,73.4400950088024,90.54367541375647,1006.8532857262885,27.283120142456248
33.951560261025584,68.8226878807732,23.164522794357907,1007.5605781134975,21.818088373325796
21.57234122574118,80.70924917005361,82.08025548726793,1039.8989565227146,33.95687608453065
38.22870053443713,86.17295085551076,25.781808776453126,1012.6476300489405,16.145683298631795
46.86909456839691,81.91114648414603,84.6250878627684,1021.8163853110996,24.885457750133583
8.310028368315386,12.184834235950904,69.03901774578225,1023.258375295114,40.25896787497767
43.085282415826036,72.21547692594861,44.50822093368437,980.0102753220785,20.371002068490274
42.441130917148215,84.13042207601868,69.1106079178801,1013.1476586916818,23.620869903791224
18.325098117833384,18.57060067486693,60.53168831804992,1037.7833765340897,37.36895566552606
14.589305469338576,21.37975443240432,70.86038598493619,1025.0493693696692,39.54120159509148
28.265507303924377,78.59769744504906,58.02974223988696,1000.4256452274722,29.243930845887338
13.614688945389918,34.39292000038936,81.82996733260731,1001.8742726308359,39.90115415267995
7.268865264999802,39.97010050273033,23.621562991343747,998.2170318671853,32.70843235554267
47.653945279181265,37.71592775269729,47.5425846955557,1017.8124962130939,22.737959634539852
24.56828950467131,21.283250074154893,64.74293984693404,985.838929381719,34.33461436703637
23.61280418801141,93.87942922791746,67.05944248544752,997.4000248281733,27.1918168286064
6.305157241203868,80.58599690832318,33.56359895871759,1009.892868543527,30.620807142271342
25.207643261676044,25.05391071093185,25.96236835981913,1012.1130242208241,28.861070035064177
37.14165076972839,10.608717359588304,21.678289636554364,1016.4444601790725,25.775713220708212
12.402315175132872,37.2610190696967,53.04108997890141,1027.8334991631002,36.762480954761145
18.4444328590592,41.53084257248233,46.43097413530682,989.7941856081118,31.544825029204034
8.945764429196485,0.7092134404718897,65.42463946858956,993.5009133962825,43.00302878658143
17.75378565413937,88.71521563480971,55.9611868189795,1032.3387681862835,30.903944019146085
43.06407750002788,85.12838884253907,51.525444391740024,1029.8695355395146,20.99849306641851
11.853003538945067,85.01632879497062,87.46564744362324,1029.2942434760173,37.50168796504405
1.4770799008491875,80.58032539962683,69.72129191274593,992.5169467388822,36.660063865018266
26.811159460615375,73.31259248088475,71.68805843357832,983.4954003399922,29.39446000132376
28.974612734032185,63.4520695773597,50.54611054256276,1011.4048915271276,27.907239213676185
16.445536210471495,96.02892573653612,82.14754528913979,1032.2025676877256,31.582577074308407
32.078437123985005,71.17299162625137,32.16700569318621,994.2510129906334,22.171330222601334
1.8951013569404485,63.024508895485575,52.16005835384763,1034.2520180712831,36.795855631187344
17.028687891295757,78.88250878935695,23.773912405489355,988.4919501053632,24.784744083073768
7.22859352070434,24.626632473331245,29.23498822918183,997.8857719957787,35.529858300899285
11.490304451070621,96.71455359859205,26.5220684984222,997.8972942257715,25.15964192919184
19.126718736222887,1.9161976697068872,55.31489052569226,989.0660101923128,37.010391981268135
24.670529141906776,64.84049704916747,75.78594858031816,1032.3666903701508,32.74971301696962
4.659973730081046,7.709420043229009,45.015736851945576,1004.7553965668143,37.890592411540695
5.065959098159495,85.33059018952699,22.128884937897464,991.4394470840055,28.227654951484688
33.70224288971671,96.76401196758069,76.57667140091004,988.8346549362662,26.533280582311868
20.20662013588515,40.86107297925064,36.59464537343265,1005.2548461690844,28.253484060284094
8.826097657735165,85.71646966053626,77.81397502502769,981.0373034427912,32.343599737728326
11.745853997676885,33.57213446210838,20.5883699969195,987.26336564576,30.239057918319862
36.00281240415467,15.940369445601688,44.987368094243635,980.2218851309227,29.928258320984142
2.5879426515506454,27.66493932655957,69.69845971326032,981.4631279741915,43.99949339610554
25.437155868529388,30.1841964356823,89.69206163728403,1039.8424236108804,36.5202250504839
18.01606202589286,63.06680375985505,80.33027540581011,1006.933352961339,36.842310165173785
40.55735725366753,79.61480378075359,55.96957759478937,1023.7354867111054,24.642991351154762
39.505350971441665,20.521654739706552,77.4811842279291,1024.224844920952,32.359556877424595
34.460081597017336,8.820626275435306,63.00331258287695,1032.824448557455,35.51008454556684
19.239186917538653,22.165184286931684,85.07164448462552,986.2247470417165,39.703507111522015
31.561813484649033,29.653782241218217,81.76524396433581,1011.5403501117279,34.57420198275585
31.992437319839883,27.981465999455835,98.06817352375342,999.30316164607,35.25996356271226
16.609993579992015,21.995046529505146,28.395045411416486,1012.9089401409964,32.1770171322155
43.99874405068466,46.60002057820645,47.25639253483323,999.9271715933297,24.0087847021127
49.242876574057135,85.5982844810782,35.390144438791665,991.0194768630511,18.775023738949255
15.721998572284225,10.034849960741665,70.4614466865628,1020.3696336194807,39.05066418088333
40.06136505351561,86.2030026877999,73.12221583198809,982.3057364519502,23.829643748207758
25.045413324625226,49.700843100511584,36.30485471350622,1033.7231316112318,27.865814861112653
23.18261984317731,66.04680063469243,53.72420800232463,988.7759271649089,31.670884651550466
19.32814524211001,81.53671206035814,68.17201780423244,1016.9086536758841,30.201362001199485
14.60126578278173,30.432693357311347,72.71625613061539,1025.2522856656735,40.03694193795117
45.975393109674314,95.42346052080791,28.211758753001696,984.3756485283736,13.76652394222371
37.04075209594488,8.373626661824895,93.68582624036212,1034.1976740781677,37.958890860614396
22.035146505540006,52.76664445557478,22.726649202928463,1001.3706311591636,26.387415545042867
37.5782308001499,25.480336879857667,97.83539228422535,1039.8035855444575,35.69014578351594
35.92998446342838,40.79462974011824,45.3060656175022,984.126915226807,27.07783686448529
13.366875090622305,44.886412826456066,45.30764581827341,1023.0064036715734,32.69713940429373
8.806615045598987,91.45117231189522,55.682079637892066,989.6428666202586,29.48290018738292
41.81495956827117,44.158152364081275,75.59666879168347,1004.1615566440138,28.890806217981446
40.570310650921854,69.79478697874544,32.768142694785496,1006.5927481191441,19.719196618610788
49.84313360333553,95.17631725308617,40.39878239966064,1004.3692907431249,16.675869513536643
0.9681648297405587,49.453258125266444,96.92581478312599,1000.254384393661,43.76207900031183
27.01903433986806,40.83099288214904,90.1473714865806,1026.032571244467,38.15797204966828
35.06613754531377,97.29684433519309,36.991334783848735,1029.1933717470513,20.30385781820559
29.12700310961568,82.76763549616444,65.84091481873311,1000.1368510062971,27.87975036333981
35.52210134022788,93.97729082346044,36.288140041183766,1008.9586946926203,19.14584928227494
6.863060735388194,39.72252267363115,64.0049006080609,1005.3054798578166,37.98904794355617
0.07580140850383943,69.6324390559324,49.261863601027464,1015.6110119165918,34.54388447906672
4.651602709080271,24.961057424286327,48.99397919112049,989.0159615153577,39.16261219794382
19.002990653389062,86.58220088703389,70.8055881411346,1028.3410964668212,30.810971349266417
16.44666439383836,93.3079177671915,40.14726785336408,1027.820763087832,26.403313587494356
43.70015626803244,26.7866453728818,52.34076841559344,1015.4247895146854,27.40973319055025
4.17631372140489,10.493240727857522,94.02070795227309,1024.7686536761685,46.32255297464574
22.13530734756401,20.07347458751465,80.42918394600301,1039.3103100741446,40.35229674214921
47.891121910352204,63.28321305831993,50.662675462589746,1035.350480481383,24.30849191201769
25.145187395599727,27.21832870970584,38.420949249733056,1016.6869369319489,29.67405312211917
6.6200043788056,63.861083506050534,72.7209304240715,1010.6840854256388,38.33534170276354
14.563358616741723,35.01887015094771,84.61517484899855,1012.0716236841344,38.957814981439434
31.339574211638592,91.6835442698814,88.8611745031306,1007.9968702057068,29.302312881996873
0.5994739281365791,45.2597683977591,65.14250238956532,1008.8135586550715,40.67200068104108
48.405016320963554,49.762195295243295,61.34398856095296,1023.9222206440703,25.062154047383217
28.348841469490328,34.80649632451009,77.57139210664405,1039.5272978500925,35.3472957929555
35.206959042856425,7.303783816077248,34.061346696460205,982.7188578349832,29.309418082693938
24.948055415950783,49.36362271118744,88.17111482831106,993.811287317207,36.512476953664695
47.89621001203977,77.43644523287405,25.913880359159187,992.6124582111861,16.417932437641863
29.461052577082715,95.3014752855807,68.2413520570358,1029.971370805259,26.57271119381639
33.09918462019334,7.657561728552976,67.17548112631663,1005.1834310395593,34.22540153726791
43.041878171924274,79.73975264018134,44.85618521510652,1011.5079360272969,19.803290668054355
43.07783285294567,26.706144946217936,22.837028589161747,1008.1491401175412,23.520617939898305
1.4085674410890259,82.28171842630803,77.42838977857633,1031.2208772128974,38.13968420550101
14.165043867173576,34.20135700669944,21.93392985215879,1009.9831880652506,29.45455420896916
12.315906620658096,11.443323983661868,34.368934447119216,1020.0707594989427,36.79860808434687
0.33224482607044914,61.201922082069714,63.538946237104305,981.1690111232108,37.66040050390478
43.83912753461489,89.39043900531746,95.19864254887472,1019.1472666740269,26.563935191383152
15.857003485880178,18.158881642431556,25.274680697519738,994.457102897058,32.99032530748403
17.347636806327372,2.1805006251193526,66.30295490307583,1032.0121163548051,41.16084181685522
4.981119741146739,88.38417311877315,46.31144278740222,1025.0932513132793,29.968849935357817
49.48606445746701,69.7829617375448,73.55343771613806,986.5572139827266,24.787416625644543
41.312556750055165,80.86961743850026,96.23270526193053,986.2082962153203,28.576095723634655
28.593115655935364,5.983779609964445,41.48722525245687,997.5798972419943,32.70977884375189
38.596517784555225,89.04552727220889,96.47415880387811,987.5458157075783,28.410581335804828
38.855655036177325,41.91560348018529,89.65010407338072,1024.4196741333456,33.20688822951009
32.83656512740306,89.76171669384775,68.56447326656706,1039.208989827448,26.677466921818407
8.700559280938036,6.492471760350693,80.65893376707837,1019.3154039590123,44.958014158431155
36.01574291841315,88.48077146092427,89.1910403467749,994.9428017279761,27.693349632059913
28.48087084776457,67.33765392178104,84.27749055665117,1013.8563435032355,33.4069268406938
36.20359537406449,55.42685061219355,46.136614851493725,1028.3389477165479,26.002175106822083
27.172660694289448,6.178082443566179,85.00832614732795,1037.7324466692926,40.23300729962097
47.81685310343766,68.84175293626416,45.08150729761586,980.3043042589844,18.86982257452905
31.35127152472064,59.777417268386046,89.36634338719172,1011.4214174811196,33.413036706540176
28.684022123440812,72.62889210370196,40.437284051225994,1007.192856736654,25.614560487063653
42.13941074925817,71.67168086006761,65.78086875725965,1004.8695635795115,26.74984662813594
18.96182776117889,44.37343231472898,75.4338915633329,1010.2302623794524,36.83154089888181
15.78968325938056,20.46812173527489,54.063298446579054,1004.2103613090591,35.56184861078308
25.158441672245672,91.8968319523071,82.63779962660178,1000.6409301456683,29.781761692544727
29.22337557065181,92.55895866876295,94.02847240185157,986.8884656794829,31.320242988964573
11.024106253995642,21.193130043026052,34.90024752533499,1009.9907361667629,34.20833615041271
34.11407567208815,63.06533157975993,22.67541213360949,1029.2630849144953,21.666347352421663
40.1187348573174,20.287053593927805,70.1213133538985,986.2839398896749,30.06040197807663
28.865991515411565,86.1224511812724,68.1749490067619,1024.3094815972224,28.313494184992663
26.14817810320263,9.821331774715292,47.30435629466087,996.0659671102571,33.14964183658048
14.732111452219055,99.01973804489252,82.83703813010987,1002.8745989585143,32.5752845516419
45.47915119080833,61.086191393617675,86.091403896014,1039.2850821699508,30.382048930558526
37.72498662474516,2.2912578138179818,46.558854425275996,1020.5126853689716,31.158549468056414
24.0143433943053,88.19033308277905,74.58179996794394,1023.146739182498,32.12512733985653
32.95534569075964,68.4458196894362,71.36200573199261,1016.1434561704722,29.16684904753887
16.843968340417938,69.73223448834847,47.41153398057661,999.3418098225642,29.07932860640565
