windspeed,cloudcover,humidity,pressure,temperature
19.527382336222992,72.44216851730408,69.7071447982299,992.6137111082164,33.75551541629417
31.58487964115535,69.48177530213849,79.18894250911319,1027.4959079284708,30.706477469241463
47.36839127554251,69.42038890626517,79.17277481564616,999.3241616590881,26.209140770838136
8.512744136107308,88.29674556481761,58.57947294966643,1039.7479917597716,36.800122094240976
6.020545485822781,29.623673287555008,56.343752880754835,1002.6003572060088,39.79584804227796
1.6695285414487837,30.009210919380426,83.01161473850058,997.5676253508339,41.4361129310503
18.191665392007174,74.12138097049368,35.442778009001366,994.3529591305347,28.0100393165751
16.881423853893303,22.87051371501274,32.17619580227674,1019.5108791235021,39.861126670185946
21.540984407932196,91.20200041479698,73.17560528236078,986.5532653032519,31.55982214157107
25.165501544047448,53.4781725086886,52.760554751140425,1037.2135929039782,30.95661632160454
37.89119970152273,30.012492809283174,76.79987684561448,997.6587607185883,27.732888691546698
19.605669522875917,77.60999296899824,40.52801787705888,997.7240366623083,29.304238853037262
16.530655468061678,31.23206298752961,45.989750485341354,982.7639657424236,35.82801958902336
41.34394101298135,96.32783170718717,91.73421193483125,994.7610510724145,27.297556777421754
42.489833532682816,98.29892097249846,53.73252214572705,1005.1387613405742,20.668093748897245
11.638298214667659,66.67962419661961,67.27627757763075,1002.1763834134532,43.21313646437322
15.733591135565417,11.363388975022925,28.53457552946476,996.3811952861732,35.657677244344484
41.25581854550441,26.32088499332925,34.3063337754207,982.4446302703519,28.246093394264783
3.9704122148882415,51.541696221605534,22.87101830581154,998.0348824163385,31.98670357083694
16.292339019536893,85.14474500979816,53.949664940933324,1026.6998562957872,29.56948740610069
22.41750535204306,18.488649694202863,99.11360035960192,1006.3275371185682,43.055771454384875
9.353580760028551,10.440345901393233,89.90985221211729,997.4465208559228,43.92767084417937
8.99570983053491,7.447748318903558,70.63271319524056,998.2875280488774,41.70586780517851
21.243102900676437,50.69675623600469,88.88771935659729,1013.2662545896341,38.28549354710196
37.72608623674279,88.47009695947058,67.53354850819385,998.1375606643445,23.129518385694084
42.01164897738137,4.235924264389235,49.501510426731016,1017.8478391919716,30.156323873374603
48.96175462680867,21.23215339935346,33.883712088089226,1039.367270823507,24.03841294128373
3.6992025045859522,69.32570158395018,72.24389934081793,982.4705838652284,40.08474258101855
10.834110057299634,82.58634351437153,35.44410211125963,990.1242053418421,26.516289040442523
37.831492119209884,80.73995292991695,53.39427337600482,990.7464527173414,17.140831416160513
27.02993530278309,78.5068057320331,86.06414737242105,1006.824219075921,30.894540562915317
16.38398869812091,12.979980081333997,30.33834420493828,982.4851227232025,33.91911753580936
10.279483062362177,39.72375821829185,30.321713524543608,1008.651294664551,35.29738455291543
14.023877582122402,98.47446628317465,37.952193247327784,1035.7354854845994,25.014399785521526
21.464447515047596,98.88875715880882,64.15338456978392,980.6938453215621,29.27497420043234
8.857560975301638,60.24273919541879,40.137878260793045,1001.8963320311109,35.522529264462904
48.21129779383753,70.92672047211343,60.25583498040006,1025.6536263266578,24.989138377547032
5.379422229993719,95.12837962853091,44.15860888477497,989.2696700200289,27.650614790928373
49.278871724460956,44.99278612412104,60.499376392672445,984.6535401515926,22.17535800767022
42.09466430003363,13.686685788379327,42.21051592013842,1017.8467122357583,28.736454112911844
21.157580875686953,66.89488755160782,98.40099004868522,980.5970545429705,40.95134751667062
36.99081671941051,96.01023049005235,59.417432091357426,1028.106229470183,23.55896681642615
33.575762184819304,69.72060938662943,79.4914747286592,984.0111652139659,28.80317176148074
10.664345897446548,80.33211270237376,76.04372471185641,1011.4612555652217,31.0344163832728
16.95350430594732,42.27488039706151,59.24474998514889,1024.4076626136637,33.70846577908266
25.656128140272894,9.646315414485107,39.10896493343402,994.5206593247887,29.68957348122713
31.892208994386344,16.88820865517333,60.85746223302919,986.2124097153643,32.41798208797716
27.144749067831075,98.26548294354771,74.47772989763476,990.5373659851134,23.21396181083788
23.649373050323693,49.31843169942876,56.79354164505695,1031.2810143161005,30.87222508485944
22.157613672745008,1.202059017724988,26.55400858901933,1022.3468174991215,29.375744597455768
24.913224964750896,95.53672807311739,21.438658364646717,991.8858829529058,23.58656403453466
21.717575992298517,49.7779911971053,46.23014467742708,1022.9672478278596,28.06327766714172
27.066503877285797,83.62683982918377,32.01791408746495,1022.5170902125212,21.79334605831682
44.39926495233334,54.84581420368934,92.49521967407965,1039.8635058863576,31.45357174063399
31.64146565273058,10.170228367476108,34.06661360679399,1003.4933614115547,28.049250004171636
36.13104374942701,61.55695821319467,51.542617120925286,1031.8912096485662,33.19256568242152
29.87415668653883,99.74002763196093,76.96620096571851,1006.786561158369,30.275957070705676
32.15088412070011,3.473778264594307,85.23373280128487,1033.865613417018,38.26134886080628
28.917491422409007,84.1794197515044,58.217052254250476,985.4960299459369,27.193593191524187
1.3433261097911597,23.548079565076495,34.49080076867137,990.5187578075147,29.89991991909925
49.97991911000099,39.38662227121856,41.67161788606825,1030.9972617840015,26.3732254795996
1.6804620106448342,37.27095117728953,53.517475811291774,1029.1580194463238,40.655238048999344
19.757400411682685,89.87971942691196,49.167567146046636,998.3260275114193,26.94699008715711
5.255783914946671,50.44861888318381,47.89382057357252,1015.8078990880073,37.31618305325691
4.846422522046623,44.71742868344275,30.54830414053314,1002.9619833261222,35.51936339417258
39.67634758372418,81.80251088367764,93.06482017367598,980.6190409582113,26.979830929721857
21.29628896790385,4.890713430494776,22.380528513417204,981.5662475940276,31.990932318957753
40.056935414938245,8.645631509522378,55.200170230060095,983.2553819288946,32.9496630221133
13.639323534041575,2.1688856876289297,98.42571940024693,1015.6443292595347,46.87275209585901
12.823139590311738,68.79829040075506,72.77791510592817,996.7536641183317,34.107171669374814
12.561569090723108,52.56161370791812,48.43285309864666,988.6368978988934,33.642986109739724
30.807281320395962,87.60221258682826,31.687806756253593,1036.4678665066333,26.366839879636995
40.74996949228,49.853290297260564,97.10980845166088,987.2791200248729,34.19366161388289
22.61305050376203,22.181957276199416,21.118908949851978,1020.4389029854926,25.82530206062297
18.962444532054118,80.5147373104416,74.51100564905147,1033.6496109693594,34.60948741872177
48.678977710082464,29.432385423262286,90.41099771562618,989.829780034307,31.913787118254668
5.83770180058194,93.5689782152209,22.012839190899378,992.883780933723,30.283733706747405
24.331634102244625,25.042388785224045,78.0139891272401,1014.4288120145575,37.02540403897078
20.42438765907172,16.77206528702868,99.9070209003788,1010.5069211827279,41.02364785809094
4.906329829344519,49.332399151068785,71.17139748586794,1011.261645013176,35.13130921586265
13.410018104410959,5.051511797024332,53.1743158274719,1013.2806856410854,36.369821254942906
1.4220606289556015,3.6411728482617645,89.95205754850255,1036.9941749576626,51.80579336717266
43.84771444914785,49.6014545255458,64.33433971381027,983.230282518017,26.534166280230487
30.392476449520057,21.510688079478758,79.95526774319521,1025.6269112416892,35.677653203228246
40.75092489351253,0.9352638395181301,67.02231934548038,993.950385344404,36.24042310448223
26.07772262014949,29.605691143152168,23.063287399035943,1002.4206602103429,30.732827815740137
29.975491471094717,47.73673538465919,37.051599056427804,985.3574673779038,24.031331565343883
35.04272389045824,39.428870146042314,26.301085918939968,1006.7376061492126,27.967199829962546
45.40058137321075,13.54694661604231,28.535020990657838,1028.2531551365073,19.63470408572395
4.587594391292288,57.96748278319775,21.23243948704576,985.9244203119773,31.848962559290218
16.547419736786345,71.03329911476371,53.693198321132236,996.5362158932179,31.68107342570352
35.45130953500003,67.55391621632954,34.292130540333204,1002.3837025206215,25.990054887244813
47.917528150069636,39.37619212832725,88.45572163951773,986.2339521852585,30.563194660515737
49.04037142450027,13.759615117111402,80.00300300325283,1025.739008598616,30.433477086989996
31.90515045686312,49.94867734907227,65.85415958523967,1027.2168216930456,30.099359276530457
9.679923887743364,89.04317549370828,59.121707628031636,1030.153699866798,40.48278238607672
5.9604455706978365,46.87228489412328,40.469491246078064,1015.033772288379,34.8836583160024
47.30218221402127,19.56810497415876,57.99611726999884,1010.4343292512625,29.29186608974548
21.696384473125374,9.305330309373039,71.29834206915287,995.7531467282745,31.846880592166947
9.74080166313424,94.39266380988795,82.57830881542205,1019.3094780374329,32.669358308668855
46.69462578888005,74.3009408876915,26.534565300767472,1006.6738091393327,18.971483286361984
5.226213578215594,31.296697270048234,76.677175099644,1038.2465843646432,37.46540658120579
36.478554842853754,29.535240620517445,79.41839014090283,1038.0907698184674,35.16567990359866
31.263151377166707,89.52184867225975,64.71777607398852,1034.3123079090537,24.62740622565016
4.386733219044592,17.75682348096511,37.1455356562561,1001.60534828086,34.1506810703793
16.93743978197211,53.50372896565445,63.134767000094,1002.0783473212435,31.633668404397216
7.496534477000533,71.35042751793014,60.216390545224826,1031.1603898426229,39.59427985817609
30.224929626658064,39.63903519656896,58.056807710943694,1023.748095904488,31.892354431547837
23.855651583871442,3.9902342543088554,56.85119323737473,1022.2616581890826,33.42588411554277
0.21375623302454794,22.775881371952156,28.866045303321577,996.776660665047,38.98974455862092
48.7855283141954,90.18081374423737,34.63139878858918,1030.0009166932687,19.37020331574701
17.47923249447702,52.31189668395544,27.78656707610739,1014.7652343357765,27.584406028985068
12.9102196418525,81.54412464879698,39.398226213438754,1006.8119344543144,31.636015138952622
11.122147789705133,55.56855427906173,41.07814261845384,1031.9253274464845,35.666977083674766
7.940794808678392,94.36020957123034,39.60606891944363,1003.6525858269268,31.48969855676873
49.95685381082549,90.91340755568451,36.874325454848275,1019.2355487120659,14.556206793935289
14.755473394080242,48.28880420104019,78.83376363878313,1007.9543109202483,33.93147264756688
20.275674861214082,31.827402543634943,85.48523196784943,1015.5642683702633,33.53002547725207
43.56779580890445,60.166878734561024,46.16873732580559,982.4327882989087,20.260395831278935
32.09437517714391,67.48876816694735,44.41031133475591,1007.6669097905831,24.074262651078232
18.434720587263627,49.83550923006316,87.52258798020064,1013.3894784498065,36.762902408487804
44.91642179619265,82.22832210950945,69.91391213326328,1009.5631600849764,23.57898070962566
37.486210110680005,18.33285217848828,43.4750659831246,1030.844622350409,33.997969741054334
11.395025377084982,33.44118306240323,77.08898340692657,998.667438487509,38.49533884172863
32.18694972999602,68.6376357366453,47.567424818653386,1033.0445918602725,25.8698347175711
46.11992491462008,24.668386538755726,66.92444914737385,1004.2077181944135,23.107230090884023
24.823043922520625,43.98447446836339,99.41072239902412,1021.6716039356394,44.923594208588
36.68062014158336,96.37335466282927,44.12755001728266,985.2033636804379,16.47395606535789
48.55518719945796,62.58759726865741,94.44208005666665,992.0092450141294,25.80061690861139
34.52070704476065,94.90572346411257,45.65219314277585,1025.6699606684763,24.34160986555695
5.1219344883040305,72.24414032485758,63.22293634998587,980.7397211323184,35.81581781082181
12.227977546564468,72.46667696671729,56.79870316792319,1038.111664348826,38.036536612421145
29.754821867132446,59.185717369020566,82.6527649875149,991.437734063793,34.28169209954383
13.777790768595304,14.220859481472681,24.887415958559586,1034.0782391747075,33.355401844838646
47.87708526945699,51.971429088628774,70.16978432549311,1010.9567016935771,29.056584799528608
20.26760170110869,25.2666200503471,80.85335554790584,1013.8745220138278,42.02247509470023
22.86152028661825,99.86725543512802,57.77158811056954,985.0479072782615,24.28103844850597
35.080104673505865,26.696194010122053,28.423408523024428,1001.913125249442,28.737211138871256
26.212486567093706,23.06858434614485,39.58440107878505,989.3731316468301,29.62773490191653
19.107298344438416,62.38831551240446,74.3737896080691,1011.5558896616566,33.84573145711502
3.8318937577289383,51.094881321963015,91.63499084002521,1013.0439287403169,42.91587079038185
29.82227947539319,2.135291325451416,53.72868856003909,1022.5800169750586,32.94834803132168
43.37900153970173,12.953317899246986,64.83296280626074,1032.696689475391,29.506072515133678
34.28812208800281,81.10429418275126,38.27080293814896,1008.0907889761917,25.199732720316288
19.07475050234761,48.36919551475606,52.97706512294972,994.0016222048364,27.42043079430905
6.386303231156471,14.601521482301438,46.94318462163932,1000.0142996864989,35.22083973302122
40.816909345212196,46.524256283573365,72.44204383772188,1030.8253887763362,31.34951786859549
47.08741811156024,25.31490830824037,98.77591613400888,988.7518091047257,32.45500896042627
19.41364953981324,22.359146111234374,85.0642761588549,1017.6353647003209,42.766877200835594
36.432109459203076,95.77252764451045,35.373166794094814,980.7851530305686,20.228589311884
20.538171994537784,36.2024526857741,66.21428746454134,994.7401597072545,30.784135469756592
25.113346942609972,4.643110467233913,25.312937195872127,1015.4845098500875,31.036818904708944
41.82381903082049,97.03266726373027,39.75323894741084,1007.3847224001603,20.20391125776331
4.171217110557679,79.48395747721578,33.777414084831236,1009.6129694145939,31.501229595727644
26.516767439335254,25.44133065641585,46.843643011157035,1019.6337230275764,30.255235093900573
10.731013733561124,40.88918347053914,74.30511752353709,994.0751614651141,37.637227430349995
16.99029727478812,86.22895745951284,59.95146535334614,996.8482964195902,28.269445335723738
32.22144123211371,35.741351932327426,94.63274078633742,1021.0674924456707,32.14010215919363
1.361420616842418,56.74040420065989,37.01990718788069,1012.2974844526321,30.06825046757283
29.691254948658134,53.485686966461266,49.13673170031522,980.8752094555297,28.642131631197408
14.172111972687485,40.12945486287997,46.38820614339756,1020.2196677171264,31.223670101171205
33.474218040403606,63.95019018137161,38.877090076794396,1017.2055224451367,26.20518481251983
7.0790675956527105,47.32907373018863,99.45366153009957,984.7164544278965,40.7105482040036
36.79058019080893,2.123049167397284,50.97804363544435,1024.851169690459,27.694805204998577
32.28198598814891,81.43831076479375,95.24071843996788,1011.3260875368243,30.20037173813397
48.562091644017556,11.31557827537193,51.237877908239156,992.2848370374176,32.85431802349592
45.5617681629074,46.40899308913634,36.327334299252875,1013.5613820869856,21.864065691292698
14.165143159985117,57.99007909274971,29.53650645461689,1015.7275108502602,31.374075332923923
1.3658286362718486,70.55060541932909,88.44505545404041,1035.2071237514142,41.75250309009211
32.76842805558789,41.07965352879495,22.567811238806257,1024.5286655330701,20.461657118427095
30.144369450233626,73.55484870305314,97.15156706714251,998.115461269472,37.22313831815492
1.3714384383223033,13.135008471857024,53.45529694284387,987.0879780538515,40.03165629434942
6.133876460129634,65.3445548270779,39.789948086748566,1031.1910443248469,29.02615698460646
29.235085226799278,82.6338927585703,69.395690577229,1030.7640612725268,27.194019442808067
45.5913632021746,88.94439728375012,30.633039346894904,990.5186008834374,15.954746945753
45.32501382567035,57.95664959538892,25.77164588530846,983.7278711118732,21.135573768297416
7.574252730603742,31.28951980750373,86.22266815276535,1022.7118789889623,40.684120460931716
19.228697320262476,16.33565117136264,53.97366197002614,1023.3549098501891,43.762009979244496
2.160143217608701,34.555875287744485,61.46039296836256,990.6286252223227,36.856494008117956
23.463592318146453,53.997437315443975,34.13568071000519,1020.0927115734473,29.65936979767448
37.65417298366028,19.633022399156054,24.913939562155385,996.7354246818157,19.230327068711098
39.49863556828057,95.2514905693093,49.42209061214774,995.6370216781282,20.320218299191726
24.94947332982865,89.71354288729094,60.49170019040715,999.4710760454205,28.448683099758135
4.79348373541092,3.295719486543125,81.23444975024223,1011.2237819910113,42.02327627161111
19.06819875907832,56.19617982303888,60.08416001883707,1028.2672353997173,37.47502754391753
46.60509799871822,78.93087902466132,82.60056141487223,1009.9186250533776,26.7572693647693
11.480627825985735,24.539195993400696,29.234622373945108,997.8825617374445,32.231815249165585
15.987722495636325,52.389623239274385,25.117021763516128,1033.038457922711,30.404075855247225
37.341358773153544,40.5991882409379,32.70887713147613,983.3053974465419,22.27017057680206
36.679039444296905,19.65462642180764,81.76097015109829,1027.8254890338849,38.34562053509533
45.61011440124662,61.473738387582266,80.7464184670961,1027.0629054753113,30.60870852590496
19.40593453601877,99.3692175406831,31.309424360851317,995.2128086092606,24.70213791276143
25.729936193714558,36.52872602799449,22.47909266005438,991.8977109512168,28.413040799612446
23.36962306102388,55.2379008264467,74.82255489697322,1032.4820336897358,29.64675827708521
46.38760855112265,32.78546816215005,88.4225426594382,1013.5322776136195,35.48003288986971
38.46652944123174,87.69486168024969,80.32861564081458,982.7606814578849,25.836987511089493
41.57208899169241,86.46027004236932,36.22391844920625,1033.4499509880286,22.800070033675155
6.654913441470544,17.877338794797026,66.70143177802686,1000.9403590613405,43.22934070658406
39.592334643407995,89.99488742380606,80.5892576500433,1000.5293932286016,28.99093167930714
21.64893830287485,15.150871105606711,40.46629636376316,1018.5972762295924,30.02883252695633
1.1669341415323553,9.543995962533424,62.21766410955624,1019.6786565679146,40.40024488213094
3.004417637164231,65.29346157015318,45.156832317901625,1001.1989672497049,40.85165705097647
33.89539698674223,38.5904105869895,38.04603338616169,988.5967356738129,21.633153346201823
18.600622057298494,53.07405934618708,97.5671461416682,1013.1361858021803,35.457372024959454
43.40577866117402,65.25707819374634,93.00655683095411,1017.5107498805144,29.623489094321044
36.713656693793325,5.283723779298488,55.653418476118965,1031.6133419035384,32.3127494054066
1.0840005833480881,29.29531710909934,30.94224488511811,1009.0663992419039,34.68787860029401
34.3444155918001,46.09063117688671,78.2325842656519,1018.7417647740933,33.78557175585877
9.617623636617811,26.658740980593187,40.45609041025762,983.2645296689525,37.62879327867453
21.129128435195604,4.897138428552095,33.48142446704756,1033.6713740123696,33.55268587816424
31.236760106148136,8.667657323105338,50.52232141905477,999.6329487924021,31.267743845486095
43.63589206478464,80.17478687537334,62.387984733339124,1017.9332674605387,23.281830183393474
22.80489441959696,91.1386759212926,27.79522638563317,1034.9630978787945,22.161127621489264
40.42452270955672,15.223330243044886,65.73971784388212,1028.6315470618813,26.42918795408189
39.148283140031644,24.92619572914857,21.22786998100972,1018.262231448672,24.955093922223185
20.726925642562914,65.22494047310697,91.34952484744693,1022.2164696842051,38.4436935219657
25.04900817164514,95.42717760924472,93.65933514230933,1035.2543069578985,31.974784363114633
35.02425050249066,29.95897091332711,78.64566188094813,1028.7255908088077,26.812954310521757
1.5574217323469863,85.52136262360011,57.32395268593421,1016.5915436322294,32.93591585750535
44.5405706899623,50.60246444503764,40.3917016450649,1019.5221623725776,25.48394705832262
38.49080797188467,95.65586390807805,79.52896725691173,988.8361054499127,21.018492877551374
12.47079407011652,13.625866242819129,94.5437761561651,1008.210060786236,46.06959486014377
49.05899765944878,97.36723982079864,32.68269639179516,998.05985886102,13.812929970965854
8.969517629480938,44.097862782950806,57.26575914381584,1005.918238069995,36.29126161380809
45.70433368522009,95.29383904262617,45.220930882874256,1019.7348124118454,16.619453338487787
16.223672916155557,45.86902170515192,48.53934312367279,988.9490656161054,28.939131206657322
38.15733550820679,53.00821341205781,52.4606225058346,981.0425578196754,29.78466194341199
22.818829662397256,80.47750097773209,96.14370754970707,1003.8154641939637,36.791983517557426
36.82336937250011,72.2628500739394,40.690973429447496,999.3310588692834,24.491134461164933
7.789152396968313,61.96033204172855,59.414067127480536,1005.2259235821024,37.94951606410651
13.475322919324139,41.6980023589556,96.11899773294323,1035.8732552221388,43.17106226959895
4.992891223601282,79.24383673996059,58.08455121746539,1022.4250460728906,37.311326330341885
43.257199071890156,94.82283332893205,89.08796175371627,999.6475264759496,23.644999500174933
14.814649388474965,0.9810896943026837,24.701181946022473,990.7567293342022,37.85086875445179
34.72381147083317,58.78450964526611,96.24243347705888,1017.1086976554162,37.08823774750259
41.01105988707641,86.59809289783485,35.00249176208407,1019.4545750905702,20.557783912771423
45.070911818967296,65.31125373455573,98.39480277850274,1009.0173610326701,28.763185074627902
5.314855765585891,80.08292578333368,34.04614922068387,992.7656464773296,26.428898348690815
44.65074667563063,89.50611038489853,55.54927582359794,981.7133156501918,21.04679596797707
9.862638886535974,75.09510158530578,44.68915932580356,995.9396418480363,35.94861045034409
36.84510057954808,71.70174013647662,54.65851368760353,1007.430229957411,21.381165944723673
36.44245096823056,96.47458913639183,40.04197919404204,1027.2760571865495,23.76584926430576
0.4251570870477117,86.36846578915727,97.22539299421135,1031.2252297307102,39.76960321699619
11.031195415512713,81.53778695827738,44.45799872584733,1004.7760735800179,28.882790605550074
24.595425733243363,8.640336047187613,72.26199296513784,1027.7674432810118,34.36560951191053
21.001735333164106,23.902988313941787,30.99579916790308,1039.601169413069,29.23309505240252
45.92867399423048,55.67560243250895,85.9509987879907,1022.9966224911337,30.686766083184686
17.987043475126157,70.95601049748137,63.40063548076107,1023.7159418960844,34.54608277402017
46.84918574179812,30.32148933004769,98.35568996250527,1034.5721900929898,33.80546688392119
22.971465919626553,9.332811312082335,53.87217734667481,1000.2886477050146,33.49944005472575
48.21764483200829,31.109918681524775,35.635829998132834,980.6723235834482,18.81186404693721
36.867740501243055,77.10291805805191,47.68151995527869,1039.218636300542,24.09126216355521
41.466729581607794,87.74010293413731,78.95724848747955,1009.4280846602614,24.463256885781234
5.24384441745005,91.29036483443429,72.72852167967008,1027.1406555897397,36.12344582237915
29.30707166211839,37.88666791441477,82.26779260941801,1028.7494682565577,34.110656867005865
7.1350179914675405,37.25385748601965,25.87762337633673,1003.8510006248017,31.945778012847928
14.881050102548704,40.6707470971791,66.42950202758291,1012.4763828033391,36.89944527805909
31.178270308363405,37.58094694214478,94.57349416290438,1012.3949315637607,37.118924362918534
36.31128523469454,66.61966075072097,28.632153558526188,993.212960560655,25.015494469804775
1.9591891005625417,35.83232621319927,27.54682071303831,987.0583360336576,33.43123547391613
26.547186553618236,2.0343936614245828,77.3283491615611,1012.6143382965575,40.06042735909421
28.26569931449432,43.90246006878718,45.214596467536154,987.2085936110877,33.807271718221386
3.941399855510058,22.415206617858775,72.68633682887256,1000.7653234315708,43.950545347206095
25.03440171003818,2.8807137784619963,63.630761044028795,991.1649998984564,39.80227524441073
35.69211400249132,47.084295153404824,98.88533266719244,1022.4149664969667,32.743153496124144
2.661364243776548,20.59545591982931,91.12451335638993,1032.3205312099992,44.03606584149755
38.0133888161981,45.27418148397341,74.24582252493693,1014.6748765911308,29.76081373215157
28.821325245206843,27.77499866102865,40.93397008825204,1004.6093484302959,29.389565386537587
41.66136041358954,60.37088702804332,40.95265297203756,1039.7985584492787,26.355845839257853
10.903128642703496,99.08773868739594,90.57950404551568,981.2725481147924,32.58361226002849
41.66368421065592,54.723192071166494,66.82728522203143,998.2604650522353,26.491993883443243
4.728048763373399,64.68959168927701,83.14254256416818,996.72038915882,42.48289111090154
20.19148482223357,91.92757577512013,55.98913652294641,1001.3722158834752,28.562242522125405
9.974239576232424,37.40004177250916,28.245890932122126,993.8357444695101,32.08887156817413
43.801041614543706,16.6548449785583,46.614916659170085,995.8557701258874,27.559048783575115
35.24599081508869,28.279728293055328,32.89193554306905,995.4606265950397,22.798575284996424
1.2680888580364091,40.27949407145493,82.54662531404018,1010.3446430451459,39.48925125072665
0.47616778069780596,64.50176812558382,76.04095917256721,1003.4633166220659,34.85774180665785
14.562462724083487,0.458802942972103,27.07303379104325,1018.3568061190945,35.373517441624934
7.1641557140282695,85.33832147669843,69.71083190095015,1010.8640695920611,37.48739156463447
31.51522387800979,7.6093973049830455,89.93084055958364,991.0053111421838,40.1309848666916
33.189846694127986,90.06551489185505,75.78914363199732,1028.6026987360706,31.147803999791552
47.09754518306838,94.94345212048988,60.88895303875371,1008.3317119004334,24.77903508401384
47.60199622729204,99.0102794112134,44.94906279511098,989.1938910743589,17.518552584909365
32.94483527056728,80.95101844068776,90.96773996687165,990.0127905757197,30.013041227985536
0.28375564263543596,14.18555259401526,53.82439057128159,1027.8181046287373,46.2942328106022
17.949895828480717,70.61670432251863,88.43148641870283,1022.179591053386,33.89863001304581
25.65707566236331,20.33212906081765,82.63998705745577,1010.3916771523857,34.077898135725576
24.958987825423296,89.7127835580404,85.29815722246877,998.36489058514,30.026408333934782
30.167031475111333,31.660592565534472,99.1838016129317,1007.6313222078246,36.18679805900676
48.02757414023802,32.679597707504115,79.90068126983715,1018.1890122282826,29.55763065968247
44.25963459775769,91.76532959148666,22.723274857491873,1032.7569390457709,13.799147597633866
5.445401672524413,1.3231070783704557,36.434714798459595,1013.3520720607237,39.81551688567905
13.299019569669662,19.39661514835698,22.815612026013163,996.604117686425,30.457720650722422
41.655470870981816,42.19322665634551,35.19308559533525,982.5643948816087,26.63889828907099
41.21534544096035,70.07215673101929,24.915160854889066,990.5273033550044,15.332304379624293
13.768536206083548,64.75661660447354,60.12936329490024,1019.0106572397477,33.11497666860126
36.529401534305975,66.9411875167149,22.256497050646225,989.6262180094494,19.213316831090104
33.60186893589287,88.0022028410664,57.80632796922076,1008.892373188607,25.400685462292156
23.676198248498075,12.103041229325662,91.90727256960096,1021.9373009285831,43.431786755009945
10.072747633951467,52.21616962187704,79.88608100598475,998.4934940841866,39.24797349937513
44.43215904470431,72.54776891024886,95.51647389214048,1020.1463533884372,28.500199952099997
33.89255921534174,63.61184429241645,38.13174190052163,1014.8643236988692,26.30186067850734
8.449646243918735,44.83141199392675,62.4868653124235,1006.3363464157037,39.75079596085775
35.24011724204304,1.7114585872163968,45.486356253267104,1033.8347287330557,32.304066371429656
37.071685978849,6.045226564788464,59.50558365536273,1021.5235334256466,33.53305524860329
44.344014256052034,11.894132685383664,64.56606636674309,1001.6358219891545,31.90491548832742
11.141962762096746,34.32277528353636,22.89489043806921,1028.2558720115326,27.032704471410625
49.43770527067033,11.76534526671469,38.66049081719865,1024.2861328501804,23.964534537341468
7.669671126346062,42.60823130626083,76.3818223395198,1027.50103793049,41.314271434633866
30.034444592979153,17.86419905855794,81.83424196322397,1018.4573589824597,35.71270773906012
32.85882526367392,77.9166197526206,65.55610939900026,1002.7622369503699,26.11491092557863
20.947644763293027,87.14876167122156,41.666322235894135,1000.9147109362561,27.133777586398978
23.751885438519327,38.96475079681758,52.4067293378192,1019.2490816455559,33.15688524439273
44.54550483610687,51.133176531563876,27.682944950510766,987.8540004780141,21.57373071186111
32.26371148327309,95.34962415609417,96.25436934340733,1029.1948610299146,28.171306376357126
24.850047911734315,53.55077553486204,89.49419769682305,1002.2201230398844,31.1450301066521
6.417478121676234,99.50732158434249,25.24818775259707,1017.822319361933,29.420859302248633
0.3668812611567318,14.213099369205462,33.31925325266644,1009.9438348960051,36.178143848087004
6.248430907591674,86.22264205966984,66.48755529510028,1011.1595895214792,32.00495553763331
47.80922837382527,49.72030026729654,38.594405930337274,1024.280368772081,18.994715149878903
38.204339149566536,2.2714111249668156,94.75205584113026,1017.6002032202852,41.06946000721521
48.35581637551239,97.22229414393485,80.44724646968596,995.0185393007428,23.11456386567994
1.785435485408593,96.5047899743358,41.863321032886624,984.4535558854243,31.550029824738928
34.011020192931966,38.327084018288716,20.48811289523809,1030.4140440419174,26.454136905098007
2.2146763201708994,95.41420710859049,83.95579129623798,1033.0936444851116,37.66230638598097
39.10282344344116,14.100964223854573,53.927176768085246,989.8697919750391,32.52359428729289
19.047508636759712,68.01101411206822,71.39021694862217,998.568624015172,29.314141552423354
4.788268005324742,19.192898688783455,42.9579860337038,996.940542915904,34.509917475635866
28.402332089375765,24.664723633482765,31.429860748653677,1036.2469136444092,25.769936998027113
14.006009830069404,77.93374372026054,74.02492734285966,992.2866429158413,34.9593001314099
32.978697093590924,37.7358084565295,56.02596705173273,989.99235392599,30.79580525114555
32.90873797568952,0.712750282862118,38.81357608559847,990.9103129848919,29.01860014140403
35.25037370603764,41.423842419559456,31.010239965296257,1023.792150565626,24.452567605973396
49.62325393888795,22.80693206329595,66.43836755533067,1033.2811906547886,32.00792136078509
19.33488549737027,68.33299135582912,78.04399521660595,1003.6020446379961,31.80156680259755
23.265773724255045,19.44486967235003,42.71095696984922,988.1647942619815,32.872018719965354
40.23058505126704,84.22535284364757,78.81140282776991,1015.1433198445004,24.31571840825102
28.91850115109427,26.709301210816427,34.649775898621755,992.5960974997386,31.730830843198614
1.8628605343899818,39.302825828301366,47.073255287608745,983.8490868419141,38.87410783965046
42.15392601299283,29.803686079709802,79.59058294399644,1033.1738827029485,27.518754405775844
2.5749340969020484,64.39233478093658,72.81148157176634,1032.2504765800206,38.31261497125725
8.541006824589214,10.11635412263967,41.641890152313,1038.5546096155565,31.94641788232859
5.10399834870936,47.80993726982441,29.77080012375465,1008.440285294368,35.763599235887796
3.8963566440560093,33.44548152150581,23.397873995779356,997.6400718926253,39.830954244616336
1.2842437652355099,88.41379632883147,87.03321439354285,1026.1870247342242,32.55074653126046
2.7513856986183693,7.341209357439238,26.011355965428802,990.8296959250348,32.61746459517443
22.1219594589405,82.96950649328548,29.187612176511024,994.5975246089769,24.57851408235505
12.642613499130695,16.768047652990916,39.01685042202669,995.3409575724428,34.9743814688462
6.326844170940937,8.857765992995514,55.65357633918783,1037.0971645947309,39.8136143767756
32.9352771363263,20.2322858123008,83.18296641891968,1023.7893751298644,30.576560691553865
11.305595531712925,10.26529820118104,39.79842607528848,988.0216875549293,37.02232967268526
0.9474577672404727,52.098394820212555,63.48065986878015,985.5707526874344,41.141978777713256
20.920989188366384,98.82149529157813,27.229801764003447,1030.5688912150706,31.818358149496895
15.521649598915255,3.432735192425884,57.16088041092198,1028.1364593826856,42.798956616785304
15.930221567324637,46.11283493194613,34.21111947018466,1020.2596746805013,26.990363474922013
22.263501409078074,38.607032910786174,36.89532471124521,991.766039143797,29.534191542275376
33.445696361713885,33.96064142464004,49.34627472871435,1008.8170123333563,30.664741569342254
30.8239560018997,33.186361043336085,80.9078158960686,1016.1635567274365,32.56883627148561
46.863080489443774,89.50127566264622,79.51891439201877,1035.928251610421,26.717386482542153
25.88583331512607,1.8976150208404041,53.1978381188256,990.1654244118446,36.67760607924967
23.62849548625361,77.49163873801383,29.493692335392687,1010.9268084287668,28.256956646414274
10.670721760844849,25.293317880594167,42.45532960191571,989.4650983326987,37.57378135043102
37.76906444240784,38.32955108175749,60.428462122411055,1006.6309604344491,29.628645036475813
7.038788810714236,42.01499128485777,89.55294229560985,992.0080984778554,39.78617230117189
24.556644491024205,30.47317540737434,97.46036918506644,1030.1711724989127,35.66893215621405
21.066109919372224,9.355886183539786,70.99767480191308,995.2841766582508,38.69696157374818
32.915043920220164,11.43308488294348,48.054919239792106,1005.0262829746415,29.819439605970192
45.88107349783294,29.81311240826443,75.47627629555029,1004.4672591495281,28.483561624127354
47.32977957491112,82.18090528872506,46.89841086564789,1031.9776976013054,23.362662652685554
8.389963358157921,13.462765278741184,70.03787627332852,1025.4678478839355,45.99854490477408
13.09086091335891,74.26398331459308,39.50132573565413,983.4545293409051,25.274532992939328
40.58176599823533,28.886972942928768,41.359096098510236,984.0252474300898,24.929850451869296
25.913988122459642,88.34649351120927,26.018047123289847,1013.0718347078423,20.995682463901804
22.651728417786593,42.83284754006409,53.611292177054,1005.6631416414676,32.76087930605308
35.53127261903529,17.172331329737556,69.45396160765341,996.5350532322105,25.9133473201794
30.09624763034859,98.58444501105103,83.1035955048497,1027.5572562924444,24.48685170623832
48.535702721066734,17.663451922991158,84.82788358701549,987.71811031394,30.53900393659677
29.19873261441335,56.76198212322694,99.3955559605731,1038.443414772209,38.3407293057994
23.298691317362664,56.92864780961342,27.02045806695695,981.4461504051296,25.965391754336714
27.140868103908783,37.28134511777799,59.4509414756663,987.0938434766506,33.54364436710563
40.42699083484867,95.1488592549131,61.70996603219307,998.6789992565512,22.919016847075028
30.633752839261042,84.38745624117317,84.36267411023138,1010.5489457153302,33.80537727617803
32.35240456933589,82.9819560838242,41.308681247107764,992.9681695087594,27.249411244554707
48.5719440018296,97.41519354294779,25.54978559515736,1024.1729089312416,12.461434801558298
30.919774221272867,45.710933819631684,45.10070482147357,1001.4525142055594,30.33806637834985
19.01426241672699,9.718577562002928,98.71422632514087,982.3123000038163,44.04160211303023
34.566301350639826,76.54559254497939,91.9552958259669,1032.6633180464387,38.67611551038434
32.97296984886557,38.08125794519338,51.61975687573212,1036.6319403851637,27.12208053284173
0.6923817753190953,19.03451518035183,90.10175989960484,1017.1138173462226,46.136167688138805
23.366464839291655,48.32473432202534,22.620358729332697,1028.3921833142242,23.761663691746758
37.14518014411997,92.57189401671633,45.13632619713604,987.2666923215982,17.936230634788743
24.95207288605645,17.13570190146284,78.14494783900356,996.1292169071999,38.34182652296661
38.98105679676947,84.86988152297418,37.71618008134712,999.513901260691,20.82303010770496
22.544184821380718,41.82049416151173,35.87127611898453,1037.6451900169097,31.55264363734502
49.16607988186178,13.680198070314198,88.94460367714987,1010.733358394442,33.737775130218566
14.644579460194434,84.83823039886565,69.27631688613951,980.4448135288376,31.15623066707955
4.606130407303677,96.96203411914286,99.12181746496286,1002.8111493722057,37.85883586698866
21.500590057704866,29.127071583501163,30.773574102331878,980.4650360519346,26.69005646331115
27.085451243695953,30.353620984206884,48.490272578651734,994.2683444283467,28.634447390981435
17.454686584123074,39.054598303993316,44.897069744294754,1007.2820040284706,32.307929406903554
12.114058005897949,81.41303644608071,90.41057901751277,999.4035833252502,37.105226398280706
33.60293456927445,1.0417196739499812,40.42372160344085,981.9640527371103,32.390150631846765
18.856254992812605,22.395655173753436,48.276879813933604,986.9801433445268,35.65127480313797
31.568426455031844,70.58998111063262,31.4267100540342,1013.0531936733639,27.85677463069679
38.953572429938795,40.56394504855261,82.03207861193496,1021.7362942630691,28.819007165722017
38.05013138800118,33.029562296812756,39.016262716708226,1004.2729407339741,25.26214634417188
18.765465531784564,87.22828889020174,25.465621778577557,1023.8889047854944,22.029239145347667
28.394911447508736,91.73339201462394,54.80869861527174,989.7999733109086,28.897352830880124
22.48291122213712,94.79862191661954,51.31664991692277,987.3234768684612,24.45180980201528
43.54026263548301,27.255053265429662,34.208736344430044,1030.3672229565966,28.15615315094248
43.93792398999996,91.2512609539107,30.68780479168124,1000.352800909532,21.402081845729946
17.18707914440184,73.69655547272889,91.72457707066086,1005.9348753166655,37.33191566672134
4.586872393936536,15.421474848858063,25.42755892409844,1036.8548961390377,37.25219904150384
8.379124166200974,61.02700283082103,27.944876535705596,1005.4467396762266,30.540164177391713
18.350087106544187,2.633481930699122,39.60378249107248,980.2094063511142,33.565063067150724
28.212497738149533,70.83781557708652,96.22713517252018,1036.27831637299,33.03995143270012
32.83935054822146,73.35675226509383,26.83073996158841,980.8471180091497,20.751822792302512
16.56855231430001,78.93385085949973,85.28118613943057,1019.7371770237519,40.53610585258694
33.37495598119929,17.25250541224349,91.36417226550617,999.3734545719502,33.56879195078225
46.8869991836878,62.824994094753094,50.22941931607083,1008.2234453936123,22.704110312029194
32.600706358447525,17.88566848276544,43.51155198654739,1012.837110061771,32.088614135968925
7.928261472217563,94.66500833891757,74.19021826059264,1004.5076034377332,33.26057800825947
28.98344564888138,67.50106926808344,76.21076804881783,1026.46212723093,32.50396424419325
27.09477583834914,9.532584800405575,82.39817302593244,1035.8423845798668,34.22107697589159
43.535005544921034,18.70322300058228,86.44534250631406,985.1847231271321,36.45480131390075
17.515152760648718,66.34600981297478,41.4716364809872,1028.0151728740984,33.02534825446123
21.147280502833997,47.66704961596086,74.95692815093193,987.7202684540387,34.33177778115333
29.932952774324683,73.62976662108784,30.792457942774043,984.8166309949764,20.07283122099424
26.22126558710127,28.07887989256591,60.85850652353229,1037.3498871633278,36.32020049917015
35.95082962025871,65.79175368470769,69.03095332100756,1009.3578668894764,24.47301768248609
2.0194495456247905,17.6960168030439,32.938554934123836,989.1561974605573,34.0745984476091
28.175800960347992,54.37102633610331,26.120523177563264,1014.1974267930253,24.891355617574217
6.083594650193763,95.77995915499862,35.579702902095434,995.7942283261732,33.14389039224384
15.760449625986068,62.82222322909864,53.64709982818937,1007.8585410084796,33.855624151498276
33.08134307661952,4.999361750491649,91.02727822522998,1017.4795756327946,36.37835863843752
7.870710029608885,98.87621377366268,62.55315396277817,1032.1561897321997,27.470968678265272
15.442091775231443,15.68663296488656,79.87943133871924,980.1848838961585,40.24888279056841
35.1503241417656,71.80691026971051,33.931562263315726,992.8484396549569,22.71518022080056
32.540262126341695,53.25300390641959,28.478255844418037,985.7762325751268,23.421543754854362
4.551983460486903,29.43606878043038,39.16938861057918,985.8258620935437,41.44189865796368
28.863424674616194,17.73104854277091,45.11043302322872,1036.7466447883944,31.413584923764912
7.3627230959319725,17.77023642767157,63.848161505775956,1036.164976070903,34.2083220532104
12.613568935724635,85.83996812081605,90.49946562915525,1024.958484782074,35.224603372686595
22.960563931788936,87.29125141634235,54.08740934218923,1018.5837825440549,28.97142646668085
5.467341164909456,46.514552162471205,61.50385502759761,1030.8782267814622,39.45217715030484
49.68234839592834,10.362146292497387,20.36908287879365,983.5045242854341,20.9944989107944
8.268478052700058,88.41651038467899,22.66496503130293,987.1691475860737,25.534278693920527
39.06563142143022,48.70164861750891,26.70153599420381,999.02677539778,16.137042964511515
41.49194225116125,43.87624228669137,75.9195268383223,1029.949542793791,30.14902524627125
49.72319849480007,40.73570244376202,58.89530950175339,1008.3339525659906,23.734577355529712
21.43266089261342,36.50141738592056,35.43689588254865,1010.2144858062571,30.92763373826173
43.70472600696701,52.60054036085941,67.40795509518553,993.7559257792285,27.82870776374723
47.87697195084255,60.454122661170416,63.56897214552289,1018.9032488704115,27.968112064000778
8.644707244733357,46.64322035729559,27.10394414479966,1033.2705292437358,29.346572693503497
23.97180445297663,89.66481634550445,71.23302181737171,999.7708531915081,25.380400902445338
3.000540942804386,31.766122852949728,81.37238981044081,1017.1511563861931,41.49020683778049
31.03620060121008,57.83118567867813,42.92435261672775,999.9169378467093,23.876233166043594
29.07030784282832,29.995392019398526,74.9991089595446,1027.5631467100598,32.344268999195705
10.206314233159858,75.33500237925342,35.97756136070272,1008.497584219539,34.04591070322765
39.895137944706306,10.212109932823566,80.53830509693958,1000.3681413331823,34.28360382912523
1.8634361381769937,18.869899679533255,92.94193352981762,1005.2029312526776,52.256508233004006
40.311366206377855,80.12014099269507,55.34936990413176,985.4736512837737,22.637243281038085
1.332264558193369,18.31975952195387,39.56976625692943,1031.9670291993464,35.567520855675056
32.841440606817514,62.57463461947401,51.934136175815986,1037.4841433202862,24.745383896192152
3.9384756957450637,97.0243451904197,40.00619781245735,1008.644850784125,33.103215500917486
12.561275965616147,52.28906137659658,20.099150061310034,993.2802324846883,25.2216330206642
36.09566746559179,18.739644634006925,72.03652894435561,1019.8793719453363,34.91403201027347
14.02023998126934,32.06910456926375,23.40213135697575,1007.1428887724686,29.90993744023058
25.558692435886737,82.34580764542382,36.83125921737848,995.1380048503052,21.475783766310187
45.76241347600572,35.16609131199737,77.79596449038569,982.3059886094089,32.96974046818925
2.4817177018289174,72.35113590298135,73.25800111326268,1033.3822671073108,36.65101849932875
40.55398968678367,77.73500628840102,25.866312963693254,1027.804061122703,16.75361755833174
3.2635999284244765,50.118284724516414,72.80437928632617,1029.7403634583627,40.02787647247873
6.339742216833832,78.3213384366389,94.44599116606261,1006.3903838558833,37.775936764787424
5.965955194460543,31.69030044282144,25.960197521454653,1025.1953235172057,40.82407719774161
49.705114160536304,51.61596467164058,53.2550582141309,1014.8735158327997,26.133670213577417
9.00931596657667,68.65582639721404,78.35471120913131,1002.4865177848096,35.202482340006
44.83809231281341,16.807314730438037,73.41784025423307,1030.5645252873308,29.80579604321845
49.54660814732771,27.36219673821897,38.12084339755987,1039.925452882665,17.598088624063855
19.1892385206149,65.20366033936521,33.04538219973651,1033.9569384364615,28.511019461843052
31.55242717643427,65.53601198295534,82.73976032327455,1026.5715183011785,29.421887034472515
38.95456268818063,49.330264645297895,96.49957241910373,1024.8504783315427,33.35658430499223
19.632254091810413,79.55853567821205,81.40667740342633,1019.0149305810113,27.586948142057157
8.090707024890364,48.20549020049756,97.05635857582001,1031.2170498103746,42.59476464709681
21.68813718962806,88.13222654137333,68.39963393096342,1009.58487486948,34.96799269470884
38.59438225014723,73.59034308719454,94.32790885535337,990.9037706118796,29.932336240473955
39.038138137420155,31.469486330334128,75.23485556359094,1026.0829834561523,29.364451368250602
11.526939608545666,39.52540084845555,92.71078001608693,1035.170382450553,41.878002509285366
8.748281994537328,66.76866857698457,32.92711743756726,1000.4811375158299,30.19459270133377
46.02803510501749,89.44526188234913,85.24521725951591,1026.9789978774281,31.88892524900466
2.1999515279155277,17.870873270350874,35.7396640762762,996.4233621849448,36.58381828206852
36.736923788254344,51.46635387419801,22.19432815567658,1036.556016401521,19.02267711781723
2.3210692723377004,11.878442132437673,61.40689072343704,1021.0076595208272,42.55139632666934
41.895002543049394,27.945515532013122,45.46014244494755,1014.1565592309438,27.065699948762777
45.2707406668051,68.59813592932423,23.48250894304143,1026.7922094742146,20.044072637029025
14.87095621145495,7.7734635248161705,98.42435029825275,1028.7938702334525,47.108182284183016
3.6967821758348784,66.23585818888475,73.31728763919942,1033.5421938935208,44.54239480864077
24.03422681737143,90.0811120945297,92.14497385724789,1034.0671719708457,31.237719158322083
14.92315183727384,96.93702910184662,99.92660686975586,983.1614495332128,33.161922327226264
20.856807140518953,21.66322010255155,51.357338933687366,987.3744564807678,28.205316385793676
33.24927267443401,74.88979566078758,40.37896229872921,1029.5636526912324,25.90931733037224
10.491301797435849,92.63704487055297,34.7107514149463,1036.7630992028107,25.60883657369467
17.847578475704317,9.136931084943601,61.214968623307406,998.4603108874364,40.298777699783045
39.12812451463368,41.40236084892053,68.4864622001726,980.5161091059629,27.269713332105454
32.18809749764108,91.9409766872166,57.79381888260198,999.3623113421119,29.723666056499653
16.313774557561935,20.27874982548301,50.98016118765459,1002.9718481583543,31.22393312455819
33.21508001299643,93.37606837878418,33.461805076730265,1025.6620018834042,24.039156467458355
38.26564614459833,52.719207108777844,55.34876990484992,982.8550799382704,28.659330218673965
29.624279047639373,9.989308253755569,26.819450966325196,992.7584141655597,30.311600703985263
11.974841625050425,44.9877316755515,89.20382071100735,1033.6381151716785,37.35031865805177
0.012264525599653409,32.62611954670662,23.752212167836753,989.2892245670861,36.41577746509235
40.14245534941407,28.22041605518083,50.45168493852437,1025.5548591181005,28.334695935188474
41.13167776580822,54.14755756336837,28.01102952343748,1001.6786249347446,15.730199209893213
34.8802250697181,48.35926907518701,81.99843995736626,1019.7596128952832,36.80978279228046
3.8290465683806896,48.19671596200919,45.01895830623415,984.4307901981795,34.17623973543261
29.261114375402308,8.814173110311529,29.048449012204387,997.1934767051627,33.82503835035522
41.05103356358036,80.23181810271366,62.51930390916111,1005.4873842498032,23.686167041718804
19.483416005408284,48.14393153557952,93.30216057836321,1031.4327575646673,41.6515394727636
9.900036711012705,82.09058287018742,92.69158968953627,1013.8097514587671,35.162288847062385
29.381364862073532,82.45946415509503,39.97208329062319,982.7135175846613,23.973031834140595
41.315331365043896,31.71353248480432,77.57277407681869,1028.1119943995675,31.80402932090358
2.443497935353278,0.43463038076123617,22.4227354272793,983.271289337089,36.02152059997366
29.847560858036786,91.12456774581185,30.54814372027397,1036.0619938395141,19.36906796109516
32.1586897669671,76.06946930862402,59.957789625102365,992.7030467624234,17.132773325542992
30.118351967413982,10.72519568234711,38.30051475906817,1009.2755686794233,28.02528520350903
32.50168421185243,70.17270340031013,83.86094831681105,984.3368581259786,32.33963114718169
31.568765380207726,2.00232686688806,94.4857737642129,1013.702743177866,35.330369980767635
6.520194249017452,2.7759069220698485,20.346665318622577,1009.8337220437089,32.19062435226949
11.746838847445767,52.58232395978425,38.63326636807838,1004.6149120928806,27.54041572176309
30.94970026445051,9.603742923634663,55.164267686098185,982.1343750220424,33.038707630588625
0.8846580568385387,96.43365224849188,65.04634306819108,1032.7361827190903,32.56269271742995
31.737225936162222,89.38312266502625,93.27222220736809,1028.1581959287716,34.495546133929764
33.2693311892516,64.98120312478848,91.35067924122347,1017.9818012197394,34.52717736268181
11.958737993082924,6.370897083831329,70.97360795743727,1014.3337989580358,42.048378258321186
29.906641487656984,32.483525780706515,40.59104112671076,1021.6967858821898,29.954095862010227
26.704503036188225,37.17229979060439,82.6630247902689,988.639400954862,32.89481662977157
13.03457740765569,48.08798358286997,36.21214170297854,1035.958654778989,29.88374489245863
23.148700593737733,16.89028740064522,97.21378592774533,997.0803974902784,42.763116560527564
45.48122647060907,57.75116427971959,20.46719325871984,1019.3894163465801,21.51855901749602
21.330139022994143,43.57706479092233,65.58164031263212,1016.4053408685143,36.25539179401527
31.492208843975085,94.72969633928585,27.07177975373022,1018.1968387829365,18.83232348232696
1.7675410520347101,93.61952296252191,52.607962414561705,1032.7371273849267,32.219756065459336
3.8900056661049396,56.54739553399723,70.79468322483336,997.7546723990372,35.69728433305946
4.065403665165923,64.43493359905352,75.1678796473533,1024.9368912951595,41.15556682532471
38.91203818132227,13.779646777374243,82.84555757391482,1015.9034638363502,28.548960094559217
17.512844740172635,22.332323884017157,67.46621622118161,984.5636198572784,30.451410105298194
11.380584418290669,90.07154042019096,40.10554810287956,1004.8492808529185,22.41691034763148
37.36622842258613,69.9165922895735,91.14025943478973,1030.2770943959447,24.386985199321177
8.498003127808722,18.943019728307753,84.888593041095,998.9208433358351,47.079425616202
12.324626253514031,57.02103060732229,32.804185416548,1008.9358329987725,32.80026962638204
21.546572163501043,93.4761250489449,86.12089473662792,1009.3183140892196,28.43712653328461
16.571903450730662,34.51711061619036,97.81156127283853,1017.0805920083518,41.01226521419224
29.269610551832216,18.582037551908527,70.97752934463341,1033.041071587411,39.8057350342478
16.89203095374238,94.20252769090983,42.544417849111504,990.4123519271094,27.942643523432487
19.647581792944596,46.126536029209916,68.52750650187315,1010.2770129584076,41.06086689755717
43.1443304124743,41.72419986627665,47.40280553186392,1005.4560355572568,24.501024028276316
44.22657198140012,26.756719979275022,74.07571765138451,997.7552054060358,27.897341324363158
41.38555954067037,89.15852949471443,63.58399675646987,1035.1764906172264,20.406281014081113
43.24154663523163,84.5616766889575,94.3592489671801,980.4902655444629,27.145994963899373
28.48643346695585,40.29903994367541,69.43268345606423,987.3262875578226,35.13378740987269
32.3116607375692,3.061327989707885,37.11853469817353,1024.0006669949667,31.085537624191684
27.858658327747026,44.665143050613956,78.00878986735077,995.8064962812148,32.458751603412374
39.279404202646,18.08580165800533,44.070265428870556,1023.3907556655346,31.995514806998578
27.550024288072212,14.273407014888118,41.79127623590435,1029.9352166429337,33.50172406873286
5.553848227539026,39.30936118954236,51.342130045960275,995.2769610100718,36.40945865001981
40.479006022842995,9.907693734462718,20.959734325014054,991.5166572717815,22.280048293553303
38.02925853387682,95.7464506931665,97.53125281290242,988.7180379608694,27.39729767707767
41.01502976413126,4.75391817812818,62.58648890869586,992.0053166529468,32.606420590581834
9.521473169488093,40.136962739872715,81.87951150983682,996.0311233470316,37.73136434023718
13.580852635748354,16.27027020316949,40.62817779023027,1032.1249889924304,32.07448482103922
14.7875848631765,68.88113215287561,79.72945053069004,1026.200264795146,34.458580431460874
25.404026809283682,7.8811449214561735,65.37364018225082,980.1106590150945,35.59130759647557
6.693854208172989,54.68055742086343,53.931533902360194,1032.447148525886,40.092331546830835
19.269087663743367,77.31014952019376,97.65353809571695,984.7287379821187,32.09075211326997
9.10790805395148,95.00598350489707,59.50749713171247,1019.3159370528124,32.499716834936514
13.238135651636822,69.85275629694127,72.59668655117414,989.0884860930096,33.621841959429446
35.31938172792137,9.949175763458351,21.227375319190376,983.7365486306574,25.32428281800128
42.74055781586406,8.852054971414102,44.116416519891864,1025.5862418512706,32.77991338176134
1.1452933298591927,73.15980485380659,91.09532529280531,1008.0321868313506,41.149010458185494
28.29484816775002,21.532940500346864,80.71672488928151,1015.9437507986695,33.7839705138586
1.8029881031133566,44.72393086332488,62.94032289405198,1005.5211811278475,41.94442270403508
4.2624622505775145,97.66211013513589,92.01277656906284,984.0303117504706,39.623295081602585
35.254201730705454,81.99067984038756,58.89764105660446,1024.3770899772185,22.283346119019807
36.78040532510583,84.65933573002006,65.32056513502205,1029.2210672701297,22.04364075606101
40.69903365863994,86.07699047280786,50.57222777580365,982.485232585322,22.389688847325434
23.712075588515248,61.95453401215579,69.60320293783073,1002.5430318190364,31.823358243060316
42.99037410080941,74.39339238624784,45.5201224736699,1013.4389922242096,20.088598632540283
8.341914582081216,35.896091463428725,50.83937420338857,1016.311005366015,39.768838240826454
12.485820681750132,99.84462265728507,97.3061010565815,1014.689176468478,34.12264812949596
6.725107380098566,27.962216965464503,28.90469438396721,1021.5764392341277,35.95816773921178
39.876863029093826,59.00074033035195,28.420427619683277,1038.0089721451714,25.42404374794494
11.433755919330945,28.206167832119334,23.46528155640126,1003.4351912677226,31.060359919358866
7.775562137914783,11.207105056007316,45.603561580821406,1013.3974140173353,32.90780716630709
31.15553437940281,56.75858148436767,51.85833939743394,1021.94471776784,26.725923452529734
3.8541013180337202,35.334867086613976,27.5612515255637,1015.5454293246682,35.06323043598271
2.2450138610086268,58.32192675233877,63.93047962934637,1003.2050618005509,40.89699417516493
5.335882427622946,55.86784766649928,66.66412232438952,1017.4447572769895,36.33748192855372
0.012044199358379748,54.22567291435616,80.08213548906625,1019.0066918264097,46.87555394803465
34.84950771108962,12.330112204652943,98.07744932926413,1015.0981085195803,34.16924889978782
28.111766085723932,44.01807743503571,69.54817978339196,992.3066396451422,32.675453184832854
10.493755451886194,81.20039393987918,28.932064534475632,1010.3588814891459,27.301332179272872
11.650247398879793,31.514349554463582,27.08193945966262,1033.061408585642,36.85828259497188
40.548429923501985,44.38315052920652,82.2037490920297,1032.1161126819345,26.689099045126074
25.09100579301502,49.3831590320268,72.02673028287414,1025.0472754997606,34.856241685726914
34.926417854086985,86.27313125917448,32.953151576524945,1021.8317308662336,20.281673975975735
22.637772563745777,65.55997692260189,40.26879781468273,989.1967482656271,31.804348025189
11.885901301039613,10.0202534837314,80.01923098340146,1007.567879870267,39.84077046256279
48.52014003414534,86.51709858050212,65.29246254445172,986.6570785848496,22.305213872554244
28.282378168769874,83.20659754820899,66.80000500020313,1029.0370669781612,26.020794262828282
6.54909518839562,75.36459805991754,36.80069370303276,997.462592386385,31.272354072940722
20.304502109195337,46.60580183188377,70.32463853261692,1026.0119518549457,33.94890938285216
16.466870597345036,75.75453834858068,81.65028763258042,1028.8747334905343,33.893833534863894
10.704373429426067,47.87420626427572,90.82017803710775,1033.5497658446925,35.072983452892686
46.67199946201298,73.66235343271629,78.93738598544394,1025.2298047092659,26.961121003200677
44.04599977298763,88.01101649725362,66.11005208072129,1013.8837400304428,19.67256362023985
9.95735582600582,89.05415851305968,73.86074457974215,1015.8910948836018,30.89427214036997
17.607394452775836,45.45785741874546,58.80891700111022,999.2349366093572,29.05218198797005
38.11576958354108,85.93426793520293,38.1518594494098,990.6197714834267,17.078868603300428
10.425302407010783,10.145738050771314,90.57655782175483,987.8381722894268,45.442521890858956
29.578243130212222,10.181941748678103,62.60981065339402,990.9214112670063,35.41175257487698
34.98969710624083,54.826694686748,67.5454648917788,1036.0371132441708,31.60411627972687
32.69861628553832,65.1844618456269,99.20871310025461,989.865995252041,30.00965312132039
35.320432013775026,15.29937759784027,98.80125426181124,1023.424246695713,38.54695058598759
35.334979451438144,47.2180044805993,66.90487879999498,991.0777125988835,27.428841189473182
48.24029599244642,9.436266781592305,22.716580961397295,1038.5173862129463,26.366308457590314
17.32494447601598,60.20994855533104,51.69180304358747,1001.9950721285419,32.59323556530397
43.929521218791976,85.50940367528479,94.98346240407113,1004.7281857417441,25.382731362138642
1.090353125755339,73.76389760195238,43.064527390080734,1004.2706947269293,36.70332391108357
14.410148166164161,37.82915524292713,99.94149481570528,1028.9875510436125,43.72704829101005
2.432789099956578,99.37937966371216,26.7454021485242,993.0974314845266,23.7849757748695
32.56019799779201,66.29349764661367,65.44913448041498,1029.8614841543379,23.74262414715531
5.039518536580978,81.5248434442479,61.23594881397554,1019.4235312665248,30.606465580447885
42.28534318260231,66.96973872917327,40.428233069416,993.2168100678155,26.233539483650603
32.329584189512985,98.94162910871266,95.88857045160799,983.9244527504546,26.16234857691584
1.4407700526802847,82.1359767217773,69.53369679978482,1026.4995524863375,42.68263750475812
35.73886827173115,51.94232178954405,38.41826267557409,993.1377827489712,21.247646646678607
43.10174736284805,36.68795628375898,50.7238558270669,1033.3440097833698,22.894543566665085
33.05605038310747,68.21548291488423,77.69835415056501,987.7871166418844,32.05198949219156
1.5262107967516092,59.022180880700894,43.81573701570509,1016.9818738884501,38.068486635736505
42.89597742302033,62.93505910275453,90.3684961648945,1021.5301036232906,31.231052880919293
36.62319564670175,34.30117662837569,33.25391183660993,1019.4621448734331,27.728584197486988
18.922565624199212,42.87284205705545,41.16040718918789,998.9617888697753,28.52437763673338
16.43151291577513,55.80965748906498,31.591889069288,1032.5314113932282,32.11800155106067
23.991009070372005,83.92834019218431,28.334307100759865,1026.1883190049248,24.64376572003825
43.35508754689354,76.29089177629031,44.02523387711415,1010.6123804972768,19.824591081063886
12.602967593477876,11.865587050279036,99.93429970683523,1016.197581676307,45.37050729983446
5.048190562060056,24.55542500193918,27.54635306093345,1013.9822736168425,38.36353621711277
43.231818648052496,2.6657724933027427,37.04017534778306,1036.8019146407255,28.971493560109398
1.3144924440361472,0.7960567965591414,41.72934392624016,1033.7847942067574,34.727737782103375
45.54985111220323,22.437546928024176,69.53037475777631,994.1298371093642,31.81712654326597
15.287259715070034,79.93209480093296,79.62765571262821,995.7655866629027,36.46398883592563
25.411135084413385,90.47476581743871,80.15469398832366,1038.886284327946,29.73291863881792
6.6147762376114025,39.17683658985981,20.690878555106494,994.1936421171721,32.17563297499738
45.11274846883426,56.31985966066786,72.14803670395722,1037.2087594689558,27.478789441733625
37.491811169220234,70.60526019553808,70.45895034936824,1018.9852223058047,21.44209890027114
46.20777933040171,95.29366992517265,61.412374551190176,983.006566342464,19.0152757906077
34.16145255590812,91.29322372974316,50.33668491230073,1000.14363196765,21.82668600261063
9.234688837116305,5.719230338137993,83.79553579689839,1008.5692443147735,43.66220496432165
15.413350149312466,24.81658432092808,47.510463634668184,1029.985573487027,33.783074246451285
24.342428755173668,4.9144543955177085,38.4009817685281,999.7151247965211,34.68880100277591
30.362910268010346,61.65424209890513,44.80761396540903,998.6346987274728,23.732152083373222
46.32297186681368,71.0493316472639,55.17183336985327,1035.21579554172,25.44849768961255
19.197573289456948,30.828341235651145,37.124591040219165,984.7420607240704,33.008650010303384
35.153601095357295,85.38519081332146,68.60569969643892,1013.0912728828997,30.28933616558927
48.050442445541094,45.28127504114977,90.73673620095165,1010.2543561908863,34.81373441859433
7.61870317077265,99.83815150970126,67.636809932966,983.4400856133507,37.50625256425667
43.135479438977406,0.039969258932492924,55.7334645981905,985.2655532311586,26.30383610366119
21.03530351965993,10.948970841855665,83.74950129799231,1002.9180459786803,40.98785548097429
36.621088796466836,30.179324293534037,79.8430898299623,988.0496731606869,30.3198391004744
14.676916936854184,2.5507597953713157,49.364649722455695,1008.6843142668713,47.50113145217974
16.699210913300078,78.23394577382507,68.33227765322894,1016.5333331244308,34.32956453605479
1.3566612434033065,5.277178787128722,78.38742882543929,1021.4838010701786,50.24201006256698
48.57020765834798,74.89796332938272,39.63706064155528,1012.7882039552459,20.18657305539101
40.67262876153922,5.256845878954941,49.30191032673519,1002.7796009535988,21.55707609461558
4.695897896311024,25.27272646530456,28.46208564399764,987.7855175962782,32.47828608825277
49.975439783188726,84.12768156585297,99.01442226454667,994.8491248884246,24.026996923849655
30.25122986014707,95.10952942377241,26.870212033850862,1005.1653006209513,19.117110084384407
42.686431898219155,41.45263426605123,33.48849000988619,1035.446869004138,24.59972278625511
3.3330381638934483,96.99389643125514,58.38655597313118,992.1560348716637,34.1458011743525
19.472558924596186,62.688092375854254,89.22174668356314,1004.8006538559594,28.226688845539606
33.48255611518049,41.58351224329314,48.470561835836754,1023.9385314424433,27.575478152812728
5.3216859349850765,80.2801343967917,81.48769180250767,1022.3122011201136,36.327250208446756
24.445141932700032,29.532852014020115,74.0827258652989,1037.9355556684366,40.46740718305902
22.133893727207077,26.57962613602184,71.0931261727743,991.4540778007805,37.71165356240875
10.802011223678987,65.65476769110742,87.60138007734722,980.9911766959978,37.14471784209619
15.013491792590111,39.0487361968095,21.13362317029005,999.3393956592322,30.158952702858215
48.35591772474912,13.591802694497957,94.33224308483133,988.9815567489629,27.74244289767325
14.432424300496798,6.696423528990881,86.33809442690345,1012.9081431430104,44.933563518343014
10.671306698420551,78.78425762484773,95.02937757214617,1033.926743315014,37.40650696833294
26.810458553416673,67.59107318023446,83.48703070853497,1021.2936099783526,30.46454560351358
33.547901703514896,41.17982246066033,90.28731259634179,988.1479313810075,37.806398279459685
36.254655553478244,89.62276351710567,36.24624385595833,986.9654014637292,20.898314057947072
37.71235922484581,41.08567524425995,45.538325350164044,1034.6869887965256,24.845920496033294
1.8416245757376548,71.02954714653835,45.217681077658476,1009.2565729935441,32.23916209539608
19.688020018978165,90.91152752072928,28.73333967024454,1035.4203795193578,25.858568802078942
38.69790398915451,84.07154587084435,78.36634042276727,1024.173062932581,27.82640042765781
45.24260509000647,51.1104776339579,30.893671414965826,1039.600907638124,21.570514728882955
30.110006166639163,68.06363924467327,24.20073328632485,1032.2736645596583,19.566148343894955
2.6153426754842837,41.3665776727369,82.03574960440511,1004.8527315357084,39.054764441128164
19.83229029275656,64.7197172294114,92.37305357855435,1025.4936696530954,34.43923068457817
3.7113557934227326,25.755243834539588,81.12986783721067,1008.2736900391967,42.79758356262655
37.426893134229225,43.47421137695533,86.02817702655811,993.9843375859468,31.824491038414838
3.1752734640832614,20.954573760183905,67.6497342264617,994.4617555253816,41.248742752028875
9.286553336758862,3.8184952679548023,91.01970703318025,1003.8393286677089,44.959192217296625
20.847921198238712,58.85398505753723,59.73627858862841,986.6879735607305,36.938163188046744
23.1324183557436,86.44293453507976,99.0658094789972,990.6659770933186,36.37692226326441
20.324085015750615,2.557827462319151,28.273203421555912,1010.036521023206,36.393352952385115
23.1698323303,19.60297407292959,84.73445653611071,1037.2353486417085,40.67642032155975
35.661957601009995,46.018505927042,71.31115328090203,1014.6611805210335,30.64666674649752
18.463441147777075,66.58968168422533,66.45168545769562,1004.5098049512814,33.82982312376695
27.387522957530958,17.122919366988643,78.06484246888971,994.5620191921581,37.08987844806479
15.168462876436612,5.669482897062428,87.2233224639079,991.7540782823864,44.96502740843135
17.681374754524132,51.90487177268892,89.03072534724079,1019.5044217627337,35.064376233769366
30.689947952104042,81.87097130573088,34.0304770355188,1030.8995190452995,25.242721703878786
24.524732581851,3.523490931277129,35.76287438023754,1003.9313555863498,32.974465407411515
36.151814742964056,34.93694503590259,21.29332076108777,1013.039542782397,18.43428893038421
28.026929402587484,66.35147427933352,30.54739662338182,1022.4036056749424,24.9841204181898
40.178704269193645,13.0742006102467,41.11059942799397,983.4977345033345,23.29685985981547
22.170410649735828,23.594677689275677,77.68286580402263,1001.053822846171,35.79792234352035
24.551680993340074,53.5492643786266,58.06140072020081,1023.7851733857266,30.72691086061515
33.49856744504698,95.3231696364218,80.63228284672138,1021.0771415911563,23.15319245515004
11.062197220602442,28.734261824375608,58.922867825591254,983.2008634649654,36.88913854580104
19.296476846563042,48.752742122071034,64.44779623279746,994.2691099024044,33.833738598003215
31.24206220058539,39.993086306441825,28.8853269274866,1020.7974328667001,28.382041601027844
1.4438134632868194,89.739667203008,82.1246627740826,996.2849625413543,36.21599185680002
21.84857168169708,7.188986403111564,80.65012257596439,1028.8646176362433,40.96476560725771
29.94249681530584,56.61475913407643,44.60492733444957,981.7702915519495,26.135681725865595
48.36877659890989,84.6119699189944,46.286246224032155,991.4208217576067,17.284711188579617
43.85082808088356,98.81175770625917,37.57451604585084,996.8787788030335,12.265596902626202
14.037097647132907,69.87254975218073,85.10717408289221,1035.5173900886052,36.68323872285949
25.360505201446237,37.99354756665245,79.76054415694243,1027.77913738224,38.08569554629456
2.8207186330045655,41.18243525339439,68.73181905474021,1033.0487051917592,37.94513747505006
12.037720740890357,35.16822197427639,39.105768250375796,1006.4287488306372,32.952950210579544
38.742793403404505,60.361309980695346,33.74826660909954,1029.3537254765852,22.51888350252284
6.1657006137672274,73.9405770718251,24.021508093969047,1031.209614310805,33.03097250434407
12.88452624169783,81.9467563588931,23.648918542281557,1003.9974094325,26.397575933161697
47.202125086790396,41.659310968317186,34.97089118466616,1039.6677108646552,23.316681398063462
41.1927900246229,71.67085022590392,28.04260258585777,1031.074317752952,20.01698657176983
39.0913856324456,91.62225920297765,64.48861383379544,1038.4458181246873,22.815649352611185
43.22787451510784,92.08247944507053,48.64721022355816,1031.9898265187098,17.096846012195982
37.480284329117694,70.40290027146425,55.595662573451705,1026.5722184153365,24.471202136228904
6.029310805911747,63.69021928125361,67.52537468697518,1036.6306324078728,38.60368159468247
25.828066324261567,53.152607552500676,72.7281396282811,1005.1891546750754,33.05855248921387
22.2121960401161,18.319766818212855,71.85613759060624,1027.0000060098118,42.00133605407351
15.557578913519004,12.362965260541847,40.868526945666595,992.7734723549665,37.65973439869098
41.70202048598027,48.57110067893803,84.77016162368821,1023.9676312832646,34.28883435709507
23.206960118711685,15.944415620745932,93.4167735935384,1027.1211969831436,34.64158055205167
3.0148800678774847,57.6999925669336,45.27506777785562,1022.9914645930154,40.05462893863391
13.748279186013413,64.57027303012181,21.365233325285438,1030.9887839214298,28.783484404386645
11.431052901472254,52.56155975200407,91.9323349318804,1004.8001268109764,41.167157317624905
44.37394424056418,3.6426712512613646,93.88389863627809,1012.6860879245295,38.08793819362045
32.37190503194999,5.772795880233216,24.075715233042683,980.6400446417163,27.739259005423282
28.018813294103754,11.334118468148546,20.39652734873698,988.7631897803615,24.82454542036184
25.332462083935255,15.364580498833902,85.31238263941938,1018.6516355376693,43.11591633099134
32.50565137707328,98.98826137693332,44.117068358648524,1013.7390319787027,19.677153162184354
37.74377733885624,34.449501686312246,93.16657338367908,991.8399508124843,30.826549515065917
27.719235291575494,29.197337364128618,37.33948586156373,994.6078876496169,28.294673563323872
46.914270757630526,5.226663566422907,88.89236929012696,1000.6449321154075,32.33179464825615
48.84170853251923,63.532039068559655,25.491541578002934,1022.9848827766106,18.029132928305295
49.76711583044115,65.21907851312807,40.85094778511789,1016.5829961597981,19.452634651601915
33.469555504432236,17.544868957866466,97.85031033165129,984.1742758505173,41.347067822349445
46.63102333779392,91.92415409246131,38.495732346502585,1025.5963489407416,19.222532217362545
20.223984765397734,80.04935465951273,30.64103872600329,995.7595737813218,22.605825451557553
42.979619562369265,23.031931680750805,88.56437219783962,1020.3055807042653,31.072175631602605
45.458714936984045,48.58497309165374,29.424063340918323,987.4017706796931,19.240967181496785
45.20702361661378,45.83908561988499,27.796488686360277,1039.87527660315,20.40836017373293
41.54231414541908,34.85204443423208,45.87401073516286,984.8201102412628,23.825372717610385
20.32995808206252,81.76347128256131,70.82628052775675,1024.5040417040598,28.27346230623904
7.945374099036718,10.926448562115098,76.85970990229565,1012.4798215551857,43.913502242834
16.697817817222294,41.53142398277927,90.49910270619166,985.1563514770482,37.48869118440866
38.36442846490465,42.8031130549217,63.272922076728484,981.6086274530453,25.218066638471484
11.644275566498763,46.87256046141797,51.47342294087803,1001.7599430510007,35.77209917133836
23.91360324129862,86.13499910986286,48.70670094675721,1028.1334359204286,29.36455897336615
28.2699758992336,21.816687020150127,87.75221827819792,982.4690744168836,36.15264146488158
30.192928121893765,10.292317351227275,77.90522475861323,1022.2639197996832,42.12841103165034
46.78627741893993,61.7808462821108,92.43432109801114,1019.3225765758543,35.424193939419226
33.074651020715876,17.383447497804717,97.12283645852912,995.9322606063661,39.05700108499528
39.31494080386511,7.493208585461975,44.00406688670459,984.6495221440935,27.08336521859877
29.09391739458167,42.66492205710535,62.373929496067156,1034.9193176332437,32.606669016120186
41.679015943098165,21.964643085814096,70.54566458918663,998.0209881642035,26.908771164409394
13.183180653488142,36.121661886798364,33.1079157421166,986.6829939072056,29.257136032039334
10.493883583439462,25.971108010245747,24.267762713998778,1020.8910247016549,28.0046416098738
46.31600243789848,9.263646272341575,89.42111312922508,993.0008737274977,31.306624137825622
34.67404381786892,56.03472029242016,62.84188086042985,1008.5378453337578,24.633793110563268
33.57627885291106,2.701841803948568,65.66193730880315,983.024332654162,35.7788796088826
23.364761931422496,96.63753479943995,64.39314763423639,1039.5790369344863,26.26989524768351
18.834862964675526,34.13305217349662,80.39685638661524,1006.8572676065295,38.7027735779203
27.784559723931938,69.51575104898038,31.640155574563458,1039.946598878572,27.241731613848636
6.028317471083355,81.03628725474499,69.12387526172262,1003.140492616044,38.77329440930533
22.735628054155388,27.910479553955515,57.55836092621041,1000.8711533565331,32.71916721048696
22.768385223274045,74.87387091100682,91.75665276061794,1034.8743396960244,35.814994546749666
26.916825647213262,83.24208554247096,61.569675031706026,999.7679512306693,28.59905853264873
31.734280718360115,24.13172338116135,95.43479792593325,1005.9203328389763,41.056443936611885
47.86591829926811,99.24946768960727,48.26023953439253,984.6866262028494,19.738720432726545
32.608456354587844,2.0688682842089356,97.35157651119924,1037.3277432821285,44.00990257388534
44.186257597670576,21.700048023554107,90.01263584734141,985.1090744510541,27.52424040962386
27.81519307345819,78.00207562769928,66.74106317882837,1026.2710960121194,27.139002882043705
31.34639413137449,19.413102505575285,48.296794665521965,1012.3169236286706,33.98107968510361
3.4918476554784803,69.82598633062065,50.07386859620479,983.6843086428521,35.636719043275626
6.663186144220779,85.55304049829037,81.82016691666334,980.1022296824634,35.68567310088591
28.98352175987698,95.92142726342601,66.45050809352355,1036.1332183116278,25.720891675875357
19.78564349790146,47.42475154002695,52.12700683754568,1024.5304042541327,34.737544541228154
39.94052599327509,97.11091229821174,70.88439691297314,1021.1861746123649,18.1644027870722
27.158893743708802,41.16222966816786,78.65867183207556,1006.3133918359533,36.77775107753918
44.114551947566895,21.812803967438576,21.832041004677272,994.3168272026586,22.757561511863283
48.61658392311456,51.39218530847253,27.18902408940081,1020.7917844838345,18.043477042528398
7.3817592560742495,64.98232443114927,27.558835232566334,1016.4980641170259,31.998349052997703
19.74138758278133,45.79633160499438,38.55470442106678,1023.5805316909002,29.33461961478884
33.24905126190154,56.69724439667916,54.15923513818512,1001.9475511100158,27.34545267886731
15.274437770017485,41.64091877271886,84.29199194340435,1039.2154256307915,39.282946693178275
13.351616886074758,52.47619540212498,48.087922799964595,984.0205193257119,34.614083972424396
40.68692803144183,95.25956719465616,21.39822307044838,984.7820970221728,16.390885735662334
49.018923452937145,49.9831152536332,58.66894823613832,1035.012550854837,18.809245737933196
38.69016656237407,25.317963280926026,99.73028763396975,1018.8623860951426,31.761663162683817
26.183831140205676,75.87466215125707,47.92167965239352,999.5800440909263,23.224738662893365
22.125561597265737,33.758445778154936,96.90036150138519,1025.7171654620377,41.14551847778906
26.982386026518245,81.62071708213907,28.10761049091381,1007.1664032711824,24.5132393874596
23.14198510938679,5.684198898388515,33.84797263242439,981.267290528464,36.942597837040665
25.1444028392834,33.217797710869135,77.92976561165666,1019.0662201651975,32.90239738927784
10.172652526461384,9.435990826063945,60.0969959176565,994.5867162254914,43.57864778127694
45.18709746546638,8.531782424583145,81.20974427727089,986.9201069966041,26.43692030449414
37.726750076163405,65.83895591724372,89.0846676023112,993.5163909499643,30.12438121724594
34.048871134661,38.53348013536074,40.086790084882765,1008.5694728677549,27.592008816287223
47.496248548723656,87.14789419851125,74.62633363517935,982.9913858769944,23.35488454805686
14.219716595641902,51.640513787352916,68.60809893070049,1032.989143206773,35.33224479304153
4.057970544680711,29.534322117228275,88.92280233537049,1013.5950809941617,44.53318537064311
41.30693301776658,72.08888879621948,54.40831204879061,997.5797708069249,19.54621472659927
49.92084818246275,62.40167915856997,24.1496344568528,1021.220290885321,20.16591307602779
28.92162190100997,79.95946208292034,65.93489018180095,1028.2541898187965,29.27225584541137
2.9404693956340933,64.3588276341885,96.71026552947663,1016.8354776790088,43.3519260413382
39.02340200774706,16.701341709892027,21.170494360417873,992.1496809146314,23.544363614379744
3.687452442292077,67.0310037667066,39.22063907379637,986.6173052087867,31.562166981640406
27.00069931296406,39.15491976158103,45.2854231971296,1031.5939818220031,31.723184028457986
13.876623710526353,46.31430302575681,81.26711103127803,994.0812448131044,42.787195685092435
45.75133902961977,92.15645757373447,45.86215379745295,981.2049458406499,14.121481248373875
22.56656066297425,35.9964046297747,39.12670905570511,1018.5741264892551,26.278669701889452
44.923167423927666,61.195914299083874,71.88464115736329,989.1731197918588,26.50823284952175
14.954054262728377,36.348173341223955,23.712423116879968,1039.4581891858745,29.968393379245622
19.368129191067563,9.472748535779175,33.64774879669976,1032.1838499043647,34.045443021711556
47.355959412354025,45.35253420483005,52.642418293555494,1016.5067435600731,24.153088427247553
10.065722546581767,59.70615044596519,48.44799698720249,1030.0319385565126,35.48353461420065
28.92505758255726,40.750329203759875,47.77326553466906,1008.2321420461218,28.459592185319796
19.42551642800557,39.06661846781844,28.68440104957294,1027.3091746677462,26.22989150590955
38.708344253436366,82.0378513894397,48.867201555983726,1018.7920131438291,20.26007019802335
6.4648185585678695,2.9685172289470207,83.83942175931222,981.7186788781794,44.23263458631187
21.860748450233423,29.558539674011996,53.10753614379162,1036.9254600531706,30.16564971354673
34.94663134226316,81.17572653772116,66.8936947852548,1031.6551746918012,26.69503393492022
20.35081175030799,92.05301486111638,33.0863527453854,1037.2044434355932,25.318760736459147
2.926586963768835,41.22995858408282,25.576909077486086,1023.8819560736489,32.97979273594352
35.2556130667672,88.87942431960764,90.39648335452485,1004.7236552996974,29.556985658557135
25.159916384249154,19.89301221250327,46.509807691676706,992.419113397177,27.184741542583037
0.5654343340050272,22.142706786017264,48.02697864545061,990.7997808539521,36.51658841940368
30.63279476141865,84.61913765848035,90.21502795830868,988.6949749032663,26.96630483862718
45.994051126439324,90.32577413406182,76.62170791269952,993.236578558491,25.90676522057904
5.551297410584449,22.28057679626675,80.50101687900903,1013.0381608008437,50.10096085280812
29.533561750458446,5.932418996861111,74.56027873341301,1021.0247037972705,34.24876672121689
36.433444088131516,9.032413705528775,28.46337958332291,998.8433936609761,26.447373502823314
3.5386835070152722,26.138083537636327,96.63966568449821,1012.9248181704718,43.738745082369505
1.1307729082093154,76.14490771467949,92.73090297023421,1000.475159567231,41.36909171537284
23.209793332247365,50.999182779628285,38.89761014651636,1021.7905984204398,27.12237126448874
39.55933436171819,45.558884224276966,84.31953529150731,1039.3091732192152,32.59876465740881
8.035970504966416,58.413993116600096,52.751714519785594,1021.3410181029731,36.82246692704213
41.83186361074615,89.02231134621861,74.70135742915863,983.5418346102592,20.492775275061
32.82886277117981,9.043037956565758,33.24823998505872,1008.6340974700394,29.961498266723986
16.608664389424284,69.47241276365813,63.08434005251367,1026.2232495580718,27.415107336188242
25.791289924622475,92.67908456554052,30.129303964792484,1012.534496375215,21.73518819496102
48.27874898633692,21.335004175839998,62.893373228649274,1037.063781783374,27.32711523003748
10.82184853161694,83.77723159618344,39.48751648457702,983.2863007522527,28.0171646170829
24.97676988720201,69.80247107595022,56.197322301505174,997.4693325977407,27.709525554251318
31.224327805381037,1.4468536073144689,73.43754937395445,993.2430864583873,34.623729071216
6.900730273783312,23.16116803621282,90.16596653284951,1026.0573321058152,43.6023592011028
2.176104431165482,60.58447608958808,33.22312024682225,1011.4275841090404,33.95515385622624
0.6729976465735643,50.24003394912116,91.46152923341586,988.3006526811804,43.79811137191504
16.234642830000812,52.793625252686596,51.20301183418321,997.1355958076857,32.559006351111194
3.6973647242432683,23.193042460682268,87.50372548847048,1011.3595593797825,42.94344407658559
40.18849762705573,67.50034707086266,61.00383347342104,1039.767738875219,29.120355748078897
49.8659763580873,26.64183709367769,88.97668574103518,1001.8575414449223,35.07574232423437
3.0651910867232015,38.943496647845386,73.02592540161598,989.4095658403817,36.80293019111277
21.63631379667198,36.89159158800762,60.69729124934146,1009.8239915474995,34.35382768839861
1.2866061491287384,67.20250221198985,45.0030906400263,998.611182633984,32.95202938517254
6.6995445378631615,9.025276168321739,97.51272700949242,1013.9580094297129,49.510472420511995
16.146128045533704,20.55419010401852,84.07181261331343,1008.0026181671136,40.57378422765179
19.684910652882493,20.049707068506784,50.49497481378091,1021.3693953027514,34.99072406911615
46.98914732143201,10.842467411571011,33.337887444723684,1034.857442532051,26.741744499937194
19.791840437844794,20.759497883645906,82.3628334874635,992.0308610461251,38.02892344873323
24.81388295287011,60.706026792335436,99.19554302487359,1029.2708042221038,41.722423205272534
12.27916841369332,73.21681708741882,42.31799630339776,1036.9559429329122,32.350605256267684
0.006256937828774678,66.03034469691227,93.26904578679967,1002.4165808910777,44.96859941972613
44.96672283665676,47.51881379808823,30.029656447033616,986.8197620358019,20.07727868907283
4.0857378518152405,5.243457109606364,96.17650034014832,1029.3146702469735,47.6341344046987
48.21244205181146,95.9007010686775,79.62711299544507,1022.0657485662944,25.506453776923475
6.542205205013013,16.807646083749194,47.72769834109628,992.7627322900431,40.24453003186524
30.243924037522014,66.84213704056708,44.37054578369871,1006.713415590953,22.02645366706267
49.97052939283185,91.28906154821111,71.4748283151481,1014.6795323893932,22.01764771183787
6.923229803483793,69.77770959809885,67.48057122069599,990.1912451990854,37.03268452293036
21.19715424699121,21.804964018895024,93.51493611949492,1022.8947695977736,40.29459125890275
39.02118344857383,31.579629876402304,81.29945073673713,1021.3929644836614,33.635241575021396
1.6095074924984132,3.0205867011095178,63.229189805914146,1033.2275967506978,43.840036744503514
34.48913755700222,61.27582408421135,94.20526734717237,1014.0363778656917,25.936941152000955
4.018666894539974,61.29929808815666,67.4184505066575,1014.4587818417382,33.873739015739226
11.82600711366132,72.55005813763793,87.97478685285418,1017.1632413581581,40.401628209807555
8.003808124668021,1.0996289275621351,87.2754121678285,996.4269956829144,44.51560565740894
45.36682158234681,81.78412888244667,93.5355887159629,1025.5163510766802,28.061278951706626
9.022835839084042,73.87109574003081,25.408162502328366,1019.7499556757579,28.841292754162527
2.02170477575786,14.088660952408883,66.70557343574222,1030.3487375276547,40.86153834146026
29.381283922388107,34.76266092689786,57.47140729368393,1026.1151602983562,30.191127615144314
17.3090462704851,63.85248929042168,59.2433906771738,1018.3143338302438,33.40168089850774
20.28531103206832,49.57968749403279,56.79284828961623,989.653529054576,33.30142417260173
5.953137243127349,11.509426390126244,86.99733515378728,1035.14883939253,52.120921660408804
37.411724571659725,8.73453751365899,45.4746317933551,1002.0327308829889,28.071651727466385
30.0776824821759,78.14562991080916,57.02008653038227,1037.8579141110058,32.22422100102145
18.210852237414,15.596711801780982,36.05460343208685,1004.1122481200329,30.626263977109776
8.578747188156798,17.209267393044357,40.13732927397878,988.7562975609902,37.70697502780122
29.67258695852802,83.09231253567576,72.83360666751,1033.0903848499802,29.64945921459563
38.92986397536887,61.21396345632171,29.354875060052954,1027.7035244077224,21.519349555393998
15.619864193359746,60.47156081539724,35.025744879574184,1027.1777633667884,29.787326304136126
1.293019176929855,47.934577136334,62.242764765705125,985.3646450438671,36.734499173303085
10.7171992376492,56.899501440229095,23.50184223704108,1032.756789983118,32.72701588629239
34.11989094464146,60.1769690371811,30.15415995363132,1015.7840382297717,20.797295448762856
49.45481887284613,96.78262348435803,89.06823511733991,1008.2213441763772,24.702531901783573
0.6688119704388262,22.297330746757925,87.69174126359965,1034.7902972847883,48.42676547016041
15.307678106605039,21.45624197004591,47.82208840375858,1019.9624811489164,39.72724453471916
3.101043522441943,5.721848770531568,47.83930522489476,987.9818494311792,43.088343245265996
15.817464388151608,65.81987988093223,94.92123594112029,1011.1722305634022,39.591691037090555
20.29571715637106,54.90421808222619,22.06729112576186,1018.1969953308537,24.921700730897435
46.04310459731275,11.123920384663977,66.42364104682167,1033.9130418638981,28.099158119721746
4.028039970248937,36.45389351181873,67.79124632325818,996.793646100494,36.57502187285301
38.8567026532885,17.866320533120383,83.0309653745329,1027.6540331388449,30.601285911378003
19.77671980314817,33.148174040086154,96.14004126580807,1027.9887742300848,40.46873621508681
40.56314248334639,95.12641693946101,48.46620696346751,987.6829690894208,17.899755880258958
25.670109266281067,68.33188388805289,55.02667787648009,981.0339909653524,31.678137235558253
1.9641019421705042,0.7569100795141948,73.7038784416142,1014.8845817539074,43.691467036036414
47.31029423574194,25.250807378412365,97.38172978753413,1027.368733177459,33.45923263523053
4.136703171726092,1.0361547077779032,91.2633882989366,1013.2658494596378,46.556267506417115
29.884175126687808,71.48684987686808,73.36424026160357,1028.8008491119924,25.995143183634788
43.88338814667579,46.942180205547835,88.53788573368176,1017.3381884280509,33.77653465879671
3.988489887509694,99.40186918143893,26.816354471314902,1019.197541700338,30.096116374242172
27.694669420800643,73.35832610226582,50.17015542814821,981.6892655457515,28.68664145543963
41.21449377622261,51.79129427078819,21.047399655907775,985.3158921751656,21.844790212690736
49.31623543228979,80.47054282081352,34.19777906087603,1023.5017770629524,15.219322383636806
36.216370040701065,70.48036512340761,70.43940569619215,1025.7705969425774,25.68822837301896
13.916718773164682,24.377617763598714,90.84492989869334,1012.5306786838596,43.36053857375127
34.97851649227047,53.02582748275165,70.62242479934363,1015.409907647062,34.47418287483909
35.28833846538197,55.59987248340709,73.13104856068534,1016.8619503907047,31.05834419749119
34.99830060523087,45.123169860780344,28.305728420496152,986.2994791312369,26.63544170860479
42.71302185465529,17.9192622855362,73.18883927307039,1020.0745162550558,29.93636643421772
4.3690031259745465,22.3369051657887,56.347737389535276,1008.708198605723,43.11548585608346
5.420992270771668,28.10474009559616,72.11521852654587,1016.1513786012367,40.18513348381118
32.0308562112779,1.0255149378163742,46.09384876238619,1013.7885097286313,32.93851696550414
47.69405480490939,91.69438921695094,66.51887533305361,1025.7800149072423,20.657292948798535
23.291931945962297,68.60959915834789,53.92554374647915,999.1140958229589,31.630042499838254
48.02813508128376,68.96173157844709,64.69096443480487,1002.4115747040471,25.895548444927257
46.9042629758077,57.23306138091213,31.767161466384,1003.4963783914748,15.350073516524066
45.14548691171598,68.93108081610592,51.6659882893828,1025.7473659504408,26.543984909957395
45.49254874320427,98.18625498736364,49.942292580548326,1005.8667573081821,26.011516489825823
44.915939666399304,38.51603376344933,78.91156165222466,990.6244863020033,27.996840648515168
40.99446917695911,71.25255868765638,76.51276111744524,1038.9824582250217,27.19256199527418
34.74894793026652,35.952900437752824,92.70869477850664,1009.6029118378729,38.53667741339867
1.2204089296304121,85.4288798746826,70.5644473826558,986.5548849893638,36.3470565067454
6.612679607802624,85.8028606890035,45.16377038347787,1020.2164973595621,31.3428826233725
6.711602726573357,90.2266425423485,82.65797305882651,1024.349741451709,42.28045191731353
1.1770142139794937,0.5463324241878342,59.75981148269011,1010.0133703345338,39.43361013825748
5.835088421181833,29.819144499609486,35.47945685032629,1018.7874330966392,33.338336822765044
45.987321678355315,13.392435120159607,79.79291746617011,990.3604918689638,32.63417642244981
33.190214345539296,45.39861978901568,30.602511657538322,1002.0753431168228,20.016323546776746
15.603650914771123,49.54496426792978,34.252266499690336,989.7097162022969,28.917415047565985
39.668000611833996,25.59040428296555,80.70047427481178,1003.2341153818885,31.3038159467871
24.418474347742546,72.34464920450704,81.61157552570305,1013.7680313312152,35.58241119137323
7.106351845793829,26.976971718896937,83.26250150433722,1006.5523644309148,44.6093788921468
44.225104061324636,85.38913752833585,43.46600995336925,1015.5928904441445,14.715632584169335
16.933097311823627,17.765936814178684,89.32699658972152,1010.1055504021131,39.405267596481885
34.942961526494706,36.72352947652836,77.81345087696582,999.0688624041054,30.167984621744928
14.52970802498037,62.223775842430506,86.71739276410725,988.6049598872607,36.28869049037312
25.003562533689998,60.53350704632533,76.68843877975121,995.1603716852767,29.29941221710064
40.812635576520776,7.802911200514351,66.36771669970724,992.042795113676,32.866875440136944
7.838867321218385,84.62586121909482,28.751581725921547,1022.4453376214426,26.60483648513086
48.86256976196392,59.80649334297752,76.87489695615594,1029.198010664743,27.981640301842493
3.51079614303631,86.98595487071684,75.23686203665473,1023.2233163179656,36.72959857037985
26.700445487025203,86.76355782278685,44.99929066294883,1018.6240488197095,22.256659730419102
45.8012759675974,54.5918690375031,78.86558152371408,998.4710812288262,31.504521067340598
47.28469424412627,91.07814573114379,64.03636427450621,1022.6591335463906,25.75859436860061
11.6054481439888,84.8407798813456,64.7524990834732,1016.3050075993488,33.68429852880609
7.199249060740431,95.8122944561771,49.408374302857005,982.8136020012576,29.348905383081814
36.220150015894546,85.04983985594063,29.342803307210925,1034.4567271036049,17.290647607666973
2.0986784138118555,82.12038510011494,37.35427662927912,984.7972304660983,34.41078417917607
24.261948451515714,46.93604806769115,81.50653226688465,1010.1624742495303,37.664958587868874
39.8177613396591,21.203106037792775,41.71532403975151,1010.7841491631439,24.70535474850952
28.012736225841696,91.0708733075486,20.180244346848923,1030.220431325503,18.800098878987583
9.400663288700251,72.25491864460757,99.76139369052402,1034.784050062542,41.72496059628575
24.35221497349816,28.174786419852026,36.85457870802967,1036.3805474905876,27.346323379928045
46.06373582244465,34.09957227556425,72.43065190963151,1014.1803280087387,26.782067101081502
30.86064890221384,68.60785118572205,94.1537603659995,1020.7425338126963,30.037237946999593
36.07453137845099,47.781730835367085,67.97701877071496,985.3111917447537,26.01724212452726
16.813193983125746,8.148256184636827,83.9224492067566,1009.2749606506413,39.49488929803181
9.424188758380886,14.1447945745657,98.10973697190519,1033.871402254537,48.610164969422314
12.78211149498018,74.56486835123111,88.82907407438286,1007.3418290622836,31.656437967764823
26.658879688014746,32.856952848183084,64.63232709426893,984.1756361260059,34.13545543537464
14.011007680535187,50.76494284020392,49.09623443856609,992.0384685449873,33.439249946934304
27.098239371305056,76.66214782535258,58.59715593311677,1005.7704153461297,30.754326395218126
35.389596368808846,75.11755937060525,87.34609345524355,994.2516982945432,30.369460097865716
36.71979380851507,16.701502688727388,88.26836881205122,1003.5375551205033,34.22840003879209
8.234246983054671,9.83938643990353,87.66839378866909,999.9777125201635,41.98967140347729
37.52154244169316,59.115229296509,67.77795222000088,999.1357431689571,30.692657055948782
33.63440697961796,74.16328739312395,58.15647342060903,985.4698765854101,27.157061964367657
0.6002566684353339,14.903992199541038,44.90704448765294,1032.962881465195,38.985431105518494
2.943608754487542,37.19552873272748,20.268868414554344,1021.5623752079248,36.335677439222614
32.31247509301902,87.02779959676407,81.15882166887647,1017.4029145081474,27.527724407293967
19.185194978185482,94.4223141560321,42.15986240112437,1016.3881644857244,26.191127144342303
7.305199978783294,45.406976094968435,46.374231630827,1003.7901334828796,33.22622868551592
2.2198279584816625,7.951593403083301,87.47849798776352,1029.39891853109,48.59017105413419
7.9699170336215435,25.769645620237736,24.180092569809652,1035.8023996356762,31.13254815550509
47.87569821608083,23.296992031553298,94.2096265165951,980.3370349397264,30.89000994410576
36.37828207854849,23.896372054105697,20.108953795080513,984.7519086102805,22.184598062739227
26.385271046714692,49.388170537925,95.13352918603249,1020.4985370419768,37.35673763592355
47.07702500272959,58.322565169157116,56.38067928667331,994.1640033633844,24.290481697257192
30.955521884080195,12.250958867993534,28.169810012145568,1034.7022999261928,25.83528226704726
36.28225941403336,88.93560065283343,73.93290937929498,1020.0447839069753,27.671888362014638
14.132590925293604,61.997382328111485,91.66851405769775,1002.0974753095228,33.66254095337278
29.44909217945979,59.72517302680054,55.0458253478096,1004.9169441667658,34.86388724330565
7.173862214892013,98.72789983842841,75.3086323224533,1021.4529503147935,32.905985998513124
20.22415725988877,62.81439774931253,98.34901761514351,988.4578461561287,40.06060460740304
1.6620162493305057,92.8959149301185,39.2560658970404,1033.0047128147967,32.103806950738495
10.831404379134025,28.625697235979175,85.63595655381505,980.2863019058107,41.804514986907854
3.743431471133735,24.012949034649754,43.61896874777413,1038.736817198232,35.03503553378689
19.388940975361567,51.65186868244531,54.1070079992128,990.0587288217856,34.20567919270954
42.15175823192451,50.86089476366661,42.541269479780865,1024.526681516833,24.026048502102977
18.896705317252653,22.648364948389688,55.68093987472979,982.3954824225897,36.21662160569967
41.58198129973217,69.96556568999478,20.407122594262603,1005.8857339425856,18.17548914053662
32.82491562894437,2.963381923669328,44.27510778642172,1017.8188209388483,31.98395889443986
25.476472331541387,69.06304725494526,55.62352511501566,984.213647455585,25.5570405087118
11.844584663066527,45.71778861233001,70.57921469648768,1006.5976117339954,36.875006948507924
46.10780464220762,68.9007510845079,70.98891129407271,998.1881841866134,23.370016251772064
2.710040442101663,47.708063064151894,66.70284947763943,1009.8946167180316,37.242787723692516
34.44565088494077,97.7333782884695,43.442546367383756,1010.2745921581488,21.758417923026098
31.061994640468445,33.46849511031178,95.79234527485964,1027.1138963505384,38.07584268252355
22.05207611282634,98.25729370023882,51.35758589928795,987.4102717066938,26.50280714434483
12.016047764630267,6.497394247897537,37.35151529912463,984.963176062848,35.48065467743743
21.534796842263344,68.37607747575566,64.36103517343898,1004.1134139943274,32.41170392073859
43.63863627767103,45.42192067849121,79.91429359047308,1033.251195162592,30.4848776266177
41.83830551274771,82.21376255297002,20.978685825781298,1031.3161711803257,18.03284000183733
47.06906249885146,78.96160697169981,42.10752059164379,1013.5995745568846,19.809693192965714
15.3896603312624,80.02101828759373,85.99822820800239,1033.3264291382663,39.23627185513139
19.355207918443647,9.47385993025197,60.56168747084786,1028.3206158529226,34.02149638491939
0.9363076329931663,82.23656998612947,52.67906436639312,996.676367605583,33.11504920910606
47.14749973600041,21.404015744376093,94.47210236658495,990.2063768267498,33.44481522215362
16.469504590863444,2.568026385903477,27.162807769827097,998.0693900586024,28.829947243348734
20.208191076649662,21.77387196844114,69.24561606222792,993.6270727063288,40.907292793599964
45.39023057236973,47.92851046998328,47.37509729950216,1017.3631275595218,24.54806055457996
26.32992150834066,74.21113599114321,25.665871863434056,1015.093946766479,26.442374956499393
28.3087270877739,21.86324808328537,37.099560688865616,1015.906243007167,33.30340166447713
8.811641907545841,11.300754809027136,70.23465704138275,991.358212189487,42.56615353356265
24.933001040932723,64.59672550239422,22.262154708364594,1027.5117635165864,17.99220449773503
45.91043004543871,98.38980363600176,67.37990523114807,1006.0175650125578,21.79831037288221
27.9359044053963,60.087030208561806,96.54803369738434,1008.347115221992,35.63533375715821
12.755818231987902,69.10573641234218,83.60768498962155,1039.8177107726744,34.07958758635191
1.5590432067381421,56.116744374642,47.647766346707655,996.9363071577649,30.377483325417348
16.8150886727034,78.23484442285039,31.056611708928664,1003.6482802464626,27.988454225576554
28.6295457032229,97.58044202094447,57.20515471303828,1020.5877924742452,21.63805013172552
2.130664418541506,54.41292294041848,51.43603489427243,1032.8247812114146,43.215660865665214
30.48962886455781,41.67905117427259,97.73863680190816,987.6068604010419,36.62755079695192
26.17069135590564,86.03430611601264,99.18944436067376,1024.1027483856299,37.700368755955424
39.171773458328545,96.972834375999,52.84677250590329,1035.0968315597331,22.013627230085035
1.4444086135980916,12.918164086956796,31.902718682394948,1005.3754768056122,40.16239482962523
39.04236724093687,57.81709654738779,92.84876397143242,997.203615376011,31.2767588699044
26.043852287905345,79.24599925459974,83.48338205335946,1020.6642288064962,34.95475506342929
18.52646663898557,53.33394051563908,60.90193653245581,994.7644190742975,26.764249113488702
48.26914881794121,40.91969681929487,49.22837144121131,1003.0573847928372,26.27713261639485
8.005977361802652,65.52298211354206,55.853266207978194,1033.814802445388,36.84648704301214
27.066255954555324,27.012809451334828,92.15049402440883,1015.4199531554826,37.58736046102184
16.04907367962392,34.91337429383694,34.77147582108308,985.6986359959907,30.136142905817024
26.374318939766788,99.22766588813447,84.54268168987768,999.7818518867823,28.6846702689445
27.613772629020605,63.646533437449534,21.45525062617243,1017.6359099070426,24.510521564761575
4.472412421242289,87.29272983110747,93.6457594513668,1008.8898582292807,42.535782466775096
33.05675734591749,80.77685130371435,60.023782371696456,1019.6203590050955,24.538694578377157
31.724074795950592,65.22725543940241,38.13982610729377,1025.6864850608204,19.82945436110863
38.4733637317232,84.07290824587731,20.228520225374595,1008.8369072122825,25.455459186682344
4.53292468295855,28.7158495433571,64.76371749958193,1039.2171011781163,43.022160982817404
14.86292734518439,63.71164488122984,39.559029644787046,1034.880432540434,29.36778556372248
32.505529986405065,59.06034895239809,70.50114688086747,983.5944443641193,32.89590718524232
6.836541295780424,62.24196007933448,42.49354251616378,995.9858682650131,35.55967205150256
33.87991053942211,16.86319271467752,27.041922335218153,998.0326107385871,28.38349525276978
2.9513355410211495,27.724303999806843,60.40413038748475,991.0574214002006,38.53278184785621
16.746577647981386,28.66583187925391,65.15885890305155,998.7209901830288,38.599659713751514
42.33555611662595,60.19461625727632,56.20720204316406,1005.4892379761276,27.829413076359874
38.71456451905801,97.2546880439786,56.64284434638251,983.0930587395475,16.398231469760525
32.238035761354396,95.40675511821482,67.17201023200123,987.6380141679449,26.029960523847617
43.52292083125506,22.718955298969657,62.10828075281228,985.774752727609,29.33749249653295
35.46347720861002,30.48452430667725,30.605403109012652,982.779016348799,26.09712518436376
25.96875526054015,3.606189227916712,35.766851718802585,1008.8898212180972,32.27012953077715
48.98587501928933,39.881558985939414,31.343283314324005,1000.0281849935687,24.316357018700938
34.742803989465976,83.46741216803636,75.46364657757967,1036.1268337789827,27.378550449341684
30.068358840650156,91.575173898614,62.28787297335728,986.1656321265043,25.620112198610318
20.44352804767823,23.64964795679436,54.388409882474264,1035.5621201441404,36.05847662950641
45.120624928952516,26.57944734888392,83.86711962182795,985.1927370439676,30.295581888664945
14.78545478024964,22.084981650875367,46.06357278086441,1017.153040796266,31.190458363639088
0.4609797105451341,35.01035675745787,65.44853304727688,994.8638202425792,41.45761690410059
9.837026121617997,80.47593985905446,25.952608119215874,1029.6083387896324,28.902725303398558
5.475874597117958,64.68574698844601,79.55232670600896,983.6884896223982,37.139786476122964
15.949688708653603,78.59409178637,75.61539558524719,1037.1504893461774,33.78405858388963
41.29393387292275,58.30311063353062,84.19037034375056,982.8354320199741,19.267162247812234
32.57648426825037,25.77330780591468,90.7580766413243,994.4667960980801,39.51798950509607
8.449029461685626,22.799418021254414,80.6422613836335,1007.8510835640434,44.88180076577656
39.441086054616925,0.9000705863749792,87.5591912101835,1025.3634731939728,32.445321728936854
25.210993304970135,78.09821368740725,47.65236791693796,1037.0667630526023,25.22966935327829
25.635731205914848,84.71212261647177,47.46698896119518,1005.6825458776625,30.157331721435664
18.105609049043665,76.82825996284163,95.5440655919853,1025.4386056290723,33.00132120841913
43.23081824110117,7.440205772849073,93.16596290609638,1023.6297532667144,36.90959951934189
15.916365192789634,76.2221627169866,63.8797872884178,1014.2701337174544,30.734194744834873
4.706988033484433,4.5767453150269315,49.32470282181167,1021.4551505660492,41.928463363100214
15.136449698597254,10.559306570639116,89.28012242070403,982.2840009839707,42.33124689161313
35.76767731339429,44.04753729326673,45.87289059418929,1006.4946440538508,25.76607405902918
32.87909434016644,47.61470089248401,32.290806631555554,1027.1516416436018,26.667021056061394
9.400857677678893,81.61186366186963,71.1594140004384,1008.4532687001639,33.12239224703306
5.589214955247101,67.95268920409106,23.409744778637354,1032.410275053617,25.07493519201828
33.043287920087316,15.332017863121628,50.32815249331904,1030.0182725938826,28.660233357275946
33.818841782745615,22.61467832288013,84.61310525556976,1031.8067618103419,32.51740478278777
18.307481860528537,28.567518825868675,43.61729565542678,987.7998011376919,27.877236456559807
42.140069176453984,12.367263745485834,94.50523832588266,994.6484674739643,36.03820816992002
48.91026018999584,28.76448863592307,96.46597332933099,981.7758363927278,30.777585734831625
10.28226117246977,72.8598155539733,85.26530406120952,1038.9680436117833,39.00031977170829
28.853435785301418,24.140147010728295,99.01146551936502,994.1682883650058,39.967294225351736
0.26731645019695827,83.53596470603864,62.461128920915016,1002.0256000689345,37.98529644413371
35.65271980131437,46.95169951252078,65.53596417111773,996.4955868337062,30.330085694141736
20.71410567816589,32.293576124438886,86.89334522163827,982.387617370725,35.03933902438393
9.663461345158241,41.24181045488731,59.424420463047234,995.6754805766066,38.282529807705934
37.61109608821881,70.94967405934915,52.537600546645564,985.8917399724625,24.625592866668644
40.53243987780403,51.679270324599024,69.18028729396312,1003.6569851830751,34.43283813932934
5.558325058796864,0.7278663975058053,72.61276086791057,1038.0094471002064,44.67557393442009
2.0497880919017,92.2323846585075,80.0716657356933,1021.895742323829,38.49918917060811
16.703922083455865,6.5996003001851715,73.45605578080682,1022.4140473884729,40.2510758333923
31.299523288051777,93.86213488143858,79.65774362106629,1007.1905559974753,28.203089740639705
39.670976359431656,2.8152823620054668,73.96477367110019,1028.6782406413668,34.16961965721303
27.303124831522886,77.09793349574484,58.435619080014305,1034.4970500150534,26.990682334669906
29.03743881534903,53.46747081832882,30.794766746917624,1037.6930003650293,26.587157266165388
39.99291108764456,50.572618060410605,82.83545831482067,985.9394133647851,31.694253208553704
26.44216871093797,7.2778502544004535,22.462332111014646,1032.7786405187887,28.845966950194562
30.557724511315026,23.874501033791628,99.40000734090717,993.5049730145516,40.47205297018411
25.810866998827965,77.7547317065192,86.27667919517438,1003.83601411945,34.38241988016423
44.0229116683852,89.1259829922494,73.6728486385044,1000.7286316827216,21.045241374209652
11.775830929254443,52.911868105297955,97.32854174835626,1020.5078024052077,38.03443204419703
13.199679227025468,35.334339636259536,68.99762251649675,1015.8754724140275,39.25827529434225
6.3980730800912875,5.994320806421083,24.514630459547845,986.5462924860822,33.86665905904689
40.973337574721086,68.21785260663404,64.7505739211616,1026.969357770871,22.74105476870345
20.588864528117867,27.844661068628263,42.17633485255543,1006.3787241080897,37.383591583207135
17.39469704406219,5.50137149921468,49.558202238754944,980.1333105997788,33.108867591772636
49.06743585435781,66.58517290986221,56.766812468002314,1004.8701960116499,17.40289139866206
46.340168321989275,48.57197935337584,81.96805971110268,1010.9798945448315,26.144478250364322
48.59938410623807,1.1962149701723934,60.23433714967649,984.1324811124938,29.453308046980382
7.114949837934642,11.092403910634708,57.974423266006305,989.0681155649721,40.19445669075916
44.562590657408315,69.92019292459442,44.157771019347685,1039.6143302894516,27.456796059503745
16.435479969372572,6.367133306578854,63.18977934821624,1032.271724121349,36.99136521987146
0.6328385105931256,86.59630648429902,39.87126835482525,987.9996451607989,32.33967017579569
19.564916799153437,31.132627741993268,40.87950523265824,1014.8185639817754,35.57102591575634
25.459817656902985,8.866647043642462,80.58070201156164,1002.7545978330406,36.38053971147987
5.411021178370268,75.97573781680654,47.4037811607272,1012.6244245219951,34.99334815356416
26.883880843712816,52.44272344530238,24.11197383512895,1008.2321116140432,19.715488407329204
40.97317920883658,30.66400323792976,47.49418287159847,982.888935501541,31.439815672558858
18.8825475419597,40.609834166926795,71.08577662932952,998.925218659447,38.63989647282942
17.63224032671511,2.1412395604825885,85.11884693418578,987.5312349216877,39.71263069287191
16.94052101153387,66.2698537539429,96.9549345113889,1009.3380855374448,40.25031354210393
46.154722294184594,36.57736889634445,79.69763371799807,1034.4390031987725,33.81882024216514
2.437904939509955,71.40375697281297,54.30812875334695,1039.7319663541725,31.94310570950103
22.253807099647766,62.81711459525472,43.92954233639661,1036.6551841089483,27.305047746294314
13.229972707485842,65.1254185909738,30.37039921367115,1039.1418274984885,33.63511300220611
44.69035126937471,79.28927110044324,70.21491475568915,980.9147789468213,23.756918969752956
4.802613179190196,63.115807837625105,60.790665128720505,1023.7668187066416,37.89006990301978
20.57213833402054,41.87259292418924,74.2161213155313,996.3769286105921,35.651647662735314
20.340807601554285,38.99275617346356,38.970652516405565,1031.9370786961483,33.89728808456859
44.41972087735113,11.958210676485582,45.89153344879564,1028.8240094374426,29.2172677968584
10.774672252048473,77.94434131562417,43.367627959891124,1005.4204745529772,30.64536966963226
32.24477051508055,76.11084417546218,83.81214737395284,1008.3956405061895,23.89014140069437
6.720306344389454,24.629836708552343,33.69838518906774,995.9055001395524,37.15382409852396
47.69878570402714,86.26819126981447,68.67776936195965,997.3282421732181,24.23949833954635
29.650747963614293,58.900325779062825,24.108401260728538,1038.8704654016292,20.629795911880212
31.312836516033514,47.86868423945673,63.96220607213757,1033.3311733202104,27.305438273762306
21.68867008302361,1.749630162549587,25.113118060244474,991.5121383268985,33.20844222142139
17.114135633316113,38.27411858643163,34.070127263038984,996.531480671896,31.402471358658577
10.633821474743815,64.06707682356631,29.042024164284975,986.5188795837356,23.305446345772697
30.199387691612944,8.974783768838346,47.738028310674125,1039.3322469787815,30.263989389372295
47.7280872674119,45.95673088875483,47.49851341661832,1034.4325910318328,24.580858860736456
17.98954770462015,99.3435951361596,86.11354245826051,1013.1258792192439,34.61835573562855
44.15784443310271,71.65386372090676,38.054996110442296,1021.5735862368275,18.714023779804
7.438815642362484,54.68708875016044,26.91093934191816,1024.8768163754394,31.13145419557663
46.806301044090034,53.303288493907665,68.28094326513039,992.2286736476135,22.81643948302019
17.524314194903827,4.3765082258194425,74.99605596800055,1036.0799802398694,44.98783394142896
18.986360579667284,95.73144374079361,43.585889281716305,1011.604562823297,26.764686933321865
23.142112851716412,92.8177660285043,68.22512930891017,985.5470922500256,26.457235934527443
35.91221349738251,68.24047106754465,82.08452544053152,1003.8249564700202,26.062562492986466
35.98267168445176,9.901164968154996,47.80423512608898,1016.098793370594,26.64703102777729
23.97942923598326,20.78338967494382,62.028307194648946,1001.1693914880022,40.23013032842501
26.157644965696797,18.390953587558524,31.7306618937856,1021.9522656651098,29.731720216319797
1.5005243887070585,51.957848510121885,21.891744085614427,1032.9229988244772,31.837716151172653
15.214835077916284,20.780387450198557,98.50943798486637,1026.3135274629278,42.760465534998666
17.300853711530472,69.58005615441982,43.9784680429096,1018.5594812058382,27.66906874324161
27.93636343628797,54.5229885969389,42.31216405774573,1010.7294488846999,27.147174216539845
27.914988368565226,1.7658177042655487,97.85961065384701,995.2678091472748,40.87800471084134
35.494989886393654,74.40572370356516,78.25868190104933,1007.296769899846,28.58067894330627
35.851364810904045,18.88287366539485,66.82383103523865,997.5771744282906,28.28362793801155
11.76053621060415,82.48851196806768,75.94587160746855,1036.0414028653836,37.75298967858452
38.50935755524124,35.504543712297895,76.79412533563222,1034.4386694191996,30.18575225150496
0.9801784023141025,33.86196799816364,81.0668704234386,989.3495829982148,41.03078186133705
35.808094230336025,1.1817335778210536,25.375138513593598,1029.357213271653,26.16133536599156
5.103055175971155,98.77289829230172,53.02651358263104,1022.1748818053444,28.571853212086733
36.48241042106095,61.20043391718638,43.610425426641314,1038.5127032336363,25.790444356493936
26.355904528420215,42.273016618599065,25.645571081360437,1007.7983941160107,29.293676441158308
21.862725034154607,9.662140446133904,53.0079197477143,1023.330462284863,33.46379799709319
34.53331948807145,69.91480641510168,69.29387883305174,1011.0730352077026,22.474688685034895
1.8185416873616356,28.273046999193884,34.2798143979535,984.1640298015413,33.1110417567707
11.173516283778916,98.8280818375529,44.4021395110283,982.805884984206,26.476717709567247
30.8220071233827,95.05473591493231,71.13366575337233,987.3266865727871,22.71020193165979
42.3607703315409,73.52966788027886,66.34597260457707,997.771463831145,22.789932212813092
19.05538184725585,97.1071930282969,89.50283705385792,995.5467863487125,30.994446955204292
12.938073631677854,10.563386245376282,83.29847757203068,1023.699600122354,42.72453285785991
25.936821789449716,27.99153605365452,97.24888418288236,1022.9553640953275,34.84137636838166
31.115762619342068,25.324328879117907,67.77546480907017,1038.2836747909623,35.54517166244228
21.00515157028732,7.20126584593025,75.8773893129301,998.6234495265438,44.055221787890545
43.83553413298775,97.22265979714558,88.84050070515224,1036.3071250268356,30.206643003138968
26.17193544300067,5.997408664689385,87.19939558602144,1016.7710362092641,37.951876120824586
1.7911793785292507,85.66889039943297,77.49773136209875,1009.7185226594072,39.46075278747596
11.15269773530952,76.81614245768392,60.02049674991801,1020.0704826687929,34.767822017208346
22.532351545890727,37.58670874714595,41.85655105845831,1022.1653270951352,30.812837373401944
34.88627595084667,1.8807362629798985,90.17726031483248,990.3157417315545,37.94996439382935
10.987612189629441,0.6095904981869515,82.1324353789844,1025.1029302121156,46.25381259495957
48.812871985871055,20.399384069392323,87.03255615667834,1023.5103658680187,34.2314181512819
15.927912909404174,49.38765800337931,31.263145451776335,1039.8519370369268,28.07435409514062
26.62401034302942,45.79099781851513,45.18503025514197,1034.7168668403485,31.888863160265974
0.9483192365520587,58.52925765649275,53.99080303197209,1021.0796139010574,42.1221787666584
44.24453607154022,77.1959309660762,87.06815778404486,1022.7418227857992,29.908651131305646
39.44173267625917,37.73546148602057,91.43093381717244,1036.759138030075,38.193145627567134
9.772900214779634,16.036369550931738,42.7914171404229,1038.0306963790506,29.63326140858229
46.661834561992144,80.0048916828424,74.91433338126117,1029.6179118329076,26.35759589484973
15.791988189870231,33.26906813312108,26.225136492205074,1026.0436127304297,31.922893267890792
34.609314419005855,28.688189779335072,52.76586175750089,986.6819494018935,32.21815903969844
40.94881590082999,76.43120384292354,58.93352862015081,1029.819331488838,20.871772295522824
37.04572306185904,93.41394380831444,81.25062519192926,995.1917407073474,24.857894018232027
45.87913920149206,91.49612820107569,91.35777894696963,1013.8270577611528,28.50846361565526
43.213738017035425,13.744242585717858,46.982658865956495,1004.3223482262702,24.35629445836297
49.7305757045805,50.31581534692996,62.219111195352106,1000.7364380382345,24.8637839663545
9.130570628807277,9.28702837281734,71.79585778940194,998.6150000880236,41.762988895530206
15.238090061335003,96.09759589063998,46.294978315745176,1031.3256248394493,27.541780636088223
31.8112933715815,21.522788587683937,98.84305705392356,1026.1481672403106,40.11185095894257
36.652359294579185,19.742957476577473,90.06195036560197,1011.4069251445221,32.16092515956113
26.73025272778546,88.88856730064795,43.71222630932933,1019.8688296318674,22.44592764574594
3.696418244330746,96.7850555121965,60.63569847992387,1039.0716770206404,33.411610901541636
42.079761340019104,69.76322592952566,38.46724905977955,1003.8521081466765,17.383331431429426
48.0437178010636,12.100503369922489,61.16031351226678,1013.0660363605745,32.2449674837393
20.275842191319736,48.585561054067384,74.66658758586279,1012.0114227544691,32.84260641787601
11.240624084942302,81.66050940616037,26.841687423439026,1036.1583425091042,30.31017059772189
0.9656877481043769,57.247718370824515,89.60937638458174,1001.0937450566515,39.56229327646458
11.864951804679263,13.259485472833465,67.49966947572668,1039.1752850130647,42.87561365136143
34.995938741921115,17.18877495032278,99.16823188616013,998.2818568143911,32.53666677826254
45.57946938363652,86.4141675834805,22.047320579960257,986.534422119442,19.688375159077395
4.675653321588291,52.70291636874834,86.51986808785857,991.4824127145233,44.28003984943783
27.662959358096494,70.58367737667123,83.3570438603638,1005.5732805118531,30.340016119827908
34.77656242559162,37.30625262330648,30.628200963202588,1018.9853569899949,23.073421398040754
13.81904105531343,53.24855829188415,46.82445080667254,1011.0095132014412,33.886697276747626
28.4948519585151,97.71031403876917,90.78369624353383,1002.5766905944666,25.51128259157671
35.76242130028864,32.97030369681381,61.47634360578034,1013.7219959424066,30.314390960329966
41.88596215676884,67.47885275082744,52.10251899737912,1030.3283765788801,21.425506154317556
22.624992540999045,17.250555719522975,92.43971458006735,1030.3358616583089,39.937190740090344
37.39286094594803,12.17398852603333,27.467561958164914,1023.5736732909338,24.96480430993467
15.089148586992485,78.36401112590298,57.84982263218051,1037.1469074946006,29.402159957349696
10.652337338607932,84.41082099871656,72.18992783802818,1015.4122800462703,39.35433394804935
9.36568730453337,66.83116953494155,68.683315121201,980.4594582592454,37.500493738521804
17.94363659128631,15.819583754447509,41.14211635271132,997.4557779687294,29.4557947129342
1.793984089442452,24.05879656425386,65.06503236274692,999.6933622694061,38.92210700223981
14.149591883262486,91.11757080951116,76.68494114287853,1012.8395646382021,35.715244906270705
32.61114122216141,28.87040487997563,66.79083258613588,1034.293368283249,35.6801699303529
32.39595235800684,81.88605161971175,74.75697807818578,1030.2868978125857,24.496645711647815
3.677690324574562,28.59372889104016,40.48629915110324,993.9303791184984,38.824687014632985
14.370780854031008,93.94625693234346,86.6279160217426,1011.1634141566442,35.04668308534969
28.477883233896083,91.4452912837003,55.97516295879758,1019.5489181257377,20.014348812598726
15.927606875155142,4.326317362878795,98.9779075283655,1039.2506924378688,43.951193023997845
20.899401209443674,77.04139868674086,21.862825653355003,981.8781691616185,23.274537050676926
35.6405378557882,16.946176023440707,50.42522969981147,1007.8326390062192,30.219133692117616
0.4633414728315022,21.52716259063815,34.43800418440887,1039.2865192404631,34.43796394959726
13.819677204421527,45.98452123314758,64.44876215952428,1038.6323478216857,34.14655948316702
7.118612189250833,57.63181497494501,39.456407549889015,999.8435910558577,30.88773658338551
6.3804591382245865,32.5799718970492,78.99823572539854,980.001004175476,39.410593361167756
47.952010822362354,57.53833655542092,90.5492689870015,1015.20407509714,26.93004260598378
18.828016578120888,17.06583713411366,36.87074828656887,1032.0163310475734,33.15805144434572
26.35442924548199,2.2337654381037075,32.85420946414387,999.4578334506733,32.45649261651133
36.69109435348163,57.122438836176315,90.02857485827829,1036.0561978900262,37.568515170423886
2.3723737430025094,51.741525996231886,48.90175320708045,999.9621462266758,38.801307443711345
12.051131927884917,68.9653964075925,54.7666907967224,1016.6120791983542,36.72595615287998
41.607389367185625,64.98220619678246,37.677560195482855,1023.3227643908981,20.435384832235407
43.099530658894054,89.74863802339554,54.02518944409177,1000.7249458697218,17.941784883271644
18.6475460320401,45.94686201615459,38.50400584623976,1001.1323847211568,32.75357438677361
18.743079982588412,0.8369474692942025,73.27419525073448,1008.1996897810264,40.139871521870475
37.8448438554441,63.0652681596854,59.91011299840697,1030.1134056862745,28.859758491273382
14.753511337493459,67.51324296032183,83.04483567703272,986.0510460537337,33.09346790159423
5.854704056999904,52.149498939596974,45.018249285383554,1017.8887631239274,36.824882840529334
12.876772512029172,68.93048702412156,60.44760123672302,1020.6408757585556,32.93812878542898
19.367236581788745,32.35838132361527,40.761865838170756,1013.4723655993482,30.69501512740962
2.6102354797549134,14.880830319107918,94.75791441973053,1036.1503032425373,46.30527225502303
23.93401271000874,66.45536639564065,61.75485342328825,1016.1194430160729,31.971176672991646
37.00037563863892,24.518642921552868,33.876999705435445,1018.0746050646222,28.953489022393967
25.68725722402308,45.631590928420486,41.82125273680232,1015.9856016748904,27.96432121080661
3.594767025725348,49.16227306116486,26.632157129924813,1023.32112649569,34.23951817083842
22.007481567297926,47.71995504683885,22.225279647818674,988.1245649392337,27.484492454083746
35.44523040214164,59.844914367995585,62.073746085653674,1033.6565794114583,30.321143523730047
2.9048326995094964,2.9453708925858857,46.96983380204842,982.5495393751432,43.23122453854815
2.9923594863444256,98.96824949300881,97.10187642082451,1018.4446376032389,44.313305581802375
18.530070159049135,71.63104739385713,33.70651170891874,1016.9288559321865,26.01691692831205
9.748198206185455,42.53877817987627,83.51301221895562,992.4872676455992,44.31838960489262
46.73903956542102,19.13300302902443,45.27771537543222,982.4426584210482,25.59672142739107
29.06718018698716,8.01773224433563,37.88299088469642,988.3301238228865,27.382720212397384
14.366269970294809,67.21904206261219,97.57094552010459,996.3003232970733,36.31840963846568
35.23883645574754,31.695561495855827,84.20612789966125,1032.9263414335426,35.68611928795884
18.746452567966443,22.9478458249868,70.44967131562653,1031.3440642507994,40.186893765247774
6.605782218950501,37.99543871123334,75.76968297790017,983.8313344559631,36.951997028812315
11.86161149217902,59.29230878077101,99.31051798804718,997.3560804818411,37.8043322122584
32.137364222968785,67.17052166840011,67.45659270599094,1033.3589745949432,27.56805699349012
2.593805299849583,64.51700693545301,28.152036064556807,994.1995417066772,29.026849894622693
13.634452002403187,86.32655834919736,25.189290136110507,1039.7579182292532,20.950305478618482
10.415573882108731,21.875743107011523,73.32854219790988,995.4104117472384,33.67730195040756
10.0567555338266,63.67461631971355,72.60809151401186,1024.34679540026,35.588239996492526
34.13812059879856,10.11143761860941,79.85390343824709,1005.0235504142836,36.32221445140133
41.29084583771822,54.793468989917784,28.7022984186091,988.1746731226715,22.9089943952135
35.793330403212934,58.395840248967126,95.59218198041374,995.3092767997282,28.320427465272694
32.28639079002561,21.623729893417366,64.09267311285159,1020.507084537287,28.87973507914597
45.8225885908932,39.16931299912368,71.96444168169722,1000.223384122187,26.291640248204928
2.9196190212148423,82.71928895838025,22.78819067025042,1016.2476932360287,29.345395221721382
8.374154298812037,14.840905375296343,96.87793716124591,992.3318625661376,48.148335799526784
20.720342783526608,43.45061976158402,65.00734789951589,1006.9148583309681,36.22140074790102
18.622582175193386,93.2733071211452,65.06904903957029,1010.7347468170535,28.69746241416289
20.902580148151124,50.41089276996009,95.48442529843038,1004.7670737988594,38.9266078631537
10.322745252135302,72.5133711833287,94.3480142546934,991.8750818810356,35.85092536446075
7.475165779011417,82.6866039555551,37.62388734537933,1007.6932114764043,30.249274469025515
25.459662372896403,20.377437484549244,94.48790575247435,1021.5740336323419,39.48175419609351
46.40262620343968,21.82172355329324,78.92970315040492,1037.8943397695516,35.44728892107451
19.59847311749585,75.85914560983835,21.512058186513396,1027.371297228677,26.529443427794334
2.167660705976404,75.33067381764009,39.18745189906707,989.6882288911428,29.91616163111788
35.30836714447623,6.018332063961907,53.03841163771571,996.3621109882124,29.146996138244496
14.555245276358747,32.249824069496434,66.62579644046038,984.729433727201,35.8376275520714
12.254750365244604,39.8532491908438,76.10637843909512,988.1389714556046,33.563588152989375
16.212900034898105,82.90404034711537,36.81683151655194,995.0409778921069,26.319009105703586
36.190776195393816,42.186225542973744,86.93604114189512,991.9716419778932,32.113005968981525
40.940969343515206,92.59288904032438,87.65722591113237,992.8189550459982,27.60296391740194
29.402803366948184,99.66077771406401,70.79990554084618,993.8462135863573,28.286367377809764
16.12393768597758,78.07261656943496,93.68751284125587,998.0407217470167,36.40624762655606
15.523911655863909,66.63866895672574,85.03859415177503,987.5351641176055,31.035473952767937
6.215417495273151,39.18971659871227,37.72989274348327,996.6700990290977,30.886149390208065
46.665052411759724,6.703944605203338,83.89414930482884,1021.3047096369233,31.264991633616283
31.906969948440977,57.31387563961305,96.2561663002484,994.1840599895274,35.715501942238866
1.3487309927932012,36.170490554399095,31.008515761474477,990.3103056591613,37.0313870373505
33.11835475933403,35.089807583234354,98.29583078328233,984.0617397310676,34.972807406705755
22.357671209675395,68.77092527094356,21.99942374160722,1009.9982891718223,31.734676683981174
48.62789815234597,46.36393585966358,61.773379581901786,1030.5189636723367,30.07632593425892
40.95344124032035,75.20938447714501,81.91145111827873,983.5409986558245,30.610325014603404
8.565787691639908,39.817322268537914,83.23504820370034,1012.5395616342889,43.02655439267296
36.005555943743325,15.086338548656265,78.77380553170143,1019.0371349253498,36.00213815179873
24.27830019176317,46.13475261902465,62.34810982025295,1015.5476994067307,33.66293325007436
9.35225818349641,95.10125143253633,72.07714576563163,1032.657392213951,28.47382972573381
34.936995366497456,80.15246291165583,75.9945748522491,1031.9837348125138,25.1286629525887
27.36937893471227,20.574925507336673,59.56313793711165,983.4384555517075,32.40852321020776
1.5186939385785247,39.130050164494264,67.654798010771,1001.6566381534212,40.936356752893815
32.3293975264413,92.77920952205378,87.70944427660585,1020.2497898298652,28.951302659422634
31.749354493122034,12.36990587265665,45.030321691666174,1037.146679329552,32.29251524877168
7.204258052573131,25.395024186493597,61.856506157490585,1028.2810877871832,33.57341619571803
17.449386349834644,26.222264587189635,20.67837768204063,990.5953586320292,31.31361436973532
29.294948537551996,57.09328756619835,74.99491198214345,996.752530264838,31.612886752168833
6.939150705336495,41.073331971132276,35.63083716918734,1025.8156318174242,33.8495099267375
42.636168891737825,7.9870673996299875,58.480100297101515,1008.2884908363606,32.87016355738887
1.3743023143851896,62.91814545770856,36.81641730243675,1012.8381465213292,30.67852013559701
5.141870748467747,9.90778645201502,21.882697166279385,1016.5387892105424,35.109155931526956
5.805345992744204,60.64149319790781,58.65764413584132,986.1974910635444,36.31009855822851
26.405356298752757,50.70083802260258,53.98668852885656,1031.3577220059954,27.914433101733383
31.005700608431262,49.36686607253126,54.01196108195045,1031.7880663626036,23.22912676551566
20.187039825074326,6.749624529922982,36.70449279430962,1008.094366647702,30.2173665205497
14.43334138340831,63.92204468835359,95.77636717985433,1017.6107131100398,38.542300693589425
40.46586878127787,43.132025858933076,20.28057214485556,1019.5942472015294,20.973948314493637
3.4142991863210073,41.110612228568655,91.32363599978709,991.383355083793,43.076063375390625
14.014593056639585,59.645139641853675,78.95215385115857,986.7550897079767,34.17120245828569
1.9557789401985382,60.62480599465474,33.765762682661716,981.240376784225,28.84366615889934
0.6945067483134004,1.503329576198853,57.77535890428436,1034.772909606656,44.154101820285646
17.668994346610063,12.522590120320665,99.1080065206618,1000.7427973366815,42.56853062535864
9.7411831222466,23.651822084472062,71.49585895874458,985.1498561006601,41.793343468988695
13.418292741912314,67.79773333459791,30.1901379054934,1007.9479987098783,26.379165155204728
41.04735787274841,57.67411270296074,56.61137910851455,984.5375068007705,18.778282397636044
8.149004812461069,75.76291323847538,57.45624772582499,985.1150451684173,25.22636535930589
39.01166835759005,74.0607805543857,84.18106663064867,1009.3331207422715,27.239836203283907
33.752531157318174,85.31828692061507,93.29303462609244,1010.5301995829981,30.670698632670256
16.322276257041636,37.68148612724139,26.579323463098767,1014.8085851196746,29.661301166136187
27.327807258814392,34.506386618330275,45.12298295622658,1019.3786888005161,28.551589023003217
22.22178048872694,83.10154030534632,43.875050150809194,1020.0960422107471,21.972342950209317
6.419765774883269,23.760153386718454,99.68384999352146,1005.9798012530911,39.842141838831566
45.359266086708786,46.117237367360694,64.73816933531197,1018.6119835122425,27.70528585077674
28.480898379288007,19.43256520222497,90.38651968959876,998.2843853728709,37.093335937519875
44.012002289772745,91.38407421392137,54.08262795558591,1006.4784914693083,19.549400970119915
41.19132559066451,40.78030130966253,77.81785203271491,1003.5996229119369,25.423989590229013
3.9887962654711617,21.248689823082834,42.926851384331684,999.7466000731182,34.95368204743245
10.363533300922622,69.2013390568912,92.94288187913867,994.3142495366579,38.67383642516727
7.2630557187415405,24.464467821047865,56.411699278922704,984.7075400324524,39.124390055155374
41.53897663934594,94.35036031702234,84.29803978528697,1010.3546286671417,25.202349121404378
43.12233132276012,36.76170148094114,40.46535066740518,1012.2372911723537,28.579427157122876
26.398575490418295,66.4640712101837,75.48834735375033,1000.1693026461234,29.774176700272257
5.208903625400346,34.524493115741336,52.412672352002865,1038.5506317821269,42.218408853778136
6.78083092715081,80.72455829934736,22.515153837963766,1013.4176726183875,28.929521703858335
40.67744062191337,89.69227410227758,53.04066030072508,1033.3406311349142,22.514852397867678
46.45950682646651,78.79183594147861,64.00173134043364,1014.2051185712971,25.60489457984137
9.973784255532836,84.849901872752,32.140929113054014,991.3949511782997,26.0395308841365
0.556878823608653,10.188082793763598,34.713048415409204,1038.4773523761153,38.54302200584985
16.547645257538896,92.40646770330663,57.189023865852555,1033.1201006269428,26.10519054669883
1.5249694823940674,62.430072887528034,47.418376994672535,1008.2764207062604,38.12342439437127
41.398745803901896,86.92175321661996,55.25924304026901,994.5834735084388,22.81527318708195
24.575612861312578,68.44367641854154,56.866159145817825,993.360176975891,32.213455966856415
32.09303893815099,20.184766854371038,31.20608349622045,1028.3612256299755,28.956338879590305
20.57424380682711,60.95551016456765,34.49556602160918,984.1471166870756,30.63857972405194
17.275377350624094,9.094623972314098,87.85323147835955,1018.283622884813,39.94971420419221
11.110020653804241,69.57230302181586,33.017495144838726,1018.4080954125101,32.732268652564606
38.52662735190728,40.900114108057274,73.27314664066087,990.9472728635485,28.70847305463127
34.77737922077647,15.173317310020895,53.48224374142337,1022.2947421060798,31.265281715150806
18.036449224804308,97.9229815868414,97.45893487757127,1022.3243773517288,36.787161392525874
16.055806714959147,90.10844242106812,25.288348951059003,1001.001852046483,31.70922685583753
0.06214393243395011,89.35437134032537,86.43110928246095,1009.0025547630195,41.39079579499996
3.177606502273622,78.88203063522529,59.315938488209724,1029.9658130689397,38.138260425263354
31.16277624463174,69.19811251435176,20.428189669135087,1011.3891964080348,20.12723439010142
25.730365511773083,65.50794802922452,41.0928175151643,1017.0894260590985,27.446800664881
21.740160224251127,10.609383770385527,52.61574820394156,1004.7661790291767,34.857097564856275
41.375112040082925,90.05662353184542,45.13558027591401,988.9759453498941,24.094658386836436
25.19491022014233,88.11283963046104,48.995957121114664,1039.8839978980454,26.079513911425547
19.224679070365998,74.78526265248534,93.3337527309744,1011.8921912169565,39.71760230467504
8.062817376249248,92.73149590751225,48.87472259138622,1000.1867876852307,26.47800921862838
41.03440041073096,55.3083451397992,53.506350352218625,1022.8272395595881,29.57767468197487
28.81241250605939,44.76423347175553,80.89052428624902,1017.2493059996901,31.514215124383213
4.622998296137864,96.79474021662787,83.50668525987001,993.9744968179614,38.640771687097995
32.444919899853794,46.413118779765604,26.727172142935565,1032.6155299638533,22.433607185377078
21.2535372744205,64.13244410671577,76.32560276536034,984.2541762152742,34.939660118103816
40.56931117939979,37.3062146858439,58.60575629414206,1016.3418951101542,25.068525042368176
45.94572984979981,63.63262260197279,30.70831145901243,1008.6733094887,22.482174517758466
30.0232906588123,72.00989956256876,41.176845115750744,999.0919048271193,27.226124107815814
36.58064096566832,62.46555252885504,23.602839784521493,1029.5828076956145,19.84927230620802
2.8295423801082853,51.45629412161977,48.818975104946816,1019.3766244573558,38.19014015566321
28.012772750057863,30.011079762523284,40.43251522672193,1025.5699698126546,32.753634823959075
37.766998917773705,64.38456761362234,50.56827179040141,1004.8795245586713,21.8843176621683
24.838107473905186,90.84288952613629,66.42724380246054,1036.5438998783907,25.79723484037631
29.67750447521686,0.6912591169667359,78.5871641629296,1000.68340536314,34.35545128453387
44.947409279052216,13.392902742969037,68.42815892476239,1011.8626954673388,26.778956588921773
9.904978601559971,11.97731584998557,74.27018418079567,1036.0190067086935,39.2034040577859
4.912325377595595,92.3205302892854,89.25112964950347,984.9913374731366,39.896110182140994
34.53218065697505,66.27476889626148,89.90595547692087,986.5286262300175,32.6428842232118
41.1424452761222,95.17881064701506,88.85754786873392,1039.651265979408,21.913036290785247
42.52450942912817,58.28132732124283,32.25351323836213,1038.2834694173396,20.22770985701962
32.08222485456101,46.17328971592537,40.08553068749163,1026.302096350228,23.563365335997613
41.66067090854017,79.23429118143625,60.186024394205766,1009.0512965642699,26.111889789237132
35.03321028616451,16.094226747522455,48.69914352128216,1010.3636509181866,28.78382157739621
4.368845795339538,38.13381163173214,30.533517462397057,995.4327724122461,29.471365897367754
38.10217539424941,46.627424053422374,43.02001876845211,1005.9638621681195,25.729380238324886
8.967984477516483,29.84583945121182,98.03430093325113,1005.8809626719799,45.70726142944524
11.830467129548639,37.128561240847844,47.754140439722896,982.1654011356043,31.42333752600584
19.73253134993324,7.810518692441826,53.513125463676914,1007.1894924820201,35.415199644923526
15.728353316316845,19.798358944955798,20.512113748583758,1008.787664511048,28.587042009197155
16.0825869151456,33.54967203309284,77.55319038321589,1019.9469904537917,42.3243172650616
8.462976210202289,79.58904332331343,53.08400524363038,1010.9871748032607,31.130472676601944
14.693552355477218,18.24973548428639,28.251205031612887,1031.700975942512,31.213146426733164
0.9831294987940886,34.664037398422465,97.48453906437375,1002.0537095145094,45.48843597891834
23.6455473344163,6.492028819693518,82.19465700680695,1004.5830554723361,38.7953445882728
38.42954793849034,55.710434482660595,78.09200715461814,1014.2889508193645,31.70515244136486
43.112368461241985,61.12508881409278,96.62978678733356,992.1633634706768,33.67965754551836
41.02142794797192,86.5516463462167,52.598406761371024,1003.6098851349332,25.41123545095857
20.82288594975566,81.91159985019641,77.48268322339587,1021.1700483051997,31.202055597889608
36.52132405819281,28.53779546838805,36.49663179083609,1004.7085243564883,27.413829390901494
14.394538704760624,13.695368918985974,75.7696437961696,1034.3969906005975,45.57098760898195
2.778123635880897,15.608318221040374,21.126327375008227,1016.9180312564266,40.434037243636475
33.79857626956333,96.89639430404445,30.104430435249128,989.2260649952818,16.583255089838957
32.4398082368203,67.32258140073574,54.02071348822788,1009.2466604593617,28.34057527123178
40.08146977314378,4.257078780323931,20.967415584480655,1025.886724735746,27.222314740726972
30.805310335143993,13.677925504509458,56.95726843603354,1018.6007099183921,35.82538144611283
7.84458124869582,48.58000651009557,61.823339925200315,1033.1158144203273,41.19529495508165
42.658119602509906,20.78288042931198,69.72852780696655,1024.998973791357,27.70060669530534
31.362639400935038,80.36589850000189,28.03093415948931,983.6968263565932,19.101160065670832
40.3804849517502,57.32171175693649,34.480953050176986,986.7507589542893,24.523667744316402
38.70535601880204,61.26322077892984,69.06266965737561,1018.9849219262659,28.18526226814802
14.89322436125442,46.28255480492118,72.65501699701115,994.3044775107163,29.746395688230105
3.7276487426026184,25.60627754263155,22.0720182568221,1015.2700941583543,29.678434918209064
8.825220454479243,58.94036132025465,63.22938896920306,1027.5330555256387,38.22118661142093
4.643116715662537,71.69700461607317,82.7985385599066,1014.6158952684232,41.406795980763334
12.17062160400682,37.09480776301669,25.528070222831527,1004.9293142003773,27.25866644708777
22.976613651299648,50.49436306178353,53.05382921972158,1018.7762186667632,34.428681041108774
45.340530249064145,83.96839704720333,46.120901842408145,988.6171666564779,18.840037836776247
43.60093779603173,14.868176182246028,93.09325002816134,1023.3924797301969,31.53731575242991
35.9299907547864,54.522441927410036,34.86419145651642,1021.8215068227213,22.493929765609394
1.205617977391299,34.841266182922816,45.46883305155841,1010.8642018971374,34.26356730602043
17.069460066027673,70.27947582172305,91.87557959930425,996.7288097007903,34.45939458178764
34.11742132422599,1.8810243162394658,46.45226448479782,1027.853827197785,26.23489347511776
6.4514448419534185,67.04732998031886,62.50779524684755,1010.633018193681,35.46716435328849
40.05439250079543,10.28977340161874,22.64282697847035,983.5506143515681,26.52349730718541
45.72868399937968,6.4767752993658,98.79219489400289,1035.1167531104395,31.85260666418266
17.705222331891274,72.46233009586129,85.99573662969516,1026.0629861892135,35.65388132095387
35.29215309319167,64.03421529040735,70.75207557973411,1015.0883088609609,26.249553972651835
7.410206633435667,89.49359308926587,24.860421847198424,1006.2095310369741,29.427235104954672
34.54082245565135,51.96549558006451,25.989596909822453,1037.5939818825013,16.88830160552483
1.0727706143521643,53.00244255271671,63.597890463255176,1026.501234455924,41.323299363176424
7.538575340555048,70.70178355765505,42.80515489627474,1012.0995840372102,26.617744164894333
35.494072330433504,32.339757635325114,69.82315580025386,1019.1892337110331,31.085239542925997
35.59251114381531,3.6912455421932555,67.85539854782179,996.845024103788,31.68157801743701
32.058135292258854,23.004582571905786,87.09211186234383,991.7429565649331,34.63866828535542
23.86820121921016,23.80134118963666,42.51016485701139,996.3991728382447,26.915741430257583
33.74540455859725,33.565885027819384,66.2290819592794,997.5881659569636,36.126328664211414
38.69003991443941,94.34627330404629,82.18906550710088,1024.3843070383227,22.654717429264124
48.32408295183719,80.4842798663148,59.2618389057861,988.403662443154,17.228735394621186
44.43205157743025,93.59562452051921,86.45149319511556,1026.6552321030608,30.936112451304105
39.72671012830623,99.86095901130004,30.502096125901836,1011.4037188016728,18.607384763523847
34.73787583571865,43.37790040870445,78.71182121177146,1003.0743862626081,28.086338545050047
28.70777727161836,22.707331668030463,95.43856732167828,998.0237665756213,37.74683105376407
6.0304411675958125,56.00041612552491,46.55066567948529,1010.7920362728053,33.82207820669027
8.277842104919648,88.11344139481187,49.306915392957194,999.0511077578029,25.759410180418666
41.01397803354497,46.57318610145782,26.683974175268375,1005.7671195457392,19.62163871494108
40.165645610361025,50.53993025722535,71.31942236597695,1024.340917380941,28.741902858058616
30.72294629866815,13.443910592782672,64.19605805078962,1017.5599103811891,37.95858568387617
21.94200663580767,42.045549256776106,23.227660698589425,1024.878942588391,27.368081510458236
1.3016324911802823,38.699480980857814,80.17696215770493,1022.7784213785874,42.6207392829456
16.358847126427197,35.16885028654496,86.342759659602,1028.9043495993753,37.39946176146455
21.031982878265893,88.72986699241999,92.56956833126033,992.1013975824028,36.57255398224005
24.290814308671028,5.930143321233294,63.65872689365137,1039.707379968398,39.909663263193885
46.46622992806046,97.21471828973469,56.20640279214059,1008.546226992294,22.048548470219913
5.4354699900071415,0.8246825273136027,90.09097236256619,1023.0939762848523,47.337932725557216
25.94334598898852,94.5594013949809,51.89574552545112,1020.6650097800793,20.90299740251358
18.396114847913985,54.804750283854354,72.43545001876494,1013.9690050770217,38.14539781812465
49.50490596080258,70.24452444001157,69.22898051207412,1039.748973116352,24.215391550709576
43.09320081414526,18.713284969512323,49.77288798548095,993.0389509782132,26.341648911732563
21.939292711946045,65.4211539016607,26.95119500528385,1005.3037320367417,27.110227873455422
49.98478046773802,88.19576685277326,21.713243093654853,987.6638335535259,14.607821421004061
25.70316232357482,13.94801398336516,54.25901924283097,990.910128318953,30.383711376709044
8.355889829570035,12.708161227328995,58.496125985868545,1022.777843814606,39.22999911811035
27.793734591335728,30.397790914947276,85.81426145519136,980.2905607257968,30.1277725866522
11.31028829018233,16.172589247539815,53.15293199291769,1033.389239082179,38.628459072569434
31.8156420038126,11.06458480933471,42.49278997867754,1017.9910689961191,34.81297209655018
46.87200874419628,67.83190359852918,56.96771744601226,1006.4543032229798,17.182605285844204
39.309928841751415,21.38266139124908,39.039238433921696,999.8816664348155,27.048158511568662
13.65818452095276,66.70148994019863,27.308848889196522,987.576442915995,29.82568744277726
14.842931248300356,86.19292271158163,29.04344269488858,1035.2937551872326,29.17929081350307
3.464410154515601,65.20247914130005,45.53235679175421,1022.7393395021156,32.226500065858126
14.293391782313869,11.936706991540092,21.014113404679257,1000.1835799355624,29.107408186569952
4.631239983890861,57.357757404744504,37.61626293449905,984.2561707664372,31.181259224494283
24.97243596628214,39.362868421155085,83.00185127458832,999.540969892461,39.32569254691567
35.41735397491288,34.33709367224947,38.76937539442487,991.078057688545,21.189384967263926
37.559058074957925,31.853146862983216,28.85836088316127,1027.1763987938725,21.51134901441051
2.976461612408954,92.94322238196455,95.92644479956313,1023.1759210853816,38.02891596614561
16.997794911910102,74.25074566777278,69.79760930812955,1009.8896376393755,29.95600745492022
14.408588327371685,13.3848789580295,24.80207595485327,1033.1504661854606,33.33723811668063
5.21501614936673,47.60054797324638,24.979517319592226,990.840841288345,36.22276259985734
18.123565546600283,31.822307525391956,68.96977005593357,1007.1179351260097,32.997068453966214
14.966005456961806,97.79383125459582,63.21030416519293,1022.6372182378473,29.96600669749446
31.724961466963837,97.80289729531695,25.469981791438787,984.0681409831208,18.91932901055596
44.165133186685644,31.953447433303495,37.945237997866826,1002.3606416536827,23.03035508771375
22.74208604366079,35.21131161454547,94.32343315884707,1014.2998881309309,34.095480833649226
37.33325863834093,59.94142071365456,65.76086483848138,1002.0082123242214,25.53669774285823
7.300518355533714,47.93070143275001,55.22603185182642,1008.8119393563651,34.31240886031676
44.74831893219323,21.310087215844142,40.012432953629286,1016.4871009620243,27.41661442795523
7.629736910754614,66.04121669886113,30.69584338414968,1002.1034368507751,31.752140394620973
9.605059029969464,33.41286438752385,52.21053472885448,986.3608613553481,31.42030604009952
5.3231901793838245,65.37164983321676,93.78932474650404,988.366669840528,39.280200997599
15.483975076026823,38.36815223277997,23.896911654203336,1011.6202381732518,28.57416814095822
27.620522335776304,70.02098938562716,99.27830527542933,990.4844015379139,40.01726403392881
49.399705570316335,66.77994708896506,36.625017616160626,1033.390020328634,20.280586209910236
39.66840173287719,50.881275592100074,52.701388831920745,1030.0511411074297,23.025267810771933
19.0217901445991,70.47399907108309,23.604104653257405,1000.9419241403609,23.215123462502834
28.792302895178523,46.09656762320152,66.7825762486425,1029.8592303196958,30.971587215230418
31.165401546960386,11.61382996501229,58.68442123207933,1011.9912698204657,34.3585878468065
41.13636106236736,18.210625333735464,73.3365627787824,989.5430557161765,32.82413751754385
36.82258927099002,24.599313416561287,63.414250183317804,1016.8527112724794,31.68393155806846
28.464556348557018,6.322892822569659,51.85422277176552,1020.7670670329844,33.132522832691656
33.45915135198283,71.13812206306702,79.02053582493366,985.0334947082096,28.734191683431664
37.295880548144986,36.739022683161835,22.00169022295662,998.8671854253223,22.768023129947903
6.657202956670217,9.35232963269973,63.282321669967615,980.3230392567151,35.55768549350075
10.022773065268996,81.99581207255802,29.110096306320745,998.9857282013676,27.69594101820792
34.42921444537584,68.36542844635748,54.880666646866665,1000.126719975155,24.077565050901484
42.521278099381604,45.22242371277009,83.29002534864131,1017.8125176067451,25.352637690985414
20.46311413498839,24.74253350927342,31.396859700832014,991.9425967789499,37.928841033389396
48.9945161235603,15.174589379284676,94.86482790179882,981.8054592036675,33.32393041230797
10.803586633668644,45.8374191755062,91.08037539131236,998.9380720095969,40.59530961607247
20.834964102171945,88.52457430105623,53.192405669335876,1029.5371727755355,27.093273673366518
18.92615217316266,18.839532327196995,20.477987258074926,1003.9487123334695,32.51954082665819
46.514797036321454,56.86592289914879,83.17958613395888,1004.9056261900412,24.187118265462296
14.268925878626975,96.16859952222559,90.47166427298264,1008.1416537707961,33.63793212472423
23.539538902110777,63.71165747646129,33.97904738843461,1025.1073298485992,24.04946363893559
9.361691980766473,43.99647301558684,93.29537670532457,1008.8014935427143,43.86687004187841
26.06331192812219,71.63729729389084,93.12778218357568,985.476965152207,30.955759885196784
42.87020847317955,82.45779190187065,57.703268082735235,992.3839879759789,25.440311674690026
15.20197309452821,59.05162978868421,83.84278486382735,991.2738420195545,36.37831349992694
40.53960360814141,87.18323589929926,55.59583826175907,1010.4717991042602,24.73207733945788
45.5655791087813,51.45917593757376,65.12370127348943,981.7957679039135,26.528455875822544
3.647894485728181,83.00290022062566,45.587120784781064,997.0169965107658,35.301484182138005
37.82122681596255,95.20192404056952,32.75754762566596,1016.4316964625901,16.31017583617041
12.76717180752454,50.12434670235171,79.72292670512255,1001.279040531896,40.598303158753694
8.766383126831457,60.50017155853252,20.111427561530853,1022.4627295051293,23.93827067074173
30.0561196012518,60.9467542949835,66.36421517190252,1003.4732802114074,29.781966856480693
35.28013081143499,78.14348635982907,89.1748821102771,1038.7554517026667,28.855187674272454
19.73804928676069,82.29658401774228,37.70218294211604,1037.921377223499,22.78905764599983
1.9586853541095295,2.7229316206060727,46.63195654384019,1027.9904428678756,38.75413719566005
45.435226209839655,73.33595640903879,66.99886822915701,1037.2634316830906,22.648968185341587
36.537345842374755,78.38152446302377,39.749619722491204,992.2866944970598,21.159165602988473
13.583340334150733,70.0429439458237,87.79894858646264,1025.0553899477804,35.75710463654984
24.843192787236994,71.36956593230961,49.3282533690044,999.2995179991674,27.775391856550915
1.3896394983539007,4.140285918426945,66.5290975855909,1023.5176591365754,41.86832243245557
16.964139090297092,44.20386619489061,38.0896918079367,1002.433607697992,29.561924475568155
26.126761779255915,81.81796497217407,23.310906959278856,997.3652395846511,21.296917609468082
25.86118075581251,93.40071412951036,33.89602128109285,1037.5277057132996,24.022820333727402
10.409243900427057,22.946792057193477,23.695915008704258,992.5931265053503,35.27533925107787
38.83736830919454,57.919494035279506,57.48831196905754,1025.5141156763937,28.99135823379633
14.943107926332171,80.43302395505837,66.93099127344396,1020.4803297922733,33.37547248886307
29.020501158898632,75.24076428591857,23.574016614836218,998.2086585084838,23.300807935950456
13.57611127689874,61.88901169800791,27.238577723034627,1007.5005810495368,29.64966447411194
21.258393649338508,1.8691188262000225,58.84200214482807,988.5765857554597,35.82947553182121
10.375731262511511,72.38858401115658,83.93439457607809,1035.2725162622432,40.3857807396411
31.650389626601914,77.3242503278815,70.24073431325755,1038.0871880916459,26.06686871060154
21.279218007067534,72.2849506625635,28.376817608309555,1023.9477819050816,19.718781406059918
0.8058652243882136,76.58091614899567,91.00338190731958,1030.9652206299577,37.98549235621798
1.4082497008383044,43.09148926788603,93.39601878317974,984.9570458480791,47.92628234271131
23.556715923571108,99.3752145925391,45.99654622795687,1003.0381170773835,23.809408623922923
9.161293345267719,77.0786915872659,69.28142335050897,999.8486668929329,35.4953166966794
29.252102407237118,57.868000527998554,59.386172014776946,1013.8970939371442,28.54158685627782
20.409589088601066,93.41912697466239,95.36190149038578,991.001317680451,35.0845181395994
32.72099177698614,90.81983394580183,60.69988263589886,1013.8028792376199,25.434897050480334
47.619758703197576,81.4567065334265,96.79726509696513,1019.2619219345953,27.007453911238
26.43680673976268,56.36949189837664,35.94740404241649,987.9411855114357,28.164278109976053
39.36893017950498,52.71010191467135,47.642940615654396,987.9032425319266,23.16578288181159
37.65204981579686,32.87079319745207,82.507619207691,982.1254033905891,33.29219003257233
46.08955521619326,25.087797910394837,82.68885884746942,1025.6535469774487,30.79658842753848
10.70089336190031,51.23595169750865,78.57466191653641,999.8605122103282,37.86726759372739
41.36634853924704,57.77817617119738,88.76891717322434,993.5252273446881,27.282327446013735
45.27601892523434,24.452643145884558,76.20369383550496,1026.6856637027138,30.02833040906245
19.63814904737888,92.26012436534788,70.88681155777871,988.5953414053723,28.40374376028426
15.690809729948407,55.727399673431854,56.71400104620097,1005.6310056258383,36.469497919402485
47.60179548391439,52.650532538214655,57.36701946634615,1024.6872005311116,19.24099004000208
31.3816411069434,43.563838836614025,52.49291945633934,1014.4299390552305,31.799440158144474
19.033824262073416,5.807129571686054,69.61694397630563,1013.2400086095454,33.92370849077918
39.59138604658151,88.24013344598492,52.533114338639486,989.4478046429615,23.319140997912093
15.223695080785754,31.699422644302977,31.799545126927757,990.8559636700844,29.07680955113754
8.820379303493104,64.24603344682944,28.522369296691743,1014.9535276345845,31.9456756039696
27.198481789885275,60.74335589700354,93.95778201950223,981.4140116648396,33.8639903855077
28.31060224553017,58.44868253845268,21.97911260303065,1032.1470793378046,20.044699482040002
41.2873241133669,52.57122020115841,28.437380944452197,1001.0282480384585,25.45870846784254
22.8513677510215,18.14398334313281,55.624389971646934,1004.9969730210396,36.843728226115026
40.72932697526708,28.060574104796554,41.03410135235038,995.505940083956,27.289904872468465
15.566133967416922,52.41880712703001,52.467912032171675,1032.6002659557862,31.429361987849806
28.768410108889597,78.9342451596926,29.39579052751067,1018.5502443683542,25.429679758214945
10.42363894503579,43.19889706504186,30.472554947789916,1006.994508142104,28.15403715020091
19.27229754582982,20.392255304613084,84.05263269800923,1015.1185277395845,33.146412297760826
42.87698489164256,8.794442480542596,80.72869952802431,1002.8221757585235,28.476231121250486
10.799409671787751,66.30110034940242,28.34022925796915,1007.9349486970648,26.51383631718086
40.511973144963385,42.33399706211646,73.42323319192161,1001.4579316048571,27.131141308913122
14.14358289237031,12.537089262264189,68.74490586843866,1004.6404876526501,38.343231132843016
1.7244859839726845,67.44668799869838,77.06901781441837,998.8985926405658,37.84501022605351
5.496728502842313,20.757873085437318,57.95591236499793,984.6584646527613,37.45223544153539
37.293977266039406,50.90160483036771,41.598946202675265,982.2407766897901,17.997359484849973
13.103546325107413,30.618797507686047,73.09433354852223,990.4463722560644,39.09650393193074
32.70727961206361,93.16900644340004,49.70859412182576,995.0982646297239,22.175145622555245
34.95994513786165,22.82880662711656,37.51623208097284,1033.4283116353809,26.176106087141243
17.255923221734243,41.991852154202846,52.69032109754265,1016.6749192713863,37.79514824223665
23.745949360557013,95.94935968280058,81.06158684807632,1037.4978301774395,30.203977760646985
20.18835452279053,31.87251799383154,58.06345572289615,1000.3788116117378,34.38893163181739
47.3674498177267,64.45931630110002,43.98914107467377,1004.1042802280263,23.151840645682974
15.997443117579369,31.67270437063252,86.54948918590625,1023.1851936553915,35.750041351974225
9.166152111248039,11.0674979117249,90.53150041447478,1014.6741246580418,44.688781969781445
18.27964214377891,62.75472326842928,54.66003390181398,1011.6728048229259,33.79073977380389
33.47578538010061,91.60315352853404,49.975041658151575,1014.5338424938356,23.049895423619123
34.86813451807326,45.25646672340918,69.01591576151719,1015.0481187365876,26.497234951139657
46.20286576800034,62.617654269246714,24.63795568463304,1025.9444254522718,17.3845303695798
44.08772424379046,60.88984132566231,75.30585284540777,1020.0849216389006,27.68923489111675
14.416026020863775,41.50897026278759,82.58300843017975,1037.438854920924,33.079889859960154
22.75816244837982,61.48966387647305,51.79535418057373,1036.877781083386,26.212460641288793
37.3634494091717,25.931808441897218,33.96926800059171,1005.3153709806937,32.06009264056672
45.826864030101255,37.80379046030521,22.30547001126908,982.1433565707147,21.654020061098493
16.85825064284459,44.231885636237514,70.979647958968,980.6644869331236,39.96998485817939
22.222071708849793,86.40086835624805,41.51947253079278,987.3916042932726,28.007997721728277
44.97391352268044,34.833289483325494,57.11116696970274,984.4938439338857,27.202999848518836
17.924193657921133,63.51370481158264,50.90844173260247,1002.4019629382522,29.76843922329029
24.02564930958679,21.340383741889866,33.99078367579701,983.1724759330402,31.303975526119782
45.22520706090394,25.256972905392672,60.669493476856324,1017.494842168227,32.44695402866961
40.11216089949241,64.84288754599777,56.76748181925903,991.4104535597166,27.042011089137976
12.17154625049014,76.23099273666037,69.93180982958658,1010.8379191141753,34.67239762244875
16.23975327059667,46.211717652628145,40.15079956238294,986.1847269580242,30.476175519477174
17.647936372966953,33.50996967777665,37.17112638827246,1029.6637439496976,33.75853671997966
45.636923671552985,91.02715559322725,85.14760478051777,1026.797529691599,23.65817082824931
49.94668685522696,13.580781504904271,76.17537959712332,1003.1892332630837,31.383430629015017
38.700215107771996,72.0714237649347,81.77651613532507,1034.6355999515351,26.788116037516243
24.21631512467533,69.0170749747103,29.863184940402245,991.1420387711227,23.813953819152893
0.5086909033739484,69.02451627277941,37.92317146616141,1028.8362023127822,30.867024469240228
34.874402829897875,93.54204444235243,66.04252129629118,1012.7513260625983,23.76559029020805
19.468058224889234,72.81903009807922,88.57610774983264,999.7748040979244,32.84840879169995
31.64932351143027,30.15651894095841,91.3691714534776,985.0616560950565,40.711906065725174
30.33469817312144,35.34092242323092,86.55279698039419,990.2786675844651,32.21050393280554
24.041602828719366,39.111097319989426,23.47183568675419,1031.7717563213412,28.92712578564887
47.21936988631615,3.080867409810606,85.6703347724581,1016.4131645115029,30.604268841162117
1.1573172677670829,91.3510315408257,91.92729420168654,994.22573350379,39.071998575944434
35.60662422362941,7.3552603864803885,24.539927212212163,1009.7511726473339,28.06824543490481
20.4919934149773,69.97942820974717,53.302471502159044,986.4702001895145,23.765922861875133
35.68952252458056,73.01610048433118,62.92882586373614,985.9305495001156,21.69636359878884
33.760982376981595,84.37150506305396,38.62002983067997,1034.46587909823,19.792857263452774
0.5119001287997693,55.336225559552254,61.33485248296885,1007.4713773557745,34.49275220282004
14.266924758733563,72.5264423856537,90.87646303688517,1001.6940292370682,37.12488397992525
9.45457602518902,30.272292446595106,89.35540050766116,1036.9443095986555,43.74633484217067
8.349317647124616,74.55840109127901,95.18698250059848,1003.9400407164302,35.94699692005048
36.42383420605664,34.34157372618859,58.728783871563365,1000.1745276832148,29.564095810760616
11.97756745465623,90.2838478426696,52.84535562351361,996.3791702694706,28.700495886938477
23.736880749365042,16.33818077663828,73.26302552258826,1013.9037692448258,36.954218810104756
12.349449764283976,31.575731067395353,53.34084620808273,1013.5046355365427,34.26354173710079
29.011691171766497,49.87694515551306,23.35556768006862,980.9716505598177,25.63453649351183
36.0286884029984,77.58505571480978,77.59371617363641,1019.2437394374384,33.10160789322677
16.553736934908827,74.87991051030319,42.4787153026259,1027.2984261815873,31.526666334378397
30.151042414356098,21.071687432450346,23.92682498137524,1016.9578725458234,31.695872276608245
41.24273872068695,14.423569661179636,21.649686122152332,1032.1932882970423,20.607665752620772
4.711214258224583,30.396960429409823,94.50890148618545,996.5849816622006,42.36784722894405
35.53352995206356,48.375415167590255,40.16608069153351,991.5187641661246,26.79339438306847
16.157247221769012,53.90050448257506,55.83193540184509,1021.8366856291984,37.83918193272285
6.132497826247213,42.913759095527915,96.04611623190843,991.3135461320196,44.793384380719424
27.28271038071744,66.30901166480069,57.401358302458014,985.4662927625158,25.165143063802127
11.313115963386588,42.75589435972377,26.288745882104905,985.7969041123797,29.425753735118334
41.06808963345788,94.63290099387946,64.15488377973274,1026.103609593543,24.101801079169885
2.144795476553807,26.096884798153596,27.055892276325217,981.7242381000863,34.68576291577677
4.932644813544873,62.73721206700947,27.607030269882912,997.367402290352,28.678570562369956
26.049806299290847,61.137793866013176,88.11816590419679,987.7511845966446,32.913263971140545
29.44708920384784,28.157472188228404,43.15372346916716,1025.2946088079702,30.025768660278548
36.49433322613734,41.16876245140273,74.2936160089949,1010.209585134379,27.768293974622605
12.963036412609691,36.54736194399708,60.71394682629294,992.32954486986,39.103563020768725
42.08802041066459,17.24990600204893,37.78613529635314,1025.024653919076,25.238172181753097
47.65711698868916,47.729521263154396,61.42562389225661,1025.0219905482898,25.166467492949717
24.95196517974318,38.666225302184145,25.519482871980223,1011.381358824119,30.548495634310008
38.02656824849006,17.831736006715936,47.77698796717675,996.5509872233126,28.271427866006288
26.242417727189636,44.98800454177615,61.826898001639336,1015.1766259557332,34.887117932350826
3.4733514706105306,42.18439682587392,38.27154704685216,1036.0118060452514,32.852920471412126
16.305575642131053,13.136567765945973,72.81505041450885,983.0981832575732,40.417759501942726
4.3743344813507505,13.118754191801084,24.14495373570454,996.0169907973076,38.17587417985836
49.44395596275067,64.75073798456974,58.78479182965015,997.0981517235607,19.70181722619941
11.451295603668859,70.65808047171039,77.19966250315068,1017.908699815093,35.64181786640354
31.795020970785938,94.11804199089048,54.39568471654183,1019.0698637997168,23.85741273925904
14.217255097246866,8.700469046109982,89.96691322551504,992.3789236966228,43.57630967542377
32.66231076779629,11.786149237825349,70.57542249925325,992.9660358597506,35.63273078998088
10.520084543524122,5.1818128467911,96.67943328469902,1035.6927610711502,43.54794497052458
39.263503295503725,53.22284307569301,42.7297450219983,1025.3779290597686,24.375520463370748
5.540580141831775,62.27466142952265,95.10314646837978,1036.0561819119032,46.610909943716976
44.757520004514014,40.35234519321577,68.54580719085574,1029.7797792897618,31.316606518622233
42.02108462703972,79.79022209611327,79.61431193707189,1004.127078815822,28.560872304885493
33.94036718191928,68.66994360038001,92.17288936347575,987.3144582107101,30.684779260317885
3.3707313571423922,98.584042094686,64.09577503934568,1017.7730219754043,40.22669555297999
10.428451416446416,13.789498329967865,88.97446335597323,1001.1194637354592,46.69051608569324
42.9680797845538,5.831566434250135,63.335755167044425,1005.5247194355092,30.989533688763988
6.098721715129757,27.480370556938784,67.935914209379,1005.5527844566435,41.125021397079024
7.796604815401004,1.9050195316844043,55.60788583179084,1036.1911772998528,39.89897405875982
27.200166187776038,93.26114278665126,31.65108414720823,984.1317451515556,22.864248463589323
13.708871983717186,30.395165868817543,64.28025866790932,991.5862256881843,38.840810233133915
11.103784997196476,55.24301669714588,98.19585842129449,1016.4765722608965,43.051297293179864
28.79067159240903,31.80696328787419,82.97487965858275,1033.0254839532136,35.48679214477021
18.628833822901452,24.580862198882347,79.79987878027491,1035.0765591121994,34.94367861964354
7.027994838483437,15.236472397487999,71.46470421837037,1013.5215755908958,42.823456491819115
26.742688377273222,32.03659203291356,47.83269387897956,982.0736731300638,32.450292345766705
19.350620163931136,61.541893040797454,33.56921555827028,1001.7728620603684,24.91580420062323
36.72583871368847,97.16211996875278,37.96412813141519,1035.1299975303607,20.130757825351555
5.13777211602946,55.809204036714945,20.50576716341201,1009.9966451583855,34.91794341492035
31.030662197298692,53.270906609900514,73.87843367186838,1023.596796751009,28.046986491410642
21.824666347162385,3.526301810514687,84.9502046845147,996.1516052269697,39.654329672651016
20.303093752620207,84.00990156676927,41.51290809584478,981.5004182201543,30.566443740131863
11.61438440041706,4.484137499757324,27.34803197154175,1014.7016111736934,35.67665401144559
1.521301410135556,90.62322741034792,46.85816542575343,1030.0988602661853,31.273953370390547
42.38445971823228,53.86717253567179,43.36409835335823,1039.4161218134036,23.90978724090372
16.320504301721293,16.846660523403546,56.07010886221855,1030.7976264703323,39.66340291271752
34.054551986492356,45.17073920064587,41.12816434568088,1013.2396617392675,25.830061765073918
47.37936998883537,99.49844806831983,47.17861642760233,1016.5236553280323,19.776356112035625
28.249514904106583,30.5082852044093,92.6043823479394,1029.44984239227,38.39894168439064
19.857345125993316,26.945976854857868,46.7868282311685,981.1886418096569,33.681231078630546
13.413678317435185,11.800589504250592,82.84144373839176,1037.0986608916678,44.68865186596091
46.70218963237467,59.71423487908388,70.06669601795676,1011.8732747508939,24.62090527117072
34.103840902557145,8.922699901396292,47.00303565050991,1037.1231346693953,28.575963521440762
33.26406966282798,76.60080638040772,85.42306158242803,1025.8710899948499,31.854766316713352
21.307916257263848,91.92235143305581,67.6060855677012,989.1390607168821,28.681871690677777
42.252435643371534,93.18711112154993,20.68949820791203,989.9155888783777,14.302961025847754
35.683609350474356,10.791625287743777,25.498256125791983,1001.2187585607628,28.38402412409151
14.159163589050806,55.82625973529688,80.21116475618551,995.8392813161479,40.69012653308694
29.9789330012524,9.710985490216661,55.722223166815546,1006.3579255578516,32.79697838772562
21.50969773006328,57.20161414842973,52.440623339483246,1016.2342322525234,30.78305602778532
0.32950814148565155,81.49805852095811,31.66617473566464,1006.1947699692045,27.81986165781314
40.381171575089866,53.779016230328466,32.58548751690162,983.3852350824332,21.13519090838848
6.1415174459850395,87.20538261066811,83.82019600767205,1038.537896909054,38.184665185022105
25.497725300130707,80.16743548493777,86.32137071691642,1005.507328052081,32.07095873398288
16.81130965424078,27.65483499399284,64.80020325109834,1031.0645002593033,36.18597659861699
17.104452060033875,63.010228288244164,43.61022478445499,984.4372575356691,31.715445431947753
23.8682441706904,0.7412126476131431,94.61606533342642,1028.603892783001,42.44391617544042
49.85115520098725,39.60419159248644,69.91699127961813,990.4042782626783,33.886277892796414
20.41898403157379,23.796016778429518,83.73136955614305,1020.7642965798177,39.832852272271026
9.11646149082862,93.71163459434861,20.262633623057233,1019.7084017753054,17.827952614209906
30.680316902468448,40.538901172316,56.02556807002884,1034.5884030960115,27.24152325824699
11.814385401976063,65.40644284224805,89.67592690559647,999.2406008210443,39.68759898525184
5.27745683564752,73.19816092736072,47.058662658617706,986.5375855949386,30.696568567437705
2.508708603296456,77.32125386815075,78.12409414978248,1031.8739489755926,36.86766433068658
1.1440637009841936,73.57751920175288,72.61398601029164,999.894651778422,34.21133037478345
21.558232415553185,28.916506098773475,32.17746930834395,993.9520273436282,28.65634319662987
21.336288993669683,68.60676967292221,81.99230618035241,1009.1725167193017,34.54251586366862
9.277270003897648,54.90094822622833,29.00214322502391,988.7681414007073,31.749915631139363
39.20095268856046,59.73726647975188,78.23312772575525,997.8178011843181,25.637625773513008
6.463531395993938,0.08146173087548725,99.27746694232755,1003.1168380438792,50.16296955029045
45.76585963196512,25.825760095285656,96.63851454494102,996.6353176094642,29.282042365397572
29.378798882163622,93.06836967156555,84.01933944456037,1007.0155700445849,30.676604012743855
1.380818805246481,29.007608330572577,62.76139393837617,1003.0790403370474,41.911923746776274
48.14863128713583,43.801552224964254,73.9859660656592,1026.475461866636,24.739584983440956
15.39706297729268,18.667398219574103,78.24867122752741,1035.1045206154827,37.53358580304168
22.49874797889267,13.860255190368974,20.672121942259096,986.0553930048711,30.573147560546232
14.213434649727608,20.866896863870508,28.189297676236514,1029.3981526066514,31.525990066455105
36.42106490168888,55.3647328866973,67.764730566309,1035.9062724621162,28.588544239082594
24.28401103597693,91.90286513901081,20.52276321143273,1021.1967887581205,23.82886788592753
6.61864797012513,32.619917989619026,92.71245206187979,1039.7851805702412,45.63239671438029
5.210197617972689,32.340795220797105,59.173017058006224,1000.1025799798936,36.07303180554357
36.26877066622874,56.41405868868683,40.62136604840973,1029.8185964950978,24.74680219753563
11.854070246563575,35.67427176931353,51.50569356780794,1020.4221502806133,32.946503184204516
6.889668731923626,91.0416047983988,88.06211285120023,999.4057272318474,39.376187222769026
24.971379849892138,37.78480426422619,94.17542990112926,1022.2805890106207,42.651582476836644
40.1382643768152,49.044225251946706,29.298798438185607,1010.5773103434535,19.865178188777502
13.939137293656522,53.33892839704109,82.23685071644613,991.3384334478274,37.29316093672331
13.821580585040389,78.20677951304712,66.25816945732242,990.4327809445678,35.27261194466621
41.69406301301885,56.39059394148836,66.84022061315893,1022.8039308059509,27.14746643502327
7.3916897284391325,23.915510014732412,82.3561697516661,1022.715827739004,44.623199959666294
30.83637958932736,12.39872066263673,37.827574942876595,1011.846425657686,30.31509780605616
47.750674149129274,93.7774546688964,62.483597437996664,1010.0849400366649,17.440879581143047
42.06515747886538,80.15629946391074,45.548209236064736,990.8023067413317,21.10987538171927
3.0907616889864595,2.296521028891574,27.560987598121187,1005.7571673802584,41.2142617954374
15.99554382808127,82.15289843235476,28.40635564452831,1032.283851261866,27.575553589679448
7.118723279630817,59.059779390476876,30.917717650012058,1031.283638365709,36.83275834324664
47.46203188435699,51.889423503494335,69.19198791238703,1019.655134108486,20.769837376306967
49.29707831110406,1.2229179023558912,28.4664158701848,1039.841400678184,26.032517459445213
11.749651027001896,78.08640563844152,65.60830740721389,1033.5907008013771,31.975500299615373
33.484952241437625,19.80650142412501,67.06376463818077,988.7138254140862,29.920811905787737
42.08158660235592,72.7981213194079,92.3117208097513,1003.9481841856222,32.76468951824276
11.684014220723826,1.5868247365817267,70.11012770604114,987.9162490855565,40.58594246467384
9.384031716048874,79.63536496661861,98.8470272705201,1007.9653769857522,37.892979834816636
0.5605511623640147,2.303946835504056,22.479406395266786,1026.58296948469,39.27573797208086
20.598122847076294,23.589290407251905,76.33169093160951,989.3473225957256,30.980778837668957
44.971873119735825,26.827821251271345,22.118406244243467,1032.8253219451942,26.60452113414353
45.14898245281744,15.750863810692639,78.3502062299763,1014.1434530924304,37.36890982177296
6.3871563754508145,48.1058196195369,50.868016736322836,1024.9366672878348,38.88754731668288
10.217624026419747,28.36879596167089,68.90462123140716,982.709348726456,40.063682576861375
20.40236654672668,99.32879757272566,44.76304576706702,985.6302892010523,24.463746646366133
39.0312272581851,57.99687933654389,32.72840313221192,1017.2516711838596,19.259600826052516
30.592574176586428,56.64778250542405,77.8810014471426,1030.2915147757274,35.76762145626589
25.692487176010818,22.086963010645523,92.36963042160694,1032.431905071513,42.07666508061011
29.596594211130157,40.86894387149114,34.686595496002795,1021.3021595160249,28.75350862898491
4.809984690114833,12.397799436000001,93.65624009628804,992.0563232088406,46.94767379633059
23.88318211274535,76.25292522503862,31.214568736363503,991.7013028796418,25.367741453315812
49.603164476956415,33.115924615347694,78.8529506039625,1032.8817648414292,27.45522592343328
4.4223073469543905,75.19658333932104,96.75561265432049,986.7941231310365,47.64638030654582
25.96233388174432,37.169599992947546,31.789670540499017,1021.1642518465086,27.569204832620017
14.78246308286873,98.87572401148455,54.807203740428264,1012.0104103422048,27.59886486146395
26.99566484309795,17.11216222546218,46.99659858867196,1005.2852057682252,35.44709716432515
28.690938001687332,0.15238938833312954,51.07822001472785,1006.4200739698314,33.81999682499325
28.873644905973794,59.48255413783857,80.25117913054213,1036.7124417641114,32.84459327352902
42.61043926554433,95.29532000878382,72.89511460444474,1031.6865919938198,28.239043366240836
19.487370733683047,64.70540549059794,97.49495715702554,1031.8990318329047,39.72131817769834
25.817708133324796,8.572352274818096,34.83836026851378,1004.3970984886173,33.63940398289304
0.5464199483874277,54.04803824662254,63.46086954607041,986.4188725242384,34.165646590638694
39.47753007898834,90.94869361377273,55.93009163352214,1039.8703659870584,24.190413215522856
12.974385368792646,0.6506067880012734,93.50848871405998,988.7205852353289,41.56648491559303
40.82775120202582,16.69122128377988,20.849538598156798,1010.9349398197195,22.80370007689741
13.28193331901586,81.45615561026163,99.13363206136754,995.8771513159036,37.92431608748075
0.5394248131246115,89.39071065774829,58.3787451498023,1010.6445716989945,34.500175290511265
7.741565909672338,70.7160620868271,70.04317177868779,998.2959916461589,37.78097453622826
49.2841451286084,99.15601636398208,48.80420446445724,1033.8131984372576,20.34814841895784
15.990062297399426,9.021592958656932,88.2021335756399,1038.1004957425316,45.570053483958965
5.4411951006373585,54.56765158365603,64.95903560947062,1004.603856958273,33.45420596260877
5.9379401812875265,68.49947226475862,73.02487489998119,984.2113784346536,43.834604308938765
15.51713570286119,70.26447203690878,71.91237664485412,1019.8001659607289,34.16753529506585
1.8822520558381517,79.34846153441826,49.1185711918186,1002.5975338429081,37.29901464643932
25.574429406097686,91.76260450993831,26.079279664529267,1039.1581193573857,15.043526520656174
10.687045774466009,36.16414456171147,84.61649808752401,985.3624866730952,39.52120985878844
25.96553206984361,4.296339280763584,43.177273534745396,987.1475864417098,28.358202917003737
7.038210934961009,36.24419144809583,87.91441827821636,1021.9653868511928,40.04649194358137
21.492861450874617,67.16147633872349,68.69144070326611,1025.5189761412255,32.541756813931144
29.895842920062226,21.34560873336435,48.29631664779824,1008.2657842574338,30.042201117400726
3.099996916905401,80.99729515587104,67.53977191788982,996.6358761464081,39.71600574134615
19.93746546255293,21.976445772283082,71.63941538891501,998.5886029478271,42.58577614221966
15.126191049484389,1.0063402380173336,76.53467262069378,1000.2783779852763,38.68677447596645
12.0179908244317,50.80807742235793,85.7870507605657,993.5169194384824,37.328895517185614
30.226731304224824,72.64615714036199,32.78039537743878,1031.038552888841,20.851930544392733
29.427099288270362,34.9655340536834,95.53155078148933,983.9046324532878,39.890842612692076
31.53499033388468,74.88957995367868,52.86724915420087,1004.4366694446989,26.286496480662073
7.944133521626068,43.84043341210082,88.83602387011018,1024.8561886904595,41.89223746651486
14.285462243116386,17.171461730673542,37.63836762942282,980.2295284668036,34.92496009992922
10.483938899753936,9.055839379895492,22.322317776377183,1032.6819510068558,33.757708405530025
27.025180249892095,71.05871649073474,65.86752348982806,1022.3775927427619,27.284844576778752
23.053284460480818,38.57147876028778,45.97330232579512,984.4024374100441,30.70407514426951
16.5146868796375,91.27737679237703,98.75696039583595,1033.6997953396663,35.34437112792745
39.30074044342165,54.025505857394975,28.356276377230635,1009.2382995578491,23.02650696079963
4.69868722041914,34.84324182207026,23.78422928028174,1019.1343600334187,28.900455538817194
48.74483443778211,34.89909269897231,23.60142548425066,1032.9220024711306,21.384370018968223
5.8272038907659365,13.143786445264915,37.34989561790356,1032.8697406813678,35.86960132714649
38.65354062841847,59.37891535891566,66.33528930922708,1004.5246471104501,27.700747426416623
18.411509458041593,58.21671354103222,60.445069891575336,994.261369101496,35.062132502362765
43.26311145659028,79.99936919364934,48.00606438668492,995.4452926607706,19.202201901530525
3.7084974392081027,20.11969624670761,27.10344859335274,1025.9564951830237,39.79028988354074
18.73608550961689,29.07896424758274,38.6989675835455,1035.7658216602483,27.509151738064645
16.772170325011814,9.72379690955817,34.73176518277735,984.333840398819,38.26389728849778
49.657851911276765,29.534220226890675,79.65334697248387,980.9011836844409,32.17073028053304
49.27744974448128,42.81021157544007,82.39571064010514,1029.3761036883645,25.96285368116329
9.4901979333194,96.40284059539837,82.16112104494557,1003.1961561952435,32.006071604765864
31.497348034916943,65.30660028749134,97.52324355313189,996.5869546974897,28.835493328427713
26.77597099554701,78.28739297791955,90.73903570672256,991.3024308569505,35.07950975305326
7.718674562036937,32.55098852204902,59.82437977428039,1000.7888365896947,37.167500039073374
8.388985305221153,14.451281280809647,53.19488167273321,1038.2880853566805,38.311860538219854
49.46258642397773,25.67199419133298,93.26148141675694,1038.6247864726217,28.72729770742359
22.636499681046633,25.646769099932108,68.89802016385174,999.8908115934023,41.15281412544489
6.290064600003675,58.31153282934272,43.55189336204762,1037.821407097347,31.392756694369098
10.739501936962714,34.14711324550287,65.15712221721338,997.991806984377,37.90934098280616
13.417403362427482,85.73988643332788,99.3719538156901,1031.2688657160243,38.31986986379005
25.545863165930964,98.8544519236498,87.95760481218898,992.7202525492855,29.04282808214287
16.777406475315466,34.329840526344846,42.50237728476333,1029.5892553023195,31.4382635566565
22.75058929449605,70.50602736870107,96.23635407337736,1001.223823853431,34.21636572973591
8.324977555068136,65.74865819203688,98.51696891832927,991.7434111965771,41.97605447421578
16.33643452937531,19.44624877322815,38.493356753233215,1036.0867944454178,33.34901270072231
3.5158296358877017,91.8008594820634,91.6473694801073,992.8510599457202,42.985928843856435
44.48551367379244,19.944258718840125,90.65621741590657,1039.5101135455545,31.45743885186455
9.937623858428912,73.69571316696988,23.18028585872325,986.5144335433093,29.858793333460035
37.84500677143694,34.760964227431245,73.57513544493497,980.6012470034125,25.289500667130604
17.477589410167298,36.708156700897135,44.42245704249355,1032.247612764625,30.80345321401867
23.719865946989664,45.54490528889603,73.96901011935006,1015.1962644985089,32.019949996648535
14.563051973061341,86.45079780551396,93.08469553521948,1005.2975781245019,32.48291992081218
34.822063555368494,14.025194151121212,59.90233983916148,984.9178355319257,32.424986726556874
42.22732096373537,5.456957783475391,53.15302646309222,1014.4935518589016,29.458371358397272
14.313509236979405,40.20408189137814,93.72250169499338,1003.6235351141539,33.719901842741734
12.110882183179623,5.558509914208809,97.92919341908261,1009.0173147793209,51.40721597983158
34.07201327319485,68.76008830574405,24.978906223504218,1017.8235116841325,22.273741937706713
9.757653028386043,76.03250750272133,93.82784553185658,1018.3960163378338,38.65508256129445
31.991988280488613,85.47123947532589,26.621482681751107,1037.6359544811824,25.271577605998097
4.721403984681777,74.3842245483597,46.98289707068717,1019.3032048063607,36.285237674664295
31.00685799803436,91.63513936926792,81.00592979442614,1000.3642484109339,27.538083219350007
25.670336700521656,74.83011227232221,82.16295855517562,999.7779696659047,26.01835176010222
5.695285778815418,93.60756398784017,78.06575125433329,1008.6296571744591,37.24627063506693
32.455181743229986,19.311079420936316,23.128999044885468,995.559661992091,23.564342107266054
22.32785785170379,49.98631328677302,30.637283841927463,1002.5863386875774,31.408124041620503
10.855752540854285,99.39305997049087,94.89731985757987,1030.52676631579,34.06061055785433
17.669207785108863,68.15781825427156,26.516911071671263,1031.585696172032,25.87710573766159
24.605105281946482,87.86411179892573,26.28367335784933,1017.6675486920204,18.838415929123272
4.5777113632191,3.039379383285523,86.85167502062961,1014.970456519645,42.603022953184556
47.88047415641771,87.17578985684374,71.30126025783089,1005.6259899040117,22.13876146204846
33.27810781060606,69.77132345720976,48.13248446761436,1018.1539349341308,24.755608094443176
5.1267490643848,17.075543398771064,33.25683896573011,1028.3632007438894,35.62256295998221
41.14310921642297,2.568095642359658,90.73363359142519,1024.2708234745387,42.39475405106833
16.12774654730727,25.99265781256529,99.08302061028097,982.1275709406611,43.61835386326638
29.839976835659193,91.57733589927702,23.997738275426332,1023.8677999163381,20.73802006779401
13.857142078978663,66.81329387002864,64.32907056721615,1023.1968600305001,25.742848524186755
36.67029724573036,91.94691042833243,40.90428679246521,985.9394322013221,22.875956132426822
36.15044875000512,44.61507824942594,86.59094668397633,989.0148418753475,41.18590528450161
27.6021728436209,93.6627095235241,47.685847341984456,1027.2745106708196,24.227593742709253
12.046279623578904,46.29598154450056,77.17034313490718,1013.5393746947962,35.91131935321173
12.685190375607275,20.42547244183345,63.161873722102165,1029.2977394351396,39.44210545437589
19.143139834747146,15.139346418444733,63.321870527597625,991.0846480943591,32.50887075080157
7.250608369814265,99.38118130350443,88.63995449443371,981.8368858823802,36.9456118833178
16.88278565954618,33.386266147457086,57.63235407396514,989.7165052802707,39.27637779590235
34.217730062415626,16.00530253175877,87.64796273155845,1007.1542027169811,34.15163589056973
41.542264002971066,0.8408430890752161,49.074146243006034,1011.3975653365941,27.86638738508613
16.629114524668072,28.55695665296224,33.982635397144406,1031.46206732316,32.38311914714719
11.679512912718199,88.91161436025389,56.43819021252921,1022.9720317911239,29.76649616216779
41.63212891675671,53.40093206773017,59.86846251016178,1039.4234384317447,22.142054639731754
44.53520136929606,63.243505152495494,58.27065581102332,984.7231754825218,22.33443787751191
20.501076165603216,92.2391103890533,84.66643295034258,987.8132643523953,30.060968683088895
1.3452076924816925,51.28399181070292,65.17431531680776,985.0613356292342,42.78507711129387
34.7480810447076,83.82798458526146,91.07552574070424,1012.3074827946882,33.30637990142101
39.20166180915648,32.38332780763537,61.13483959327537,996.0116462483795,33.02356646618921
0.9012126582220115,97.71018628412199,37.97720663056034,1021.0179764058263,33.220733101911904
29.751542667075658,7.881387351245239,30.35966722102021,987.9614533073993,29.956926348497024
29.418437912208752,72.48295255132646,89.46902567556967,986.1914839737276,29.18713281968162
18.9353954373957,66.05662867602943,24.493823912176936,1007.6099281995769,30.25833753495282
37.48836629254188,19.167150585081693,29.40876895358098,1002.5539011957994,27.082536730915116
21.408951905718034,38.8843998846536,25.092681513411286,1029.749894959706,25.043683522819883
33.8387975895682,31.282911677700643,53.89873577454562,1030.25324450258,27.40834023502918
25.855865231757598,9.449286833249538,62.609249311487474,987.0457200724085,31.37937799912841
12.423230235142196,58.47880229508412,21.58997848180806,1028.7393667905228,22.822347926180832
30.325043150506588,99.36698455651654,61.246893351328346,1013.8498989427172,26.335387135597358
36.84542474229208,55.95881410533893,51.50075770325009,1010.213496432602,22.306248635420395
48.695283671850184,54.5259906879362,81.89161459647184,985.6858025746769,24.408438228123387
19.005447340120675,4.031370735454831,86.39652973969785,1024.377846139675,42.198783994109796
3.223627233317555,13.922022336369045,74.79739491089643,983.5780269438437,42.70820060021741
49.39856106106759,51.3219089102261,57.87964282532991,996.661506178976,21.263091814051606
31.190332971276813,98.51785641840713,37.29188760335905,985.7258920858413,25.3962024881822
47.32252290803846,87.6607735461859,87.76918938420481,1011.8460565904554,20.59950183715265
5.191354300555967,34.02091213731675,47.33353120355335,1018.7138035225755,32.80470980203483
17.101691993522884,54.30042542281275,48.503350975595936,1033.4513087888254,33.49751040454337
6.696834943636215,55.27022222541367,93.28092377496358,1024.0323152597757,39.79831327275591
41.775507729102976,68.53606127621832,98.04778044783303,1037.666263934826,28.818490570113195
44.017137071465804,68.77820412391385,91.85047651076033,1025.6569899730666,25.710641648806373
25.065584993751024,78.97924883859737,99.85877788488649,997.8843861975471,35.273507584129774
9.330310883101522,2.4971024839682388,89.5127075121182,1012.8550886337899,46.05210001000563
6.355948451985427,94.36801906374458,76.34860140960654,1007.4763783592009,35.35560066267525
29.408205504010336,7.0062045989246595,43.50555196571783,1013.9581234182407,30.2730423881639
25.31881622926503,47.616011147693996,96.23656391199009,1014.3253603647436,34.85165700031055
34.739455118383376,91.95792763590427,90.13014652910029,1022.1260651281416,28.595132467106886
15.26036313099956,48.76688292310798,39.25974339325226,984.9826288787339,33.773436282661386
20.118399751218114,6.3636834233116835,59.132997859346155,1024.8047077329052,42.13863376027313
1.0680536925578688,22.92400198119392,25.604452850044012,988.6246167939954,39.074409896589245
30.507152253776447,57.86667553684227,96.26470906137737,981.572438295201,35.38955392098136
21.157176067323892,8.786161789896907,65.82146621771648,1011.1343325176878,40.55666610233997
45.98823169067239,42.367793101729646,39.616043674253234,1014.8886176397318,19.4011224768962
32.08931488524024,32.90932661914049,43.39194508991006,982.0910642070218,25.831575096383542
19.93472457248469,81.52076278242394,98.45250981038876,1010.9222668868014,37.167023676409144
13.179459043667519,11.013193833544921,69.2491433443358,1012.0742125019283,39.959216054088884
45.26424713038194,68.27984501587862,53.6546499285123,983.1496940758989,23.056451868551417
0.8132537058721634,40.65890708759091,59.987636942843054,1022.6951171068806,42.820576636115064
16.34562336261961,58.77506804723286,27.88400579018747,992.6173821070632,30.465839550452692
47.17527918940175,20.553177192054473,26.00182080583008,1027.6675528295177,19.7128321712403
32.701650349078704,60.97036847616255,67.41661946403079,998.6493277879936,28.95348044132025
26.635953564164954,67.39777274161128,60.96032291522532,1008.673551887853,26.564488386046087
10.176735896021372,7.023156466107783,48.73225530427529,1033.511052765132,36.6327688196065
41.66873871271935,82.4344267582937,65.28911620090916,1028.370768011153,19.224111485454397
10.209953129638805,86.12541128882414,25.81407595497378,1026.9118147151273,27.8756219468382
12.412676576062498,6.355405568279471,95.51929371452371,989.6260518569253,39.14674785727427
9.592557143592762,60.318748809728575,43.496935022737745,982.8885432019765,33.19506880995604
7.9074730284760975,59.4011496972227,25.74230325375991,1016.3455370408362,34.69124218356392
47.665624798940144,1.245841186844332,33.560341805928324,1004.6414985493309,27.033618040450932
30.10157980706542,34.23464139559513,27.63791315860135,1034.5446365858284,27.27830669733491
31.8918566005047,96.89257827137476,34.288360348774496,1000.9755958137861,25.249295537512296
47.716273283939174,55.545075226874296,53.34032438612895,1004.6329010598754,23.94665426335635
11.528752756278132,93.3211802741505,79.04407151484166,1011.5600325829352,31.448837566725853
0.2958769298846031,67.5644635877384,41.787867796403184,1027.7840399379268,35.09397088567325
29.94418247851456,2.839051822327643,54.87412975533151,996.0979432460481,39.504992904216
25.39224266120793,7.771319804839205,94.3005830310589,1036.5092394297424,37.94255096048043
23.882518869914705,72.21789553674229,43.66573914607804,1012.3952667632923,23.010849353324726
3.0940105623099567,55.456779036901935,83.57758026117679,1030.4586356704644,43.25665462222724
22.721743328739226,12.71516645998757,32.62534979858931,1011.5371090073611,31.104345501425833
14.377978254534945,61.406267835361625,34.26573970057981,1026.319591744401,28.356226903578786
13.728233861215655,81.02873605681961,56.492229878101256,983.0852451490576,26.876657360044163
11.11907900895464,75.2982430132612,38.728180037310906,1027.9527489009809,24.39239726564351
16.626417987728537,24.616246003206697,92.24224590354082,1011.4375657885965,36.98624808816957
17.65665375717062,25.81949666560439,24.060183289878225,1006.9649352911949,35.454156981576084
15.438788818099875,96.78378051021137,67.78180529150717,986.6965799967121,30.304564967775782
48.937635785975445,88.74048021527162,68.33835169196159,1024.4937523345109,16.038195597004346
46.63655427547436,31.8337314430872,25.282074201555815,987.8698191502483,24.6676259012436
28.72550497624311,82.40544896690083,78.6051371896713,991.5390687682395,33.207857465294396
49.052741920515494,16.173852973254544,57.51180356097568,987.5853953425789,30.47297243456633
49.559900515959505,19.68411013265644,77.84586987958468,980.3945364628194,27.9207961146886
17.796985500865127,18.11960538453453,86.1539988748056,1019.714826804031,40.09990834336076
22.259377286987224,8.772077501351516,45.83194815925551,996.2506426862964,34.39766773250719
47.953088849233275,85.46781161613553,58.75887063483901,988.9682275514481,24.60362685385533
30.43130996493433,57.88068982045753,40.86086238144091,999.19834895086,24.27093130744138
10.646454141863625,25.895609249393857,36.1210770817868,1009.9450814928007,32.31032629088342
34.46903341682502,84.86550327275941,20.047580643412594,1010.2047512530571,21.21100237432106
10.287309102304377,80.26467593928203,97.09052096638699,1002.0317604999176,41.85931723188587
16.96788718359229,10.09515181277556,55.27427754637186,1009.6959362624857,36.96680693820058
11.378008154767578,64.41393737349719,21.045581844709922,1005.6404874676997,30.166170565686308
12.249010796692112,72.18336015257705,20.715086205443853,1029.3599148190692,27.87876226515472
0.2327790783391126,71.58273369859639,43.06820548409561,981.7768380494709,32.853926671928825
44.035441609972594,72.31427078539376,21.115014296809473,1032.0818079993828,15.61899414752037
14.79952476378969,16.945778564903733,49.961169412683866,994.6349153407175,32.5308587287488
4.318718976139724,31.508645426876935,25.03508011511583,1023.306932902175,32.67062225446972
4.349370284054427,84.41785085044624,23.14012729202478,1004.3023769804304,25.6222929055458
27.80091382304761,89.83917502275496,73.550511525964,997.6599778702872,29.25203223628885
49.646027526696855,27.918888656487027,92.54730315543077,1016.920842379993,34.927452499507076
7.251123363509581,2.301951617775244,52.750926664182344,1026.1330651317862,41.381796185545376
4.981089047482973,85.97669471661081,86.9416344220746,1006.9961871862163,35.067062702069535
21.915194020104533,37.70918378250826,22.34123689085977,1007.9932305839288,30.471704804103236
28.166562692039772,32.94635559599364,82.2152044776146,983.5313890860608,35.888948574451234
14.719017943897022,34.699967968862566,25.023999385831274,1035.4397588376705,32.80117096670808
15.126104625693321,41.56964239676415,87.07515385578813,1030.8138017867755,38.16465035347223
21.223825092447473,37.82666216549211,90.58930758976513,1003.8795672525462,41.65630345618771
15.7072807575303,56.643089913356036,82.87790739058514,1025.8970367896336,40.69793072032261
45.766579178425836,7.894027849819018,85.65992195290312,998.7967505425075,32.49334533130065
2.0977285645314483,97.15401943085152,64.91876530658551,1023.8253075807665,36.76495597496734
11.728507993513732,93.64510344721613,41.19079540661215,1011.0015029938436,31.560054084307964
40.427639811371066,93.44066466154992,71.45848021287733,1007.646003333185,22.743217010763427
41.69790623324784,87.92776240819134,55.16333192610891,983.3913798354869,21.13646333192817
5.577753948210057,66.03263021817297,20.42692487352368,1037.9253153085317,30.525329902526092
48.68817250063584,22.110856274843236,58.1460565147868,1030.2445381927052,23.95580138865966
34.66774249495545,4.94834871463723,72.09503396404364,1027.6032840791868,36.53615069090315
13.62965279917978,9.93210647817666,21.11069277530566,998.2949718592234,35.85796531270694
22.801893240722727,32.39925004656056,69.70882688865261,997.375411065424,34.63168122907995
14.856930978398358,50.38830254957855,72.2025524973485,1014.3915857956789,37.3818552050953
7.501112492720968,99.3253071184794,32.648606259111745,1030.7733917735688,32.26563670242844
14.558903237445758,43.54434917945992,54.48593481252076,1036.0777043701191,33.69688279569193
29.00459687448092,52.46460904913768,97.1466080711306,996.1357415604683,36.36766106750192
41.298484741773436,69.51572471880806,90.7351382239826,1016.4448880191651,27.628613994558837
18.17645374447886,18.073397044779625,52.86571382866022,1023.434167993608,34.08694570914133
17.395077027392087,93.28270015622557,47.987701441932444,993.5835287109934,28.288712451087914
23.40003505406613,52.90346058427342,29.92645447814848,1004.4481178133454,27.731682655281862
32.227779998217315,27.62563456017686,22.81512676321278,991.2484564228184,27.2215502060385
37.58081312161546,93.51089863388404,43.797022195366296,1021.9343046661,21.35138187162725
16.339975239973693,62.545061855895014,95.22266776657906,1031.8271081927119,39.898872023156954
29.317623391256948,48.36897312492104,96.68907610669338,1032.6520612730992,41.2607752278109
19.468042064044123,58.015590996077414,85.0015472461021,1020.2053322295624,39.43209822860232
35.8199925181693,74.83022189052267,48.065985081588764,1000.8291416104618,24.75260574617796
8.23374602585104,15.453800369295333,31.490114630568897,1019.6624226112552,37.3559827971356
12.846243252564804,86.48304307032252,67.64267804845434,1031.856003630249,32.124638456558834
21.30302099213749,95.9506810298213,71.72040057649451,1017.551350036147,29.385545413159953
44.47073949606838,56.69996517500745,53.965885539648326,1004.7735164177519,25.396517584995422
28.66628946753451,68.22708467975981,75.33174364469122,1035.1881650431399,31.583880213477723
48.26980594907058,85.98334808462408,79.73455085213882,1030.1129955961655,26.602221975255105
5.163884264054191,37.481063141650054,82.6449330859824,1032.9461144148688,46.299609668151554
23.008770682546743,99.28317948823984,60.18384890860058,1034.1915212624176,27.315160724969136
20.95392650226921,68.05013693068976,83.33126220477867,1003.6287384596188,28.193422838808424
30.01030882029842,42.39986983579821,22.038114101556545,1031.57834045044,31.536771071944766
40.59823043537891,67.73379750016272,74.43234933910958,1014.2209802748018,25.278939826518773
42.07240127915301,52.16800325134364,38.850716564038386,982.2895384132424,22.960362653286374
33.509730435275415,11.164157153836518,41.641623335012255,1018.1501813912071,32.362389142290624
32.07681821227768,79.58653047693186,27.304136528538585,1008.2371354576698,25.64558529358694
47.451477102240375,56.437558025293214,35.39138108745434,996.5092795512378,25.517796446651854
19.18437008192123,79.58455578738887,99.36065864016024,1038.2229884028225,35.60317254746285
41.63916570942441,15.491194036746581,53.23121044507802,983.3042514975784,31.918966781040073
46.07518635461471,53.83571568007757,94.22123189509483,1036.752643442424,30.996049918845127
24.576962213259847,76.66242722129128,33.03196225542385,989.5560236380783,32.67619443560519
36.45512893016502,98.83045675907984,36.324707367881565,1002.619290758032,22.722841738165503
18.850992833545305,88.43972763852587,64.6250683052057,1005.0341105251609,29.50274957713095
7.943950709770204,86.43496270606393,47.962603270326596,1023.8612311196489,29.005715177819827
29.32519407362126,24.7460138146398,71.51321668598369,992.9365525242023,26.173784776289388
9.823582542476593,83.79846017090475,53.76372605763443,1039.1661105936523,34.28498813032517
22.87995654019345,16.928127754296305,84.92777899723696,1024.9407111658413,42.44652760938697
43.64396566641666,19.810766454843353,54.5247256936867,1027.3971583008233,30.62876700786001
4.300909378184025,11.011674374347201,65.78793459506112,986.3857263628937,34.88422112351948
1.5214267832324824,85.75965307137872,45.6858560018983,1008.578720570567,28.958026500520074
30.32389236909438,10.825449645131869,76.32327899509232,1036.7365610286972,38.18598082828665
16.553066329744752,13.811147974501004,72.37873671725713,996.2039642931084,44.53042630351958
20.89688534629576,24.58871500823858,51.76008262192462,988.7230192970516,33.383874266349025
20.285529432916576,57.266240912064106,42.08256822324772,1009.1236675858513,32.69713043389785
4.3310114504781785,88.01801853004031,69.12834998562391,1035.8235841790724,32.621398422962066
0.17832163397972778,41.82281552555681,95.45213193688062,1009.2074374658376,45.62757459505621
44.921162143213216,54.62859491917852,30.611441922128122,1004.2900581751795,19.654328924071482
10.88992804518732,16.6489399957253,83.92932946764483,1019.0163462028266,46.34062235256725
21.303949593214416,26.594585589779165,63.43934182464725,1036.213039931033,34.31000964256636
48.59628983355393,13.392576248577493,62.04477561390873,982.943446952244,32.81847875780208
41.338129099182616,40.991884486708976,96.93473180607833,989.2037327286015,31.64051979619813
5.396542763135109,59.033565867819235,68.46998380548455,987.9652586026556,34.03789433869684
25.425951580629285,28.401953003345415,86.44142621988144,985.1199789379499,33.83171078400413
36.5039513247508,84.59958555747926,61.15817991005572,998.1263648389038,22.59782893306969
34.919639249960625,98.12383510066344,39.98826938040715,993.7585419872186,21.436837945519066
38.042092620223514,12.0154852314581,75.55922171664876,1012.9214759725601,31.888196542612278
22.872732744401763,1.7860056015324144,93.85415235552031,999.6373653035422,39.3090176489722
8.796146466514104,78.97769073947838,87.29840764880605,1004.3124716874726,40.05382172177151
23.243622195968634,19.064267780334486,35.86908849920677,1036.5118814299888,22.337431635341357
32.3943624586646,35.314659266085904,45.351129524972016,989.3393384761644,26.79003662475417
30.429604330258396,39.42312182758103,61.350453917894214,1003.3074396076881,26.934808954796843
3.5261026894303713,91.65993889009445,65.72826361888522,995.4249104311269,31.678249740585308
3.247621704109588,65.8838215766162,35.50512915668226,1012.9499589414652,33.4933496542044
48.2628915577606,4.060949030289073,38.40098720121317,1024.1801735927986,25.483091246575725
7.590272751988553,1.4810240714154599,80.70648552283491,1029.019272405072,44.114476150377264
14.723123200586096,19.956809753028015,78.4253933371954,1010.917801671042,43.87807373541432
38.381724107808274,31.81719408727114,87.13670517031129,1031.2949954916166,33.69931456507017
20.483853791158747,48.45238340865989,94.63438458241849,1027.104530472639,43.90502443942268
9.073242663001635,83.78394123088555,44.660889512215334,989.4202436860243,32.26374671256604
23.361619115489074,31.48177560347595,88.76759652564635,994.7257255411997,34.892861530079706
28.447498538168293,37.65372192716553,73.28094330209491,1020.3032317000052,39.64086028600186
22.638330463903785,32.933793000965764,96.62163391134396,1038.4876411844364,40.752435504595645
45.947303773605455,0.8965336032905613,41.76593248187327,1002.567782036,32.79764459830994
14.234964754975216,95.52015391181197,41.57372013116205,993.7884704386845,26.23103598167596
33.066608034983545,13.899588413647379,76.34347589541814,1032.1477660577348,36.34123069583139
5.614736070494885,28.7667478203247,94.27286192306211,991.976717572573,45.45571053270506
19.614272883201327,12.93033020964418,85.96446598291477,1021.8444964429917,40.38990361771907
37.04966257924868,49.05431561567226,78.16316462346849,982.0549442213519,33.90100322936613
11.240847029473272,93.21661149424992,50.984735844591064,981.1388309058742,35.11431776205209
29.488552282720633,10.070071762548627,77.42138677615792,1007.0940028366499,29.761236376236123
7.671851460453016,44.08969235884961,84.08764611446516,1019.3924076529942,43.47492552118332
5.135084568068554,2.2374845771578444,80.26285438324834,988.5460672375261,42.102564244547864
26.161637446252133,77.08982213861482,74.14486386288985,1025.8329471800923,23.042489713688877
33.750549804301436,64.1226143554425,23.77050013525624,987.7241889447183,23.073687191740703
5.6683533117241724,69.96986637071501,72.7771946491847,1012.0224684723005,38.75735642873459
45.88881261864575,47.233636089573274,58.263572438632835,998.4979515366248,26.999869027162017
11.288613134873343,90.76330295564058,96.92554172397485,1025.1351966069924,38.43170458842059
5.998765407965001,40.95574508726095,68.57519067016568,1028.247005213833,42.32109024353694
10.134945417510528,51.4085074787077,68.65818049882394,983.9654743737483,34.727555785141895
8.478622826592098,69.52892222706294,99.52441498957998,991.5562741584479,40.793311828386784
4.53373253064745,52.056064109546,27.487023182472434,1033.5586465741637,35.06299904399101
39.89196173893537,18.933564791632797,42.10530280802823,1004.936770196052,31.35245419195951
24.77688873720555,31.7070618044912,72.48635511752205,1008.6041519223827,35.31279992272158
19.42597201893414,9.229446813880527,45.21890048274997,990.081430499754,33.932340699446755
47.53139634920666,43.26134972172978,47.692011834329755,1039.6936877900596,23.936404970462686
18.55041935323954,60.939209308632805,91.41159518376868,1035.3828609703596,33.91957044379909
8.34863630235947,11.852994426914066,66.34831240318373,980.1214802589346,42.91365898942088
13.702144596329813,63.0587121470129,28.22924662433237,1013.0440809594731,24.446803298843967
11.948326679429822,89.28721397521093,44.869006858609744,1032.3360430161893,30.77674479687729
24.93706397816524,33.77237329855196,26.084670119953444,1005.8320163740376,28.16470698894736
14.575256197728697,22.203309621881985,64.49039467577163,1006.208855514601,33.29191079389928
25.803058609318093,89.3006063841903,33.86145571007917,1002.7608294035773,18.721618418173577
33.464671247339446,69.19452358975487,88.5692120020085,981.7297001093194,28.140047650371052
38.86493928566289,10.539486805655384,66.18512211651999,1027.417000151222,31.470851921752228
35.50788906336154,40.811195206173245,24.750051354487574,1007.4071122034657,28.308601552570906
10.279535822818048,67.40895997545488,44.07005308994552,1011.8639383042236,31.430824486198997
5.794985962137689,57.43838749754547,69.30701337889015,995.3411070083984,39.20000041562138
27.122507955062545,61.85471193498731,46.839865455506256,1027.047109524009,31.784514560622945
9.945589560407258,56.71351739739261,61.05413348751646,1027.6249128022669,39.01509154476916
4.246686088575663,79.80613653048903,92.74898357461885,1013.1752490111055,39.6400538981814
26.354717148970856,32.042695679697864,48.00287764050226,1034.27767554801,29.398724617734338
16.339709255389774,70.8462347899363,46.86982899758304,986.9530538435985,31.019562849981916
37.80745059692519,99.10794424942843,85.5805473050159,1027.197599878616,24.811289033693846
15.709581527420902,38.99588577811804,45.500521833341594,1013.5150485392398,38.66733016731541
48.935856852790685,79.10483145547931,26.236667531231383,993.860790022187,18.56487122704903
37.926159563035405,24.610923713617105,34.475596338999594,987.9382269591136,26.457252662010895
2.8846610744431067,28.189671228404933,95.90402006370408,998.0604224193703,46.94046131095525
25.44363701781381,93.48638741835431,94.6634234062177,1031.3789550860872,33.12022223401562
28.131025060705518,2.5938356248688788,37.98496726225182,1027.2571609805682,31.17920833850972
34.76513553407988,21.742734486082927,64.28014984789486,1018.7079455490824,33.648197064052376
24.88983985168791,48.29206978120031,30.989448033840226,985.4196204670206,26.07197497983848
24.17217992072866,40.184762170418644,73.97421028092286,1037.2898383845982,41.1218634138826
18.39693058388064,62.916973123503126,34.82446368078485,998.3264079425244,26.041311022648227
13.573069194958688,19.272205036038194,23.983233833728317,1016.4199990007035,34.193136068771615
47.31001059883672,7.054700436853134,85.99174457670395,1028.186112248326,30.95583122903325
15.879833481718597,36.933339780475706,46.03203061789006,987.9713500675255,30.567455170870737
3.1710662290165335,52.435524214418095,28.681792284807763,1019.1318045353523,27.87176305073396
8.364236964670614,56.20018370849114,86.71231606897803,981.9377598022528,40.49073846046076
42.86383180206448,60.14935235424667,80.99179820369187,986.1073586902604,26.139434395179205
29.331672956169196,54.866199576155495,74.70067603455746,1023.3886180656285,35.37692047847884
38.93902746885328,24.57519709711876,92.89989678756234,989.3049293343677,35.56174133230441
40.439077306984714,76.45497359690017,59.13808694965081,1006.6104033983227,24.410374532716542
41.16182196055366,8.778026173939857,30.244519806943817,994.8999530466422,21.71683150446159
27.530685387230434,19.835387955218298,24.907712791609562,1005.2737705201965,30.093603832058207
8.856029784955243,73.93780090191142,45.47528143677269,984.6332144174883,29.216929022429603
7.4116376118070875,27.97261341052517,26.946466410993295,1025.2940326424593,29.968581901449404
28.699221018755622,49.34734416094052,62.84075522776683,984.7424706436468,31.608002413903673
18.32571768428382,32.71977408555588,21.15992142585263,1030.2748698416283,25.974915035297393
27.902412062288366,50.69812116160032,55.50106412075007,1019.7565318501737,23.746380419162367
24.92389221189324,34.665579994736504,34.27682318828683,1004.995134539857,32.92910387040806
30.109903984877423,99.42079899060504,49.46144350937266,1031.9891926082296,22.141753275478763
1.6055895368282669,35.747758935814666,74.00272598165513,991.1678767205797,36.37384950164155
1.6418340315061675,62.70494173976454,48.077101684056124,995.8738536448896,32.21822251004868
36.07975854242544,88.83432176508774,47.30719097601722,988.2274196995525,19.73011250994219
9.656362191135992,63.793499436475045,99.26005862716016,1002.8941215974021,43.84331449591569
32.60992310960282,56.58572551096086,77.5051778181029,1039.2039910840454,26.719403730171496
27.328795539572724,56.92294547562082,61.10893694800411,989.6616426680416,25.791921340879576
49.08972357023117,49.64607109233855,66.35005207980636,1029.8585891519479,28.539364399363905
41.77029394415312,80.7580401404455,69.61461052150487,1019.1128043003844,23.608357080207398
20.656726066567472,5.042407836138196,21.966031915267354,980.9488478367116,31.636481354474316
30.82064100465825,88.51299079293277,26.421167242019806,1036.693411576262,19.866775946933892
5.864472861273601,58.62922202456428,71.93514810853215,1038.2654759134991,44.73502814417726
19.31930214811905,84.88732212557483,49.1575087078651,1035.4940421116926,24.66989882365923
36.69438705449372,1.0392702544208543,24.435523218554003,1010.104379462422,28.341519932076068
31.13357920643268,86.92764039616176,43.80105968413009,993.2225109485528,27.650641131816837
24.22356621886789,12.013751917326687,30.422673633711213,1003.4758806482289,29.779515569808424
8.826455202633454,72.12180063923992,93.3051073781057,1016.8514927849739,36.95135717147374
40.15729630787723,41.652139288784376,36.2340314042492,1002.730182855047,26.31861463894814
13.658330220578845,68.10723910979245,31.495295791524196,1022.490299052181,32.01807180344848
41.023954083095475,62.818973767736416,70.09350536708934,1027.734532866591,24.819921805719027
30.580453139749675,16.339654706724183,61.752954422146615,992.5635739188834,37.43270301081865
18.636571397439372,51.46137644475518,66.07459632286336,1004.296514496968,34.1536739511052
2.030261097999575,27.723047319454075,54.87585184322522,1037.4646625615635,41.86557185475458
11.620942217218843,56.043684284801245,57.373544874570364,994.9884080757582,38.61999237067348
44.4535462744082,73.8003283052844,82.30380446777036,1000.7868493156658,28.69155162099317
40.898717194785874,8.12584145818379,37.59377478605339,982.1396302311183,26.93891199202171
28.742665646704896,51.57624235310253,51.72234422649873,999.9419624662161,26.701990634424625
23.316123198106347,61.762982076225846,96.62603079423593,1002.2558838862461,44.23340408185287
32.35713396650546,29.536745359721383,35.19885609488362,985.9901335776093,24.71176782570112
23.312406392165073,95.30034827960071,43.50188760334937,980.0865349990975,25.297644376815573
32.21524203595701,52.03028255068295,35.32535394287925,1014.5243290621227,26.991656968921827
15.370204983007895,18.25170898459327,21.63963970865085,998.0915960797231,33.18347389038522
41.92486089557376,10.778826179928402,41.58639400333363,981.0694302356055,33.3280576142667
35.09589467326333,54.16595491653655,23.717395676979134,1031.5966582380308,23.126889807941627
16.49878142138459,37.5238381126929,32.37481011253067,1015.0645806239985,30.910297084084
41.53330574117206,19.254709776838464,49.014565605409175,990.2701010295092,32.16895833418872
24.367126542658944,3.069848678577458,21.65769736551666,1031.9147973764586,30.60217528350117
8.731943236873075,56.660008003788,80.23652527445734,995.2151582283789,41.022271198352755
3.885623100176333,59.860023683366194,83.64712110156376,993.6467438921753,40.59148326047847
34.98028738186102,14.180260118146848,52.91310419346903,1033.678043419836,34.201339019515565
43.256040210400535,60.17380497703043,98.77327834994155,990.7674727675684,32.5534934782795
40.37209942972718,95.19727547075985,74.31951318461593,1032.7391475901445,23.702016255295803
32.78255151110759,97.82956099897395,79.49773983845992,1028.178398074868,22.078469519061567
7.068752780238402,88.8492936557005,35.38403389329068,998.586652449754,23.992056789714574
4.702203798832677,80.70785808357405,86.99500982573707,982.0638248691881,32.42794524994967
17.25148115058627,20.936783671333124,95.6037118417205,984.954386213079,41.236931846426714
42.74554451993844,15.643518249593013,38.90481332590334,986.5716960661747,18.861264029105257
48.08681351533321,44.49476022853545,74.91714355091041,1033.4479301096287,27.29103909625248
12.068042742353564,61.963175131855245,79.7552838930665,1004.2421586822485,37.372707462926336
38.104783529086,85.0678684008378,44.413533744763924,981.9517854371896,23.671523205440558
28.693460845360285,23.196304113680156,58.00072020578371,1013.3929077233407,34.29343653833884
1.590368353897137,47.96479005203326,27.803127486457928,992.4795350364195,36.19212551694805
27.14581749664699,64.74402419568459,33.84758431676063,994.1075625564812,26.322856602787336
40.29702014946776,44.55938545344191,24.925641891775577,989.6505040950847,20.756187155308265
13.806139167201327,45.41936770792843,64.8132392436235,1025.721287743923,35.974684288726515
44.86808119852304,22.511716102827904,70.02103178218155,980.0367736283164,26.5773623832611
11.813020343731845,98.6660904911076,93.28956667469865,1006.3390498338107,36.13396043066757
3.8236566322027157,47.51932834074434,63.374784849888115,985.212269984149,33.29884665230133
7.996965471978202,53.27419454054919,40.84890966464799,1013.1424760602732,36.601783237273196
41.85014343604592,21.855929128682906,24.757883727289503,1000.7595407696806,20.858455770909423
20.865295951976414,51.413671833181866,90.79624422006694,981.7010948465856,37.054038526064595
39.847278181082885,25.534955853430674,58.30864628224427,1007.6584538693027,30.09622198597752
26.561653049479755,20.233625138346646,78.9857591553857,1014.2351298718881,40.36887680103016
24.027956239721572,27.572225094293444,21.171947887647118,994.859241899763,22.80387756548654
40.34565757462327,0.2759648505280987,59.05111381315341,1025.9307138242634,31.008609982310425
21.174380585618795,57.01511120016839,46.05780985331989,1002.262925947657,31.289648208288625
40.101636553318414,38.748000552284324,22.42650180910615,1024.960790848641,27.95145060615117
5.0331082481722795,89.86890191939302,82.05382456579667,1014.7409437405261,36.729586711585696
31.815540776962827,4.070717361252118,61.03213223148906,1032.155184079213,32.80315242306511
35.129352827599234,4.320030085575011,46.65441943929047,1012.8154874589363,37.10463007683517
44.954869807087135,88.58735173125835,84.46387871259194,991.1376315992424,27.294820339186018
11.216195935809747,12.664464220434123,55.75387614801332,1029.3554716567212,43.17978546808563
30.21099400464258,0.21601041240018048,20.279836509464104,1026.9821150104874,25.608096350897693
21.66282818446115,17.891386371301376,95.55581056306605,1038.3413488840597,43.11559878203145
19.138582777201453,82.38761750976042,40.45461923699084,985.6149151464522,23.290178821602073
5.335677760597873,80.27140827601022,86.4460417650673,1015.4738697383509,34.473407494317975
6.711666529747112,34.013221084345105,85.31323072650184,1009.500139036609,44.05780551236769
41.849423072382315,66.8030917259852,32.989914508858504,1020.2523269288099,22.81393981734681
37.4876716162781,50.72497073358277,57.92021449718213,1038.8107908873938,26.439413679705577
19.117056514555024,90.4734989845906,23.21591827987944,1011.9363246269453,27.97475906736777
41.424329069481544,5.642347541742232,48.36413383107696,1021.1443180967858,28.31891361456036
4.038309241178922,81.31791287366318,78.4783074695696,1000.8328066233225,36.37517515146947
31.23869585165843,17.059866942746005,38.96555760882861,997.938229260301,29.357886451775098
43.408802635714416,39.16208974317593,29.370234459384797,1000.1177939410201,21.480212952739283
41.94321155156247,19.195715143476587,60.56988407480071,982.3164736158164,32.80106348577188
18.63913799709299,70.2614409594139,62.95891074989057,997.0844387247557,28.382529885457252
37.261692652849455,67.83261797532577,74.06631450569265,990.3767836284321,25.432683682744724
21.373407275993877,54.78976016990269,80.73101974420726,1007.4456787901335,31.533345697013935
42.00690821949747,69.81630368036552,75.66476250117242,1007.6494858339239,32.309552476954494
26.53809750775115,63.95647806046738,87.63297666358805,1025.9137898735903,33.07258727761976
38.242852455252056,77.6442055684268,37.83251714256319,1010.1374988735217,19.074801554497313
3.9285791145835858,23.94066512905487,65.58133969731969,1007.7848952993944,40.29833554970628
29.50129858044314,42.891261494072054,48.80762859370601,993.8975787020295,31.346748443283566
27.514208873466934,15.162652935422871,96.96898856013138,1031.1488006086806,42.12909275655971
30.498836086758008,42.959356422019404,55.2223618731859,985.4600543410832,27.56143203457727
34.78208039577951,70.16917514203412,96.77711465068454,1038.9377578987571,31.385022202467482
45.9054485017071,69.13911607843517,81.52525232472848,1008.5644997510899,22.088120332098878
39.284104088801556,70.94269032949428,77.47710896549592,991.1592199757434,27.721420448226162
10.981899571745235,30.87675286443565,59.325096953746154,1001.259683346109,41.128665359882234
41.2948134646048,66.22139737909238,55.47025074044817,980.9222109625273,21.923066567001584
6.103983880754782,36.746631958893815,62.123855001472556,989.9913607554942,40.259986196434426
31.10992928375348,94.44920461050499,43.49064503415626,1000.1203891587606,20.741766308678205
44.13769041229716,34.336636588033876,92.36079518707734,1013.2649167251193,28.89749968329832
5.056102710745197,60.30182340443881,83.5464524212293,987.7688506786913,41.5211711314742
42.484632665513026,75.0145714192176,84.11166834600351,1020.5577977709869,34.56400742850906
39.93103671151228,90.64074290263412,54.65228763595489,1030.6565893993509,24.137860457526028
25.188771691953537,43.79286034539109,25.687115859537364,1014.3403766284343,25.70238880879429
15.444880114770204,36.0485108208268,74.64618543410228,997.8140868335134,36.60679655562251
20.271911403577192,43.0028175316589,49.95308671771294,987.2835395291523,37.324334792295886
48.43290678501059,32.369635154978084,89.63442499606603,980.9321037790369,30.957910333498116
10.084877807592319,65.3924490067314,82.42707507598908,1023.9081399798972,35.71976775618558
28.980214391494762,93.27167640085841,31.626251359180486,1017.7087620987634,21.630205798198826
4.162037393934193,12.607100648936676,68.13725844308114,1008.5770043621225,43.26822895921534
10.89465320945861,56.092206477015694,75.37711407417476,986.1197331332082,38.298986268049255
38.16581940372603,89.7648725360331,65.45100638594892,992.421510875838,28.515964542970075
15.12995201802636,10.011454465601755,61.1233740924209,1028.9103382211986,42.77427730860615
49.28830352813673,49.386541076628085,38.2290460004753,1008.7910880812221,21.51974982503196
25.040852154692,86.5229595860446,38.87254755369475,1037.7699715771623,25.037244322307753
25.826966265387142,90.04522117120824,81.44065109140436,1039.998328842079,32.191409472121556
1.8157369667867629,51.43521611529165,21.49518284508457,1028.0424275819353,31.012182799911148
47.8263374788633,2.4951884467717456,82.3128050164461,995.4910165944257,35.3393490269528
8.711672044220897,10.563917842782168,62.14389892313113,993.8668977308073,39.65861399974948
26.91702994052213,58.671674524123375,94.89781219078688,995.2180592254293,36.40946050590886
19.78373049793658,12.385860646634494,99.78572381783384,1039.2071047289933,48.458056164278524
20.779235037230286,14.94177769112708,73.0787652087169,1000.1204286840975,39.63469448628835
32.16500830180542,77.21170977821139,52.98057555361096,1022.3868046186814,26.45625845512955
33.10443385462387,75.06920585755003,58.00687268485555,1037.5410625886816,25.20143904089525
7.7144307429048435,84.27727594254719,36.33723421212061,1029.1757688061173,29.797821518267824
24.97933265609461,10.573513650610566,27.93874591931848,1015.8562285478391,27.28863350326609
39.52387245709284,19.814488109681772,66.3010714641708,990.1379314803039,32.24890924140533
22.164324177611476,83.29614298586506,84.43960783732805,990.4962946807008,25.833871231898264
8.290223541329006,72.1087608697792,40.941321418337054,1009.545385134103,34.27938246261808
15.660847157834535,80.59561278280401,53.57222481962799,1037.1166697524545,32.95540237031132
10.61897820525351,98.97456749079221,64.38189294215846,1034.2696217450393,32.29407194210888
6.290873395741853,86.4431606155702,92.63182559760457,989.971523327265,36.30357554326493
18.87905637176769,52.04632508497603,31.090498212964484,997.2631846864905,28.431709238595737
27.046812159903755,31.076818479725745,38.950653498373015,1015.3286789333586,24.34535602725825
3.637576263831588,56.96765865747011,93.48243614286278,1008.6458295351779,44.61864507702984
30.191168611409168,63.858655023445245,23.162847452375345,987.1617685625907,22.022972785559563
49.651222008480374,33.531214125962094,72.48925072478869,1002.1584312198992,31.953761742871038
48.20624660100418,77.09370374846785,71.16207065743612,1037.2828620593177,25.164694340027367
41.458674099957946,9.275379265788676,50.66035469060512,1037.08653348467,30.409945027706623
13.31705564012015,77.93928506817099,57.453174320569445,1013.5655528615955,33.04308642078839
1.1203798239683649,3.1998518681948473,88.3934361184449,1018.1156782806337,44.778698090467856
41.67708514414255,49.79660607214902,33.19856506774233,993.3143768515374,20.750304545594272
2.7860115989356613,86.14364634832663,38.52539826231417,1024.5171635852378,31.95783169737052
10.28140407353852,8.649527402139757,60.98803291519124,983.1497712280928,38.69413359940528
27.222660772339218,51.77389364941697,52.77963384000241,993.2409312898359,27.448038689284445
8.918901957182179,15.939143896131636,65.9497998036147,980.3530212599005,39.122756458078634
41.689416564932095,89.48157500609352,93.66713488750366,1003.1420755250762,27.530319019716696
38.857984812991454,83.23455270336302,93.36816141902693,1031.0156719221254,36.340913738278516
37.788475286862486,93.39172432934876,38.401467177199336,1038.9503886265982,19.62733876508862
40.80638079487883,87.49823415300936,44.17156902790723,1020.0653585228334,18.743016434618035
10.985089013230603,73.65533098659907,32.96549450376239,1024.6920011255859,29.059417419676137
36.444618807487466,18.48891955885028,94.22322971711411,995.7649746928964,40.51129104879112
17.764075129588235,30.250261566890067,51.829130415855616,1011.219961609329,39.103795259419925
33.34223797841997,49.68551583080074,55.97641159069418,1024.194673929522,34.4964264676526
6.1010864315587385,58.88967815147237,84.21126246219677,1009.8365495580067,40.03205312555451
35.27932900322575,78.21833953132099,61.037877824823354,985.3127835268427,27.121081498952964
48.60538639503898,22.695962818706093,29.58043857772097,1024.4518515898585,19.664817193982397
2.1800182659358125,12.827739414696326,55.027896755415725,993.1738635124851,39.86056004304398
4.691445058354238,48.26101705936361,70.44192346229053,985.8618602562593,35.444736169034876
6.181838366900694,15.784141087292058,77.53672702056292,1008.683476929523,44.53098924423636
21.528195247065064,69.37368023295723,71.62814822263152,984.4765446679768,31.893164817945767
14.539009246652684,57.56308900917173,29.534457538589063,1017.7666200188992,30.08605833609025
40.346007677034684,74.11077970188848,44.34756201294547,1018.4283950187947,19.70718947365555
23.68936196004808,6.343655965510841,78.68517159705722,995.4021183879805,41.26170589682165
24.22686713442762,96.46975604442038,90.41521554688597,1037.8720653084556,24.92360210608566
35.85190506626768,0.0005536675737993768,23.774913204980777,1029.4670952047893,27.383867451701864
18.098449126787287,32.544241501353476,23.378328645598174,986.5752174739837,28.974360990511997
17.660362371023176,67.96347933662398,71.47236234712499,1024.9107276403456,27.799804749531496
37.84631938137402,4.514207386211888,63.84369233306248,1001.1844812565901,33.6873121171603
39.00208729183824,8.334958135760695,32.42712404141712,1025.0173112989376,27.05050045875074
0.7199386266409757,7.6681437228220295,63.863326535756826,1028.0476875411566,45.58100745834814
7.189523792036651,58.150972672097936,97.95898748006807,989.0826833636277,47.24303317106583
10.654909057423989,89.5925315038538,70.47201763173,1019.7105190902741,34.52315878170323
17.580023437893814,55.5436977712262,55.93129248397749,1031.7637976293586,35.854576930162025
14.572404171597652,60.35713522796716,86.20259903516603,999.4024174430403,41.3938626996138
33.42600241941383,34.60016512079894,37.02579885217212,984.8196982508579,27.978527843773485
41.40676169014791,1.8741158655532275,53.14611446615306,981.6360487963519,27.137571305316687
9.604349117801208,2.1614717751216372,62.22143134486779,986.6000576238038,35.787261947628664
28.14900303009742,88.83099664809113,60.363191364060434,980.2523552769808,27.194859534822562
18.3908125540518,10.257243871964672,93.67779753689219,999.6167565435697,41.04026314048542
25.288893752303093,99.97893718125952,43.413448579734066,997.9597152777469,27.477452951460144
31.037892089169695,16.442261151127813,24.52029765836957,986.6204760612451,25.7694909451803
44.67999093410056,67.46344439551895,93.31017636109935,1019.0670726861679,28.92460500480239
9.614633391364036,94.89554721809057,37.36541257106741,1039.5143814703765,25.28412268581988
4.350329352803017,36.22892776420262,50.322237918136594,1034.0555848906754,37.00995778834733
31.360595952267623,73.44331887479893,62.47132996144617,995.1710359806233,24.433104540366344
19.706542438631324,35.085664344233514,98.07043764385708,1026.1988979782927,37.999433300854385
8.145134664649428,30.494105676144535,62.821475330287846,1036.211795797101,39.236063505025
5.854358367742235,20.180408257543892,55.819464523878324,1034.381854222733,38.20545452445935
27.94548934370149,82.09349068988645,66.69107836141174,1033.0729712786774,36.69983991407146
15.023529726409778,25.738706360914787,97.66465279337102,1027.1870307306556,45.3601914330254
49.8713189792989,28.31581629058576,85.43556790051524,997.5794885666628,32.967867371899814
20.295040966535698,99.89697421987775,33.51745090495377,985.0137839726475,23.057004611530708
10.614330438259135,32.73104354453198,84.26080119233673,1009.2691611707573,41.424356452382064
31.44245225586389,42.27744888320489,87.28792478431107,983.2874680613802,32.5496786768251
12.212744484525345,99.00554577748349,75.2555283166773,1039.9084210721016,41.135262447233714
24.704302161558054,36.93003454174263,72.57867673338114,1001.4985809838843,34.22588757124077
24.128809186050372,36.615200723586696,55.270160067824335,1037.5003951033336,31.069116086361984
22.67788148578686,82.77144662138602,71.33563096955629,1026.387259514055,28.625568065893937
39.804284813478745,31.193036848769207,79.00599777218062,1004.677457221448,32.62990976217695
10.830650073309195,23.378610364240714,29.825619845943923,987.0986847629624,37.631826741957624
45.2153652535235,42.32102551753223,40.586396814674856,994.2315854206829,26.176757618501057
39.567025160676714,70.06408005761926,35.526550317303524,1020.3826745689641,19.331144322311758
16.656118212166188,4.324302497926535,87.29694695248115,1029.7961122027252,40.65836852964271
9.030125314006925,37.39160272185668,74.4002073225414,1038.7664295098791,43.96596734903565
13.976751225337065,34.624490194584034,56.062283166014126,987.9297310408223,41.55660682946217
16.631812345453916,24.481834726203257,86.08446003907746,989.3568407230962,39.56707112109378
27.846658440352336,65.42873359043449,77.34250719940086,982.5463686014087,34.715302785884
2.3184084406825067,28.999008041367734,93.08744652362375,995.6218715301313,40.621866755916614
45.71795649260266,60.6731559008003,26.144559687833258,1029.2640463286787,16.933688838969296
4.933742833055549,50.4336841454627,60.73259052329882,991.8954114038545,34.13551081433424
13.963669705001742,21.71898708258986,76.53983228610042,1012.8718849937042,41.35405430847325
5.464371897648329,26.656605704218162,36.59945494438766,1006.7844318803612,35.52370667343318
12.833641326283008,17.06000533065639,46.170098557709125,999.5495745404081,36.814691277547986
41.88369093044042,5.662921485095785,53.51810010558613,1017.1007848072678,33.63567925089246
30.758790569162116,61.91884631049116,83.54604946164713,1010.1395473598118,30.095678013210154
11.366161254474033,67.27886939143343,59.48609608457561,1000.0857904090749,33.80887422522089
43.58792648996688,16.599999360866992,59.429602627823144,1021.3310531072003,25.330886916016993
40.03560296092424,61.53923846860733,54.471009484171624,996.7980914623124,28.173365663959565
37.68246411607903,98.20847400575781,38.287127143705234,1018.5910003876688,23.018543584899277
42.381634919285645,7.440209493782213,93.84572284902117,1037.4347521004931,37.19270648649751
30.982484075915757,49.03708724988637,45.424089652534036,1023.737118750891,28.18971018167069
25.071868010561616,73.30382136438539,65.39725286159205,1005.1039735781796,28.272281057505825
18.69675130856947,4.60091978297269,31.902378841784518,1024.8535592721514,29.766663056742168
11.18820102038492,77.82734939976157,54.73947136792377,1028.554509008009,33.29944146304064
27.870582882344742,97.9511237092886,92.30428129353741,999.5504280198785,32.688965950779156
44.47461728570442,8.848786353275317,99.63721908084737,1022.3079329394973,41.96259253303793
29.69908944961625,82.22299054659253,48.94014853867737,1006.0637717644049,23.889623279303436
45.98034308603184,37.85815445120942,32.31924370514684,1029.111348906912,23.40074001761114
17.84586847965818,14.41162024340118,45.15612213843161,997.7226557105216,38.016161515941434
34.756898626374884,49.31932091963478,46.17934147096156,1036.265580201466,30.466809781380064
32.43327362313206,7.15187357812157,71.56070354258541,1014.4872162358384,33.45126754101616
33.52169220313709,52.21014081671842,59.692537959564824,1001.1981988361429,27.602844748268456
32.252100612039634,1.9356788004049608,81.47677826125044,1005.1622761227093,35.620112239710465
11.082733746855839,72.86114416727301,76.10426275979849,1000.867916798842,32.8565295035567
7.179544914157448,48.796968581158865,40.1046979140197,988.7747801514294,37.91264819683817
48.93141281160293,45.89396609351806,82.74045519086225,984.1095438132481,27.75258012901036
2.26475644212506,19.619149374208366,87.79694935318528,999.3067217082956,45.031598578889614
23.386824351413516,36.126315579476575,67.87121518032014,1007.5214264646914,35.18555643044826
21.254015857093094,18.18694324216663,94.21341673988609,1001.7090163661611,40.872579652487985
18.000947910753812,73.53901005357393,82.63584981876403,980.8351702200388,33.33496337690282
39.09919267883548,19.902529943302728,67.63167254985592,1014.7403747571487,29.174875570240008
37.2675144156258,61.675332705171506,92.4932797850664,988.6889887934565,35.735825522715
45.26124617649702,27.96075010677521,68.0286784192431,992.660316713697,26.712242444850155
19.77437630934611,65.69821959233272,61.695290186987215,987.2449120568721,28.445520717625936
28.208976396472984,54.045495892134234,48.50066723288822,1011.225963801711,28.13070990005204
44.615352367106034,42.343863165272,90.62906644755563,985.7095575448412,36.90210474368007
49.69240314276922,67.30008334104714,29.818173669825725,995.3814349510347,15.017905559523852
48.46471811826775,41.57220716082291,57.880217137396514,1007.1025230571996,26.99629253637673
35.892193563436706,82.13706025750328,62.99306655000174,990.0625331103123,24.269851735174512
7.16137789050898,72.95984582352659,64.37992854158215,1006.7744817021099,35.822502710155085
1.1593005896513298,54.06389945130812,72.15118643881945,1000.5641075430435,42.58632264954232
41.26091782014709,87.7060682585997,60.46364994030525,1031.6358306421764,18.134315507406242
42.04710122459127,82.88618214680555,40.54545181119416,1027.6941927576975,17.78392971839939
37.31804541317348,53.18393946204992,88.55555169115999,1039.571275007932,35.024989068456755
13.996174299961005,6.844769370079751,72.60202622684227,1011.7347039779269,41.274022038832626
31.990892979926333,56.5996352199244,88.65502509682449,1014.523825613453,33.707122782185685
15.812422090763711,35.52569895602855,42.08347927843014,1036.798750886944,35.62635123780796
22.532412305046236,54.01129428037341,70.96455159222573,1003.9755328812511,30.63453580419982
19.121754249025525,64.71304604975934,77.13389960611161,1013.3409610704915,37.53429089612494
45.68200433950278,64.48385748506396,50.672412829427074,1002.7451297435284,24.702128642849047
11.707866537193778,67.35240435180015,84.9795294565521,1012.7516423538856,38.20931349099749
28.88054522868751,67.92686250450149,20.200701987383738,984.8459859510524,23.414570396674666
18.049076451692958,10.928141871350416,67.59358001713773,1027.0276456006238,42.40697412491129
33.15355559571129,19.171233045729362,69.08547762817044,1039.1167968457426,32.24045042165162
28.228157058873748,63.0541004542351,62.707447443090835,983.9444241463732,31.035219491689116
46.198884068297026,40.81723887310367,70.40387895355596,1028.0623838138886,33.153512118655996
5.080607585060659,76.28516453057635,33.37814856186162,994.5040880297021,32.40598406476342
11.03204198783817,12.490928226283216,74.78251854419005,991.8528231966188,40.568549143605075
38.31739819155279,19.152299442053934,46.863117026933224,1021.6022238964074,35.745679701414
18.43934199474217,55.8464642436473,56.164299406073425,982.6479349133949,32.39359809362301
8.289189311436196,50.07480192678987,46.64874911970149,1007.7943608351417,38.59473739758745
25.166062962269386,26.639715397668994,57.91489627995883,980.0866679549193,31.550583131602295
32.60710308056931,40.83432435051585,69.72553812093982,1013.2636417187884,34.80194768701148
2.2413357076749296,3.4981278056653076,87.06747767164408,1007.7249000638974,45.29313101653232
14.581094468372235,3.7038107994374125,58.67480461121768,1034.9289564008404,40.465243114007706
40.471126884802146,9.492700282487165,45.857906208288256,1023.2163141670649,27.172183793576323
26.012228330509714,57.67924532005605,59.035350314030744,987.5603703127365,35.478384850791954
1.7689607586659994,86.37164146131536,75.10429312564125,1001.2723975851169,36.19984555025103
14.097550263735043,26.022328925957506,47.736057338063645,1035.8947861807287,32.463009971740966
31.95703279897107,3.3939829723420245,53.14256597787249,1023.5200488364454,33.540633302190976
9.967973478901238,70.86271020523125,65.02718536069892,1015.6565068991773,36.341829253718785
41.369570310970715,85.53522390050665,43.520741106188005,1013.5442954472142,20.49480065941358
33.828795354183214,13.817278526310172,36.726772763555346,1003.8859079842326,26.35640692975135
23.568953047389655,38.57476959404001,31.23138270906096,1015.1120877601386,31.910736709810955
45.78118905333925,15.873684059020476,48.20879865008594,1026.2998648920554,30.953132061295577
19.590038546233085,10.63574306093652,23.867432515044563,987.652260581382,26.188702172381362
11.753670528204264,64.81685384743744,66.67860213676012,1038.1898383788875,32.866719683304844
33.070149626335045,96.75364761781313,34.07274927980196,994.3618921453385,19.66345764529764
28.664759373507426,67.81656256207623,50.19158338640342,1006.8645608862425,25.43216756594824
16.762395046561256,98.48146628076182,41.5378252318698,981.3629374788669,27.298931141757066
17.183228066198858,43.439527607029135,70.43119730733994,1013.0207553775091,41.58460514445213
19.91051543170509,89.78697888273601,88.0276529173493,1002.9120108356974,31.907795108012678
14.556928373968464,20.50842246663046,70.6640834390676,994.98535233638,43.55156540704614
35.51207031804612,11.79043670107931,63.40039429387151,1039.1314552269414,28.795024914175848
32.56792025256027,70.25200509124363,73.52669914576337,1005.6884685603364,30.45464209573353
22.038882627319634,37.140833086263584,22.39925102081599,1004.8577818156339,26.087160732349645
19.89273378896186,31.76876027471016,29.827572876969583,1007.7861958688586,31.657333476725825
18.252563467985254,67.1280577997658,27.59417887768354,986.9692267439697,21.159507009788687
14.173416069612676,33.34840417694881,27.85577325990272,1003.5857665888967,27.547044643975468
4.284833157852969,57.25581722485214,40.83869721572384,1000.1842555463337,35.28439556697452
13.410234276125028,29.945510626130435,62.56418083065641,1007.9074675257533,35.37515241267356
16.060067434653252,78.37575882112515,29.174526292539767,1031.3972700104769,26.1191754137435
27.384200313267165,31.23883404953154,94.80929929515115,991.5671236735465,42.96244939329237
38.68942545390249,53.499414449622016,88.34054421235324,1016.4643595431774,31.77631414909015
19.78510724170158,2.317608369701174,97.73154830663856,982.2582253851157,45.58215328706241
47.23784529260459,79.17307833583928,23.40000360707925,999.0075501260012,13.86367367340313
41.36749817205812,62.03377748219761,88.11219576714531,1008.3594571455616,25.486780229438857
49.24009239418726,19.223706699289565,84.29872603531916,984.4567490478534,30.13733953494418
43.81015205207409,21.537337609102515,92.16846916819684,1012.63807607741,29.04984431024129
30.83629746546896,26.249291850482205,62.23553341278469,998.6195372643248,30.076133522790272
29.923964390835945,57.653010459556185,83.03112566205387,1039.5686008155387,33.956813157906645
6.476306337710852,54.8316333093023,24.102950347412193,1017.8581701311402,30.952768031305897
36.119962444578384,27.38637196418894,26.070223158719106,994.650511760943,25.972475935719682
30.010342879633566,69.40622919770037,29.482579275967062,986.1603947268521,24.74282419027824
25.346605169799236,88.90411659337312,93.18310906385663,982.4431867622924,28.284762737128943
34.66434362786443,4.351547765353847,24.89354795107591,985.4463958625126,24.522699430725623
22.202392141899686,41.71966378226814,28.011962135928876,1020.803571621736,21.989429145940765
26.192983120414308,59.35201185448099,94.43283221036216,1031.2995365596605,34.6262495182465
19.917615240162817,58.64352035369994,28.591406546582256,989.4039868826646,29.187421985073485
35.86854466853449,1.953534698951076,89.5805038980299,1004.1280672131653,41.7775506493318
43.830548527394406,21.056606584860504,83.1416630449829,1001.2541205917535,32.55295225912764
42.04224695663013,6.183072131212153,23.22255908257234,1018.6710854712844,29.485510862329352
39.30126360247344,56.89650725499341,21.7477917511704,990.9606729034201,21.492833485830545
0.6893852272275458,64.53898876694672,62.751070681087455,1037.1991586268507,38.55827759134025
45.59402319387297,15.974216342347757,99.77403230134138,1023.7133829134394,33.07087128131778
13.743786036169697,33.30111193420726,90.30641280791892,1037.3043127330786,34.42332104253017
44.3986971481688,32.9803743376021,44.80203466970277,996.6421546972019,28.445070177847395
9.848405154468825,81.98023315897835,50.90473872923227,1015.2629382715133,31.368749787451822
21.982287571236863,19.465940452913333,51.03247969904808,1023.9360762266201,38.497202737128774
37.469939716345685,54.83141213256585,78.73430527240117,1022.657373366064,27.43027077345414
32.013947263858626,78.29355125008843,47.29062021299068,981.2807659657018,31.31212967731325
20.796096901471493,82.95781928970479,31.823764910020856,1039.897349809393,25.030538969280226
33.93119283701392,66.6566094284733,79.76859268668403,1035.6835983661272,28.497375095145127
27.447475502331976,29.952775226188287,56.64124945960837,987.1851248763567,31.10680360401301
13.786815331776614,82.30465748288563,26.14229789491736,1012.6140064577103,27.058483733017027
32.31647227485699,74.21660271001265,83.20418147936486,998.873387319165,29.87178699660159
10.212354317226168,70.44691338292692,66.82490111601834,1032.7336409554573,33.76401912567244
34.699414212958274,6.733539888500717,59.14954602150274,1021.8511778352893,27.5559495387958
0.15554388116214013,4.326488065154955,73.86745337178239,993.4110294039435,42.79604388561057
27.438625688088486,69.53652977015795,60.4294146256293,982.0316687220375,31.48311189327041
20.05338137780705,94.47948012339307,71.87361183907994,997.5045081568865,27.368001411899684
15.155188690097365,77.37239280630193,89.39908362922573,982.2882363684703,30.360985472801403
25.785398361731875,83.14755664936885,69.08114944889003,988.4786427799017,25.654870856170177
32.2655816267944,54.49822808497904,72.76803982834198,1018.1682824968227,30.62313546413412
48.265613310673245,30.458614408807392,69.10848555365398,1024.7051040870815,25.797165979011773
41.65322449440488,67.77368967668842,62.49438221066373,1008.0810140003456,24.162930059488577
35.85749415419054,71.19708754926926,33.757792878037726,1016.0172722416477,19.851697761417114
23.94834558395732,67.5357971694007,46.85421148470923,989.3531021759605,30.646342063284763
19.607205983217714,94.67090567193205,75.44871738864978,999.0077102319624,32.16075798317395
1.6264827292998607,36.71790332645565,54.03808853614217,1022.7730308366653,45.79531744530476
17.95484515295241,3.96575389557835,52.49032095288186,1001.8934669651057,35.72322465698139
42.41885693363083,90.84443527574095,80.74154273044464,1000.9286734152673,24.205066744490903
19.201229098814498,16.04991188540813,20.4455088498929,991.6395582215628,33.824763644355876
23.079249953107322,69.73183393874325,74.31955841962707,1015.6894925639144,33.477790390004586
13.591721201245239,87.32044397726844,59.13812083920122,1028.572316361152,28.548083654395505
13.706637940668337,31.014139801463514,50.14100649970817,1008.1667017163381,36.880343603407
3.0935880445874195,83.04152408549264,47.24292892588717,986.9323553882654,33.52244431666195
30.69019628099004,33.20581262714442,33.830039625213566,1030.3020459145669,22.511519050684697
22.403470152267317,79.42579282362497,46.74016661988824,984.283826276092,24.819149090723748
30.29804037453973,6.982986297372573,51.31347776882983,1008.303642392072,33.38634434124559
27.344345001442637,65.52429986709278,54.99591355398679,995.6646401694347,32.48578547107679
39.94222936485874,67.7138080578796,73.7840510942022,1036.1790893792052,29.871135169349714
37.550595615573634,49.14258300809564,56.28568155384039,1024.2525918769124,25.796333242736665
38.57269265689397,68.70908638627108,83.70274433786804,1013.9845389780752,27.007780281019116
24.96195034708378,92.3183670553841,71.17903979026995,1020.0653264413613,31.490940419433365
17.694067567696525,73.38548249682279,35.16776635952715,1011.9636357687494,20.328689960815105
46.67182952664764,96.12960289846598,42.173853821641075,988.8560567131645,14.805946089069334
2.7134886858276976,44.86123138520718,26.339934915310835,1022.5459207997923,38.06966291614883
7.631065392511516,52.829073170395716,95.65774039386578,1009.5604371361695,42.59809530470937
20.979954608831985,26.37386972377068,90.92403849834133,1018.058556279364,37.53242008862802
30.697882628400556,98.56016678008685,26.78369803607497,982.7120998386362,15.740164959154123
0.4100187403360822,5.513673516127238,65.9260812677968,988.5220875537952,46.244184971499315
35.966140965557095,35.86204176168103,96.83214550886548,1015.3622285559194,35.429453971392
27.936327139495738,29.769716476861284,79.77142319569245,1007.5657341849769,34.84302699434301
24.23513793384626,38.651171312805545,59.344975517653815,993.6124201372193,33.50027789092459
21.17475194139341,91.77178605198655,39.28823911253079,994.4456552320133,25.486338932843896
25.974351587031226,36.803787406851484,42.32296600650365,1017.8994987533565,30.23746808138452
8.08928672408738,91.69766527000004,78.89903637370885,983.5380216157445,30.676502287376337
5.435586963849126,42.33388616632027,82.44602185950774,1006.0555006534144,38.28467312622592
14.48187393759192,85.47687692202082,62.295465948114604,1011.3862102835966,33.664635532692714
35.47523959926623,52.17500985006688,29.675896121336383,998.48855616454,24.978536977739413
29.414394191774818,31.135284342831493,94.70946989012756,1029.23298970954,38.739593363230284
24.00615088095063,44.93497989678873,87.5810187653388,983.4061749541306,34.090395071385615
28.576048294798017,42.438107897820345,31.243102322193828,1031.946967114817,29.544349198697915
27.96290065196716,25.99140620855509,24.53820669030818,1023.3957795732663,26.788401343804363
15.352096274496269,28.963872999190677,62.86941461997869,1006.7752627359918,40.70850164869551
4.872797362236292,18.645392131105442,42.73140941836208,1035.4680434127504,36.2922248910137
44.83911843315253,33.600055720760835,42.65997675316544,1022.134297789683,23.194078457686235
29.99556313119573,62.44058032491711,26.97772742003294,1035.8627209795427,23.80684016430876
34.88739998404258,38.65581687096312,96.270866821711,1008.355386764934,37.55783751796894
23.199861218347756,71.23232109262922,86.41331677278757,1007.1783860597232,33.657140550185325
37.824028998828126,98.69781696879531,29.106767350073348,1011.8445578867708,18.238962909767146
29.22486319893336,37.7101079484485,90.12790141206642,983.9256022391481,34.2244538509268
2.6900561048595115,46.26392140896169,74.63648447705097,1034.5096550801982,41.996532760730894
44.50485176968456,16.411015694809763,46.03529054628869,1020.063023098511,26.841805461245013
15.276807339394344,39.22152857793161,89.70004435321054,1017.0551406745622,37.6780072551172
6.894538871066774,72.68324507906794,67.84177502255667,1035.5878121882338,36.67321077556649
4.402050385215789,21.740479974246284,87.8935875467509,1039.618230656503,45.674165938028395
36.02201569210554,18.205404865522922,57.54143395898019,989.8036034395086,37.58954391483502
35.19841834021799,37.637487364919174,60.0520832129462,1024.9398190943014,28.090256388209703
35.00810624066354,81.86494857177314,43.28080235287649,1014.7967104693032,20.32100060523454
45.7876386340783,62.36571897114834,51.01541535557666,1007.6598313154168,23.40974822408741
17.447151099882575,95.75793775866063,65.42016553025772,1038.6567560988287,27.537711594171
28.05665281794616,90.45404349276255,95.76473789668938,1031.0157806693069,29.043475659607974
30.974779149717474,15.113719682324234,68.00942079745079,1021.8049990456082,30.26301131775467
48.97409142832313,4.255277460721462,31.790255342431486,1002.9605700314083,22.126273831846497
15.61730718592959,39.90947341947542,20.559694838118936,1019.962448249281,27.2974004551514
47.816559995197025,52.20794788186396,88.0790284406944,1011.9016474135642,24.774337906607933
7.436716654119069,51.55706152187145,49.14603386929224,994.962106984562,33.87357486262531
38.200072801392096,13.41072677710553,45.19727517118663,1007.0228793887404,21.761010902128604
31.644295001020637,12.481743215461039,84.05848983539056,992.7327180861028,37.937262359113426
40.84480186359937,4.686075577920368,95.62914392718683,1010.025217592311,34.892445888500255
1.434278681992357,85.08599260554004,79.8436070681565,1023.2142845567072,37.01259285372917
3.906552146952791,94.77441380681788,33.90778503291458,982.1987734291478,30.581361229833423
3.484788978457293,11.568502021797167,51.31026348728338,1025.922782559119,41.867940006709965
29.64797277486439,21.31223685491116,80.75188419477925,981.1996395205006,33.56144177356509
30.146803378776898,8.986288473491033,92.55406517364587,1011.0366621775595,40.25654542559037
45.305244467748814,87.7502171140835,99.88800511597282,1014.4086024290098,32.291461589059374
23.380175725922246,95.87087335362409,60.92487257105486,1025.6746075776675,24.754532240692818
3.402452750248197,26.179657672089007,85.80198546735599,1025.661729400449,46.7461549498983
10.476470081125772,30.358382993537493,23.730531422190726,1005.0473267505744,28.882429711565287
0.40365474089214537,36.266968441293955,42.86597998039744,983.9823506539061,40.62802893078113
38.83572625642025,50.24637593807313,49.721072267799144,1021.610009166549,23.819224381424885
40.77997184403873,68.24609786449268,98.04190762255152,1010.659160443545,28.350501411229523
49.8970208142068,50.43905832546242,20.271491857188842,999.983507399786,21.215012273347675
20.609722452654715,95.10015816762412,44.64165902100745,994.0924269651795,27.789889677163174
0.9649187700796258,9.989345852149867,94.43298076903231,987.1854927866285,45.32296905260867
11.73649407451861,79.8605512275063,44.5342588035209,997.7085498325163,30.249412688392074
29.38844338316479,33.448309081347105,38.00534126516615,1007.5093775075176,26.299769115381434
48.09714835263682,37.75476880865476,78.40708091487869,1008.6565500907551,23.69135847696817
5.178927573539715,70.88294437102253,79.62711143998922,1014.9643358848872,38.90923607891442
6.07865100803714,92.9377109874379,57.774230611800675,1001.748114161243,31.254463970419593
35.08794926394715,71.62007785535768,95.75339758923387,1035.193872154328,29.280993847987215
33.36035275107748,77.58605753793967,36.21656636334735,1009.7521767849571,26.514962149921125
12.525317765591653,75.07792421587989,93.07326671836779,1005.4235024071073,34.80801176812775
40.65723955072595,32.097860598372485,80.44064612202365,982.890078101089,31.488876429911908
6.43893777387316,75.69304331822478,49.45666726832379,1015.9409049279731,36.21606723626057
46.28709223883799,78.45207602198016,84.55268957786991,1016.1721361640031,25.24684484050035
10.05159651662107,53.34003206505128,30.65617411310031,1014.9973778018422,29.08636515916824
4.06761863615025,53.67562386668163,30.478599455458184,1033.2558150564932,34.28230315534474
16.97610432369273,75.97208030624839,94.39497625979247,1025.7740499553574,38.09178728109049
9.392064426727249,81.70308622244075,27.582440627632934,1032.0443371755457,31.160006977467532
26.347061251801644,33.719544203067045,20.326368547952374,983.5653534145958,31.79781790911811
34.342326868586305,80.15622175752907,51.12243932679216,999.0875859352905,22.69992433652351
24.54607892391456,81.42090066754112,28.308077954570223,999.1227166216822,24.050314298244178
33.03036659054888,23.412564091857934,89.04291945954009,1019.4227034661172,32.426804652963014
18.24602571999922,71.6950745316716,93.81548107543463,1006.9169029222707,38.30647604923568
1.3961298619319995,18.653392183615836,58.59410914851302,1026.6483561951225,42.32905524732551
48.70320621125745,9.304911298812923,54.037722640802954,1003.0658339993416,26.829453886472756
40.97067522699977,57.45430120502276,63.123142155527354,993.2964546387445,24.183586189740954
3.670941204231404,90.8652198783399,38.09556998759889,997.4570640976567,29.170391174945898
22.45881980781672,3.5459023525763245,43.83726891362688,990.9481835690489,34.75131686026049
31.75095350359373,82.65016375949217,28.078173638720383,991.873561505774,18.100383685527216
9.529713528631895,50.647121070350664,55.71600728890907,993.0103349258391,34.112622891702614
28.899430568138573,86.08954487212299,68.93532980269273,980.9656826904335,27.470863596954505
26.682430905884353,84.34769351710469,94.41789875132815,1022.9652820857527,28.303631452301488
10.41325942673524,87.52868048162887,79.12585365014067,1003.9761405362681,31.65766294654321
7.0605154638726635,76.88739548066734,77.84509868425494,981.3602799129097,34.25706260560965
37.94811448093187,84.2992354546995,44.63991696752817,1002.2004526679505,26.370333906950663
16.129322307481686,17.602520720120364,91.06346380080356,1034.3220876269247,39.99473713022717
12.202026692112167,30.385314887494165,95.75645573439982,1010.6746590180467,42.45044718400559
36.893917640299435,24.24861708072964,94.58103492336296,1039.205120680781,33.09652941137581
36.8034346011491,74.24283037280604,23.104242121950804,1012.3975659126834,17.659064642478288
13.820082816811457,15.364311936713593,68.34805090432172,1037.7679399430638,35.74208528115165
43.62842306259269,18.222779037778857,71.4580084580236,992.1080437282648,32.40096438473418
34.41250825361712,87.89647207219426,43.60521281732028,997.3960887631621,18.138665242251598
17.288210891076904,70.58821929128382,99.39297465263438,1021.9982066107857,40.56465817309343
21.374482509232944,87.53799779190868,43.294996705484714,1039.2092970199667,28.25598250242622
36.33548429653089,13.93552582606905,37.32893265448446,1029.5178446611626,28.409293378629968
10.5791916447746,39.89804045613023,58.73165203545534,1013.222316600545,39.47071028446332
23.438039623761203,28.315117007631763,45.85179038162748,985.1091568615349,40.76663193492557
32.67791711290498,0.9681085279649504,93.92235678959554,1001.8627465999876,40.39799938715027
26.97492740043566,28.452296043870685,55.20613850518182,985.1855420357954,28.426741925983038
30.41641729522466,37.95832519778794,52.811964373806674,998.6768817119903,34.181627561102374
27.310624973838983,9.221963724271188,70.06897040868,995.5275260399195,36.60384658709848
9.961372189501006,56.64875578268198,26.48917370008987,1003.3133177982031,36.459725379281196
20.51026724863107,38.31726624726331,80.53863574532174,1030.2365953993951,35.92256980464033
26.599274773877283,4.646166227754545,81.47190574438972,989.0226002786228,42.142670880363944
39.00313711729731,70.39788648679767,57.92206677821341,998.3638369312165,24.654386659545576
32.69521185847713,72.92798338411035,96.45583528003426,995.6670346592964,39.99053913762936
21.32954725929674,83.44714429694349,66.34712886365982,997.7684988282144,29.05905843214418
48.719991607957276,48.55405998669826,75.61891633959927,1001.6374084884255,35.649188053022336
5.389776083986258,96.86587973345098,93.9475964402481,994.6587049960183,38.74127092596292
10.340243427748419,91.40641445324565,73.30762747398339,1036.5548763333875,36.76542144846165
17.0656305015832,55.13516251001316,54.546080618043774,1005.2061028347592,37.493826079733665
11.428603849395508,44.49519310694172,21.981694050651868,986.8467959118361,27.532826689905384
31.272099840300566,0.3034427902922854,78.26394525054475,1008.0595166016393,40.13609842657536
1.9775364668127626,71.09945317392338,97.1892809280836,991.0659141116815,40.5582441413976
8.871839213670796,56.495450404969105,57.6188098828795,992.9678385500793,35.384438086798156
14.66736188293022,93.75441454860807,47.181491023061135,997.1024850586899,28.232807107124863
34.16728875396583,59.423212524124416,61.540754113102274,987.4855913615568,29.24554927488972
43.793244129056404,99.28560938927299,78.27497645477274,1023.2671359548,25.470607991423684
39.92458852765272,85.38192718632904,20.055237958563943,1027.516788483875,16.057467426486966
9.104046662512744,95.35979358149531,90.97693781854828,1003.657095314936,36.567051735162316
28.270287922053456,32.766277128503894,90.90902877426575,1021.3395523660128,30.042423815914262
1.5011322672343619,14.933599476726645,63.3038346886967,1003.3372574102417,45.329141718019706
15.526838767643058,79.68721137951253,29.790301294048636,989.8446394181818,31.46049032527012
40.299189741416335,78.61971029691325,73.7444635690897,1003.8300836798767,26.49842740289091
22.833285687166978,21.14489394055632,31.02765303706507,1013.4192437288983,25.879991089513737
7.497066113791728,76.47446541349127,60.60377211461446,982.4596588446134,35.81203552727921
21.927669074415633,58.197335804140614,27.490397758489358,1019.2690634409422,24.559598080052833
9.901646273111414,10.952514490167298,67.12522706380011,1024.556478140287,41.78111732560944
19.659572893198142,50.17835975702087,45.445546009438985,1031.5982154625137,33.32961574919373
24.39167363739217,93.11380008386784,86.47931317900023,986.1662336149584,32.44569068810074
17.477905625551422,50.64575454452288,83.99569009667317,980.0056156314963,39.87408443459332
46.848447521693046,78.86989895534721,99.87791003795527,984.3959821413298,27.907223915665867
28.126514877819098,2.890998664195654,40.60025397634918,1035.4470082271664,33.33200876110151
42.14463369734484,72.80814128625937,24.94408742236643,1025.9333432624758,21.286446864106072
38.036427352779015,94.68373861374772,55.44026121190758,1030.12613880567,22.56508218201515
33.05831546338883,49.95277848929358,26.672266797325666,1011.0208278299583,21.9847768314176
24.84443741512911,33.77099130255864,34.27997720526105,1011.6031924738326,30.639685349939874
0.10868918907937508,64.66505048868973,67.78401130892419,997.9103353903511,34.980107665417215
30.673380027604193,91.62612150932193,67.37046810754389,1030.5651831180899,26.849577277715344
17.797872650124884,17.676965053334293,23.46619821837523,1029.7861749850272,27.615264554893947
5.88810834006594,40.369421002270975,55.432380113462294,1003.5302807433297,35.65765013122597
22.231313180603884,15.629028098184117,62.41749542937933,999.7560242282884,34.32542540475868
36.777666114165235,49.66542322198928,41.44193902559893,1024.3023962751815,22.489848394367574
48.0838897349352,54.042201303055904,89.76345455003953,981.570088300276,31.308128560060872
18.705244556104102,94.42036147216601,32.88789181171375,1031.5969339111032,28.305487735328203
27.136164935248836,41.25151537676274,40.312144400497154,1006.7748793588504,32.59835645733847
42.56221916817925,56.695661353969825,32.55955320262024,1006.4806547925716,20.751781521866732
16.699970997500742,88.52625740541524,29.323730709644646,1020.1446708432437,24.378012017956088
7.112862248540769,32.14050001761587,90.31833472057008,1018.7449616186319,45.725495179898736
14.094091561634453,67.416386896759,42.22873320559855,995.958443963382,30.408851387270886
44.9561414904194,75.71618488220965,77.8019215574285,1036.5967162708457,26.454314010781896
7.969655423091887,33.05282346870094,54.23858877801998,1039.1797987599593,30.33180141625953
16.461053050339103,16.434118553064447,70.86987845871334,1011.5593408577711,41.28948462500868
23.23201552501703,50.29095419022733,94.25409569377675,1013.6828478902208,39.02499618273078
42.355661174546,35.68017301333016,87.56862936345995,1013.2590778054174,31.84951103760156
46.88566418264873,26.646243179221397,25.518911393619028,1009.1472444906957,24.468001349532187
21.29051548166274,97.3421310694105,87.61620282233741,1036.7112232206696,34.30039310473582
46.59770241767578,50.21530187015332,56.14588122245577,994.6851469386447,21.964688955283847
8.072954742887728,85.64776938434238,48.01165815039083,986.4774905753234,30.02527641995096
7.84261459481852,19.531741054335917,73.79103403693027,1035.7728370594898,39.19479777783509
47.46254098173989,93.94427648991307,96.01662984793984,992.7822988526692,29.751667470456553
25.48400667641656,79.44314345690218,27.530839807050995,1024.949321212525,26.710637482436248
9.295391767697698,80.86921561891424,81.44616242001914,992.2323985539269,33.48428122533454
24.399518528778092,38.976487519592865,36.280642460636436,1037.6111609373415,31.573441826734253
39.16055776895257,48.56369930776863,50.4108898261599,1027.4673062202385,27.08221934137717
41.34601828617618,59.335432589868006,89.90584130106,1035.1230903268915,28.53313048035937
43.19846283246211,78.97655362050648,63.66393472098715,1037.0590892066996,24.54655880637819
28.478545154370927,84.90567520604377,25.3965318360341,985.06546305614,23.791812061915813
43.34730071839402,7.804530935193443,60.64388401093907,1006.0033313494969,32.991764501983916
25.501510440162733,90.40623875331745,83.17135213131394,1018.8860202216986,37.89829730495803
30.352995119553867,93.74966525042609,62.31044702124747,1028.147366247574,26.45151677674513
37.935990113582264,59.288740435678555,33.351139118324184,994.4883046648641,21.609399081069444
21.271764635525425,18.675061325490596,55.60328600460255,1034.8762915633572,37.215404000384346
3.6790743569387385,81.84148327034895,93.94762944317195,993.258579745888,38.860557760074
17.50831784288488,54.85876145495989,72.65631920752904,1031.9705840924412,33.78477474376809
31.197210839798018,81.71964537163797,78.39092052068715,1010.7627547798514,26.405415676997542
9.616618481973843,81.48081265893165,82.87492059595603,1010.9253303122114,26.073711300237314
7.419268174982002,8.672931568579244,27.255473935466785,1002.4403369289195,37.98857251016839
14.65402722957188,60.70214283706641,66.52292474159711,986.2103138851214,29.062301340148714
1.6055731138910678,48.31442992687213,50.07321545482465,1000.8254037871723,34.31481513722955
37.17114490434599,94.61194699995177,31.13273309376777,1005.6042028989484,19.786786624330233
12.935780109416939,29.664129192539633,36.21676466432191,1008.7412633931782,32.53567263170075
6.211919831829976,20.6000106190925,82.49283789797875,1024.345717424608,50.12515476926551
34.956470798171765,89.70868560191548,32.919128423181824,1001.1242066279035,15.714823677150687
42.1464006271644,14.871556890010474,44.993488577737544,1004.3955716188392,34.162022129587115
0.9937797930889225,68.65194587244618,42.78986706104652,1034.365916139327,38.82422368392396
11.679988537061242,30.001981384181086,23.89042911316541,1025.1540376780158,35.049739576293554
47.26161624347917,56.784575549747764,56.97267593914869,981.3713461702275,27.37432241569095
19.262706796638764,61.62194328412611,81.2743873735367,1028.7253254633822,36.77849424404203
46.92960316909656,41.73692819579667,21.772210619911974,1039.3966354610216,15.431431540254
13.710626918533869,97.49649802370958,29.00411603839169,1036.3860644820693,27.500055860816797
10.9033817785966,13.183316808497914,77.61493436780543,1030.1573539697654,37.95401484456632
10.705420586399795,39.1399089036757,67.4864792538331,1017.7504248402361,36.5072764815448
4.261433021246913,43.03953268743158,77.21980912389455,996.6915273299156,40.44017244691805
44.82161442545628,63.10469489961815,38.40831639017108,1019.2658366828058,18.39642282087016
48.99175113164505,40.72597581945191,84.30150266379239,1021.7355482525519,31.887946854274603
47.725440363581896,9.703601137216323,58.38968480882214,996.8934896618402,27.507057560766413
42.6014069913637,94.74299981808262,68.82415793430857,995.3197774645064,23.94322185323244
42.34439538254876,41.607908163868565,27.3722733760669,1003.8154315455362,22.029800719088183
33.05427335844938,34.267372721707254,36.402526668785704,1018.4688181420121,27.605273562472977
41.31068559753068,44.67221241740047,81.86863052882465,997.5837361569425,27.45094052818274
10.417118217152389,21.659568212892243,37.91267529510228,1013.339991330712,31.88048449883943
19.395631519356428,10.02216846686509,27.402386201716695,1033.954244111251,32.24723049891243
32.041814664737394,14.857847910886257,67.77626258016802,997.706019492755,30.863887755525823
43.738566628079816,16.66548270035596,63.834921292938624,1037.9584241676507,34.46695553370699
33.023473118439185,19.767343821589513,68.63151431866343,1008.4008787203929,29.189663153141023
41.951097916710296,41.99602122261923,69.4644397090473,986.0545002587536,35.10683139738922
23.69747579246487,62.38992690441536,60.0157876691603,983.3023636237745,30.96625537725039
35.865186885252214,62.88878380267325,59.501913645492465,1000.3204708579589,26.831242732841694
48.99904031875433,0.009756956192685795,93.933245223157,995.5255374037923,32.419010992644054
7.6744278564878865,92.09576668983999,62.71053799037922,1030.6227996321952,35.21789476232836
46.346034615794494,82.28471805323217,69.38401619310869,1024.2583052850173,22.887661312442013
26.118197392095137,96.39380394360398,41.35755135509957,1033.0727772122034,25.031671218923915
32.1609015365029,35.99863447301929,89.6874560641753,1015.3552098927122,37.77755820034711
43.893450345525636,66.4799276689397,21.949447412733054,1006.12743485543,20.34686634604784
20.482708627615846,16.802074925609713,64.57814098382195,996.2340756851443,40.245966183273566
20.934628744502533,81.7033027220336,50.70802361584869,1014.986530065395,29.808738469113425
26.35909181735502,16.136772295436884,68.31233564483816,1017.0814866941691,32.953272241221065
0.955104224842529,32.598570080774955,48.813763981710416,1003.576853824512,32.347845389734644
24.83330904716754,49.08348559469833,77.41503293741175,1036.1957253096434,35.35092936105738
14.554363249711516,59.453166885275046,21.626515437874467,1018.3972753009709,28.716686621626746
46.39770911958907,55.96330242867316,52.47115510153144,1030.248872036092,29.47779717253922
4.3867649376515665,10.209601170999727,86.50108797939309,1017.2234448421374,45.375120644563424
22.96602310099009,42.167600286385095,40.01605742235487,998.9922071199023,30.739162706158478
47.37340851886805,92.29092642058225,24.220070270425758,1024.197149472722,17.747367549596685
45.051762515923876,87.23685277518516,59.72192596521349,993.8152718530199,22.875604662509268
35.06742211872751,59.07835232546398,98.1226768421432,1015.7965618999165,35.87810227160705
29.468052599803734,57.23245754536014,25.13268492281093,1004.1419805811641,21.574452891190212
14.036546856642007,11.167518264933019,25.604519419983465,988.9930921282622,30.103724870774506
18.34785563762274,20.02594523103034,67.60932519573426,1004.7944345316736,36.62865376393374
4.506743237706362,25.263974260409604,40.00541703025033,998.6168497672454,30.312529983450368
39.30541488791188,48.81957285238057,52.81849869097803,986.7333249025053,25.60512077928129
16.193488395190585,73.13560480957187,86.44057223995127,1029.4296937195916,34.144323433645525
33.389094951510366,46.07253556042582,35.907894734601314,1009.914953386075,26.667141237299212
17.879738859930672,12.606104183739774,77.54399495851465,1000.7813763362852,38.96748832714001
23.216522069813134,43.934887701138045,60.358841061404505,1010.297854982177,29.595039429892566
27.75012361881975,16.263325374888836,92.39661539314173,1025.2749870505074,43.08619301587379
40.09262041953018,75.11473516928845,97.83696002348512,981.097723593155,29.745796145221917
10.55781887703402,16.6500860404579,58.796862852271666,1012.8051056344173,41.571853797648934
19.93826934149282,48.25339895444567,66.77176472923735,1008.749046997038,34.674468333696225
6.504078594590879,69.34136026610929,79.66740325900426,1033.5842114909044,39.868420507301686
3.788025246062965,22.81980639452086,45.4939313497604,1013.3582995272689,34.32988030578413
30.233717808439593,7.603010763732643,38.139228041859745,988.2393705523441,34.229565710289585
9.454552217945134,56.32994760747487,97.17481379544041,1003.3209929171085,43.54932645265609
2.989967096304941,5.420266350439251,54.609231297566254,1017.2641623231551,41.781130275145216
44.85489656032027,58.7768642968168,20.127266121261897,982.7560284233471,18.944061370498247
26.71572098926979,75.34985375862014,87.01746388200668,1033.078945843857,35.912314407213955
6.7314103701492325,32.93159916723065,67.97313290328685,984.0669404427773,38.18872510424935
2.6713063723774857,48.834940908069214,33.48468501762433,981.8354676707825,28.965284859545573
5.993002670682807,92.87618382249465,22.41117545416632,980.1209344460132,25.558783900440943
23.566862016030704,47.11088641755524,43.31859448333849,1021.0246694979713,30.334303792359687
33.423262758444885,99.6554061393389,94.23096763789317,1007.35520523336,28.931910432663724
32.06400374930228,15.700241135767289,94.67929360284899,986.1690616537461,41.42874850712116
7.221154313224925,70.89339024832891,44.88027890416945,1031.3725113593337,29.964099577253815
31.67444759188544,65.2618598197254,86.87447942565734,992.1632164455444,29.08604409182098
20.24328121087997,87.23048135263272,55.34762586056765,999.5794495382642,25.063560866290402
23.237189214973252,9.244321199054074,72.34757993092757,990.6632884308966,38.79603715903214
40.071520312265854,28.02065915018167,46.755510069687205,1035.6053778633564,23.06381079980078
16.62496863398192,13.217922576033525,61.2778077016788,1025.484006990322,40.363337641360275
7.349952358167688,93.30951222719214,43.50235572402612,1023.4372037986564,27.39950694047913
43.672656678317026,42.66353246452571,24.889148988517018,982.6397618043676,18.438710255153673
10.6065287933169,91.00658455350691,31.15025489532311,1011.362102254362,32.66783896601364
14.701493527732135,29.440699435882266,43.25395955785898,1014.5271462046844,37.8618580419517
35.32950294513112,12.636810136165188,98.10030271809039,1002.951250404961,38.009178471927626
34.17751585288036,29.65372729860164,97.25377201999933,999.3053750178589,32.16243136600473
40.02000106419143,59.7174359328049,86.21306739876249,1031.1165716131272,36.35981499949157
9.193332072397054,84.52325917845909,38.60048408768695,981.380995481272,28.358402325905853
17.613994665710166,38.539069322499685,55.32817124334581,1017.521290896624,34.994289101876
6.294161947813054,91.48086592534843,55.18262707925635,1003.654814837466,34.789956489093385
27.05195735843021,24.42320596779287,50.957859585454706,1019.9570408685975,26.336226331262015
14.62852962693506,69.35406873037668,23.590424407179647,991.8750527477022,24.87198695941798
34.44678205042814,73.57133504822723,62.76218993794542,994.3195612777213,26.145327376193926
0.017218399227053593,27.3962919330616,25.82495936998887,1015.2112284006081,36.56533289557056
2.9841499229789625,2.696987830052744,84.1534944574355,1038.7963127771482,43.063186138050334
21.62801502596717,36.52373420507554,75.30457142758252,1038.481014979179,37.64354106936607
47.909207798778425,4.519614730613608,48.21896053148278,994.9388590286411,27.148118659416003
44.542569367959146,90.07537754021777,71.77091057699705,986.1410618195426,27.86010220560867
49.70045140309916,95.35252629340579,38.64296052472785,1015.4205942757998,19.400340280971964
20.841511243202245,73.53799159460004,41.22000519653059,1005.1989564844177,26.61296001492125
2.3284243136875773,72.66845853138338,45.13068135403239,1025.7012027782448,33.47004465057113
15.29780710098812,24.089266941173058,83.76092799482637,1011.67902351671,43.58294115611308
33.788542608697576,7.392557655808463,36.85530774768676,1010.6352083597385,30.456054647109003
6.758190488370763,80.21046358609166,65.02249819888308,1018.7875920932491,30.70722283451836
14.998608938000052,55.91619315533676,36.0373691537188,987.585106690939,36.087478015813744
2.808308227242934,68.1627530787175,42.802994004993195,1020.6297037799941,30.94466932155833
23.748351919511713,77.964106808623,38.838503438919304,1009.3111820393273,33.26799153010687
10.446033884754396,40.943426895226885,71.60037368586288,1029.2088239380666,40.11994444293068
4.562401344950118,14.454658997831771,62.13831555646243,988.3224100222891,39.10668536162912
20.56079047412395,79.50367993628954,77.70393167244427,998.0448229469843,25.13678302158386
17.561270218707747,45.37656392284074,37.59547498663886,1037.0147824409314,33.64387284666316
26.875886847274614,82.69242308559326,20.73188285808298,1013.1843727574013,17.130529764261155
37.45193276568195,43.76991467600128,74.44076537042679,1035.7580599852395,32.08058838306875
5.628436821325261,21.70164084573061,29.188316679606075,1021.3421061867127,41.48729260227169
39.556279510500424,17.100501665378232,39.70441795391649,1035.5858818961076,24.41740971563133
1.3144989937590057,74.39217565591679,44.454892196897816,999.0695770616288,35.77022434326688
22.15509512479239,57.48891227939967,79.74416738326944,985.4320255021495,31.58004700758206
29.3715143442941,40.46029004646865,70.07134485259417,1028.134505893886,36.35535714813845
47.849933656989876,49.2116756191332,34.741234922066305,1028.2681251477402,21.43786812211888
28.696151343482484,54.96386052865398,67.83102484957934,1017.1296076785388,31.094824231536865
7.937459663569429,23.9416441825796,76.65183960884895,1014.7742121897099,45.379722802218424
25.877090267195456,37.816557969768915,51.11177622321372,1034.894490240577,33.43575068460875
19.78919735957081,29.241146510973504,39.67623312222816,990.5899080212919,29.22829215421798
23.967778380012184,38.84238467456272,74.31862183318314,1016.992278282246,40.514407124425375
9.854850732954363,50.056221351790484,68.87129601131977,982.9862366493327,32.16086232756069
25.04135211556359,17.33575390543659,26.232972677665607,988.4518962054577,30.025094087489133
7.501988214543842,39.351506264888805,73.33437121870034,1006.236340906598,37.210541337417084
37.2021540345435,38.54944433069235,59.08143462682389,1029.272442163305,24.710399271183803
29.695313011279893,28.60038168422627,80.26951655821819,1023.9879614450035,32.08901161142705
3.9263845795891648,99.8496324802452,35.25740335038614,1038.4438634627597,29.486890590389955
44.48072339644899,7.3627508994291375,40.657313432110115,982.6909189081939,27.46110357654849
30.818980230781918,64.29511392857357,63.465019127801696,1002.8811331295741,31.818965563268062
15.805352756391573,17.44386065364356,58.53868223137593,989.5274480945096,41.25346893249578
2.2821199763655153,83.95239892851824,50.90922968451973,982.2176770429701,33.77392354908799
31.61133478858165,91.41965360093009,79.6826651543831,995.8638533776685,26.65473120743091
18.67201306741684,40.14779826089588,65.18012509026259,994.668310651233,37.911053151263175
45.38090524392438,82.34784494207096,76.82174831152949,1005.2016631077315,22.67431498877288
1.7438916357087275,24.99094493500604,32.260396985529255,988.4048724740356,31.538051426002838
1.9551217671121668,14.006850732926157,78.31906361164297,1009.314054753567,47.50395357071953
47.46496434534677,31.587826640261095,56.92224864802335,1035.2058996388546,30.55591887779093
48.243697283975315,34.167401389104725,22.701434854766962,1024.891335895899,18.287757677808756
1.38711133863193,39.735754478557894,38.75932431971993,1030.530639769596,42.65727208440155
35.801661747066376,37.29589419578188,22.06051133924624,1028.283715599292,25.893820025682288
11.074742616442023,41.114445285050394,56.5499617592835,1003.3775801864381,37.158064488078324
35.069638314303624,71.003336580513,46.07038084440683,1022.5376621778701,22.930026921473235
43.43663983289918,24.55801328657352,98.99596479306011,1025.2553743653798,37.65957523247019
5.04157394311377,1.8575595765121689,89.48032935654905,992.3388863419541,41.737464608307725
11.9383208381021,48.96805513812716,86.05366882745194,1031.6157419971864,38.78269206208806
1.2038834163247414,44.8291244204864,60.08932392249964,1007.4648439113358,36.859128291768926
2.19149227222204,6.006498984343045,84.56699994806135,980.981584370563,41.85978584907738
1.4808929108887092,13.380140150141372,41.34957179702042,1018.603046516831,42.1211771775559
40.03411782132073,50.99208946848939,64.851957427722,1020.6057855150779,28.793880460987396
14.914633921538833,23.47507600195793,51.4334449055528,1013.10573780061,38.30930823077014
24.660571978599457,87.75982941414469,33.70735292181838,992.7449180508294,22.641946737524478
39.39221317985081,17.329248645949512,25.809074509472325,1008.936681641364,28.194744646617178
24.747183135335902,2.012263184851626,64.65747063772919,1004.0076470147304,37.124817545813634
21.459803131229805,44.75637693910603,27.81113079041649,1038.4811644306355,27.351275271978295
0.5786603244729405,98.61631106082555,77.4402477348786,1029.4807060853564,34.99375578182136
28.401975126837808,63.38725263064764,93.71747829809246,1025.7139763052328,28.503872169827808
6.237153906854321,35.402972126192445,32.96848877692487,990.8644221800098,37.584232285714194
38.23241203955131,1.6868011467858324,57.67508628081826,999.862401045273,34.902822743288496
12.886886190750978,48.494843974222675,79.10196744478601,1002.7827101341533,46.727505759407954
33.70937054043275,20.646600213843026,42.94717288264215,1009.5576519380288,28.191898673671428
32.31117639123397,64.7754085446646,93.66116157063499,981.8134707239283,30.254169071411773
30.833780146501006,58.30084937313013,91.07724470959286,1015.5805536844791,28.52867313109249
13.347600376859631,26.521377538718493,28.300348458374238,1001.4713926383264,35.23796128599014
13.354488858778407,6.888273421867163,22.19198172254721,1013.7006287255549,35.837115136709926
43.152402172066495,75.50191980403346,98.11667863835214,980.5387030554024,33.22770298273288
0.6403666315213496,58.546409459294225,96.51800198169049,999.2859883398514,40.40674307039905
9.076131672697896,84.21262495086283,53.782848357277054,1026.1199633607794,34.334821217307024
30.508545882099252,25.980001563671628,24.045065928477793,1010.0648931516224,25.23137210227122
40.85231272015849,65.28620647804121,69.51004421968223,1027.3332397007382,30.96000554495798
17.91727543364293,11.868050052868496,43.4728085910925,1021.9376235510432,36.74633148878186
32.67217293054001,29.18099079168437,94.93783895204433,1031.2952345090587,32.219747481634975
27.857820981011816,65.65391118773695,83.57295400434427,980.4466153131305,31.568546874803168
3.22700522410177,82.55813051447932,71.96750273067548,995.6795295106637,30.380458774006883
31.087509846533905,32.09255017433469,42.760307801082284,1012.928103596065,25.387255133885198
40.695173613624675,79.88535565565013,76.1014863553374,1036.461084599131,23.378964539149813
49.62241601497047,67.77524602732825,43.133461340736325,1020.7874108079524,18.038693662252708
1.482003632586143,34.86747715075998,23.010478732150084,1007.3953271769109,33.62007219649495
33.0029086291934,87.63969377444393,60.674767009621924,987.808479830461,25.426291967078328
20.727477657398108,50.92290660354312,59.09476358309527,1009.5929212854471,32.82917610798247
0.48939443531026416,64.82468225460822,81.04047784209868,1006.4652183473639,40.324509999007645
30.71804718542557,49.56313419034801,89.25391058835557,1026.706596481322,35.48764722736159
6.121364927781775,45.271996049076805,48.35747909554097,1004.8009184297929,31.976647225662155
18.92834250945683,84.79777172388565,55.957840816293675,999.13028449,29.17753803053289
13.068354624420115,29.470441503862578,57.63203357156225,985.3831809481293,40.52829519653967
18.058170113554965,3.662922236372468,45.93792674979035,982.790063835522,35.005338550883515
24.63477907504748,87.97826435449612,79.47095389001522,1006.3480656513426,32.083362535264676
17.960476624475724,82.5023953051183,61.768094816503954,1000.811718770131,31.5879402151037
27.63659352947696,36.656047456961275,93.11646195109118,1013.3194501707716,39.60408078334764
11.932484511642688,18.545113870521124,72.02486175164688,1022.7157062269041,41.42520334595233
31.76808837141908,67.5533643048471,36.95172471151779,982.4004088144281,26.18109962720379
42.68815020624267,7.876090363563925,33.18469189976291,1009.7730265821689,27.84098435591095
11.20335234576062,42.37547555388085,49.79074703330337,1031.7183136509188,37.21628009497985
25.393860792781126,8.586232154003115,47.75412322055786,1007.3099951684197,34.89891986005254
32.43448922749443,59.79096753287628,52.57054598900082,1011.2745326570465,24.121260986467014
28.231306560670806,2.7208383809629977,34.68728562435537,1009.2075104430006,27.873474206137963
18.282472309611297,62.923837563431164,98.25781360211914,1003.3875751090046,36.709615717758666
32.109985400287414,67.32055732893966,31.65678182949831,986.6071714354024,27.510530934681654
1.4123103105038115,48.71444746251511,72.21190193794568,987.5813729409516,39.51331577832627
18.49531159982165,17.500732929761188,21.045538805167183,990.7453545042616,31.341749592213684
26.630610732050158,10.139393862720725,52.55688306552105,1027.5538784538594,28.269568455450443
1.0306579417932338,31.329234813700324,44.7346719276029,996.5199380337028,38.51970438791081
25.38244148421499,46.52066796000124,50.56197101915348,1036.8874269065245,31.052969004988785
32.71272303828142,64.22083168448445,59.84618758184909,1028.6102099921977,20.03327538370923
37.96038488565225,0.1250127518499622,68.03000012194542,1021.0724400919208,34.83799890516192
5.66870407047152,71.10639192353632,66.680907583544,1023.2236177637444,31.442416409345704
49.52824374458474,71.27119321252765,70.45709360968904,982.8579325207011,20.80408275250296
30.308385066754777,44.453780649249985,87.56381460430325,1014.1033620191927,37.602161885902746
18.159689630616498,34.34064457479518,90.9373724491721,1036.4634145953037,40.70025739313062
12.45464272283569,84.23085646703586,78.9800240448638,982.3466110035505,32.729107090336996
28.64484308417073,78.4587482031228,26.31537943395232,997.4609911108124,20.594973393703984
44.08558235832854,98.3276088517724,96.90339132079475,983.0906895280361,24.624910195104626
26.028269807068238,37.193080533895206,95.7918469077637,1014.1844946719699,38.34734479756635
33.07360278024801,90.68326048570984,76.9363035636283,986.9720376302317,23.42755083231591
17.88482197702801,8.740188589295228,61.395125712153906,1008.755009373464,41.25815599669443
19.40761440444863,41.14660662508523,40.04946866687138,1023.1969662072527,27.831723603700006
14.308755288594599,46.537411874865896,80.50809115991008,989.866312096128,32.48599954332525
35.28186471841199,44.08743162034582,90.22881429730313,1025.3218662246964,36.760916287372424
17.959377670828253,62.50981884311238,73.21500807119503,983.6122677169939,32.44493740728102
9.535820202061963,17.020783883816893,70.32581062894167,988.9774688154198,40.71697529362668
18.470028558311895,86.6452171726252,35.44037636564689,996.8066217909334,27.750551656938114
42.691360391637815,55.17640185396393,48.62372183153517,1027.7659440447253,22.105518009053384
36.91260217884617,90.42095480132643,77.85089776260097,1031.008213347404,27.333360054611973
16.732042223178194,0.2631644021484747,21.35189910809787,993.2227888619742,34.70595648105147
45.34044824183512,62.998811359299644,71.3011421751109,985.7470295315297,30.17780096604166
3.741631755873348,41.24578468548329,81.33362408081985,1030.877226940835,40.77734347813297
2.487689570682161,50.509906174945755,46.77635890166253,1018.9620462513265,34.94955567050019
6.373517739262064,74.38045107802853,26.093421536063126,989.4713261839208,30.7833191824824
5.822737792930155,22.71517483366896,85.52955031071988,1013.4630071090452,44.44613275971946
4.391715750617026,20.489943521438803,31.34694635880182,1032.342285973132,36.31127131746943
33.06713059989962,70.3007817737143,49.664088477581885,984.1708965231057,29.70088379228384
30.042118982771193,52.136575894418016,76.58032840542239,985.0232740188968,26.6539096489834
32.380275529085736,23.363909806169037,85.35887901211468,996.416465639754,31.15645117389607
34.4183027081015,48.40186346694154,88.99055347908127,1019.1357395359194,28.292974834189817
37.84398762403399,45.95584057771595,62.43337532888924,990.680510568236,31.57487604871624
10.358846374320517,69.14444274153115,58.069735716469246,1028.98203225903,35.55217277986307
31.11517566173999,0.26611036192794035,87.86538216144238,1025.0258106076976,34.94692455005509
29.002432966818663,58.6760265771483,65.0461676037977,1013.6602912176788,29.832698243115118
47.183001290173685,60.56781505122755,66.29205827321849,986.9640622622206,24.128381314035416
11.618386211982429,74.55101371879198,54.71786943950406,1039.2931896987318,26.165268116815582
2.93614671871657,88.9230466035449,49.825117753683166,1009.4020177737694,33.19349072639555
32.67475348572716,44.01897971116888,58.443268583186324,1007.1243888720368,25.912015861683727
37.00864201183559,34.25202243088844,49.18779949569018,1039.7341447800388,30.505063613987794
14.159800290377532,10.232037751128631,47.483715997539086,1031.8320958082802,33.78723171623094
28.542421546983448,33.6835844893233,99.49314736063151,1007.3820640418888,38.53800793346822
2.976803276707529,6.848466444440771,46.89707952574785,1005.1281791561763,44.18294858289892
48.00224205841445,80.28202053414549,40.510699802613374,985.7545629540192,21.026501801573183
5.496248664958431,80.70061478458365,48.31392718741013,1035.5907047833448,34.50146174698398
3.378526807599785,41.72376572947781,67.26250725088849,1030.626490863152,40.01196456034336
2.2055079747309527,25.964123387649085,92.8792389298532,998.6001495727946,40.885511388489135
21.363595325167633,11.802007545227177,83.02914001582089,1025.1992772541266,38.79178967448423
4.857987172859501,85.12371660218464,87.37929112605612,1025.7637655764354,37.71438266054209
37.232412047778766,87.74952783854053,88.72068885470861,993.6746430335969,27.083452760240785
44.943708031320284,26.628961458981404,93.64227171574939,1016.819328196321,28.376152039035695
13.010946616242853,62.17605484677636,38.80569863271039,995.3017282047326,31.649304123922327
31.438655962569946,25.865366479038865,56.669282482994845,1027.3931631161547,28.22737518112159
2.1169223505908885,22.51266271435788,50.815813326115716,989.2285821489749,43.898927496100754
19.32822358463977,2.1208050631415287,50.55015956908004,1020.1343599212366,37.15872710803674
14.647105671386418,57.71594175860625,72.18269213617478,999.5607026991057,38.33067988117514
11.430954822017942,14.994154318555719,52.14424482541947,982.1709234521161,40.152132735430314
32.23617448143495,1.2371182866931951,69.3064244733763,987.4222786526536,41.32363999577421
6.511397317926814,10.485116433681728,50.582349098224626,1019.2939482910157,40.256943507524944
43.03552616484942,31.37691915878138,44.89025461795384,994.3948581933189,24.142901841796665
33.241795318436736,66.91631901117117,48.246174275454464,1017.8621223550803,24.55764251743689
35.536758934402904,20.262305333212517,84.30056448110078,1004.8893299600772,39.28392098174395
46.76721543288341,88.75905625316717,68.08408289831128,1021.5628078325748,18.517092088448543
47.11864357512574,28.848841038295003,97.91981864132916,1009.5769173311288,29.96466023187518
27.58261619096179,33.122628942365,86.61249811037861,998.5128258296703,36.826058763819546
24.768990864299024,21.79771799519773,58.86244866672329,988.7491507914561,33.27548889496065
16.769080411345506,25.38053370718384,39.39010680752607,1000.4658951452768,35.99198980302743
35.77858051012341,7.413511455314181,73.91272891641162,1018.0936446756052,30.697777219967136
26.910444348990648,29.47705787161895,78.13168218495485,1024.4284103118462,35.72664341922147
46.64375398700623,85.9617459600623,57.13407838335672,989.6203804903994,19.952183347647416
11.931297435630267,68.84245413956134,38.393770592855255,1019.856344533287,27.215825922951353
15.512634312524536,87.52682038656165,64.57906542906122,990.7567705790907,33.47150325542621
15.804522370998436,10.485901437935663,40.30634018875573,993.309160609399,34.586834516523986
40.29992272783535,45.56166308421591,95.19986541043501,1011.8790344168009,32.209193540587236
4.952016592107617,22.925487298011504,70.31073984269756,997.3521381185645,38.98138965953718
22.782456049448985,72.12155905561481,43.354476933537185,1019.6957264741892,26.480596600762023
21.379036848652365,97.02378247258905,37.25845506676197,1037.3465974544922,21.894728140487825
3.6569810506879294,81.53594790502878,77.33786267080967,988.9335320802437,39.459960092610345
20.539849927217357,3.527816675100637,76.62346241934023,1014.230649938565,43.101843706262976
25.668899164199065,31.665969464423416,67.77057852068599,1035.3979509603917,39.78646367601543
3.255234625245662,2.8579690450523554,69.14408201433771,990.5917385990967,44.96323991281802
25.493106422233367,4.016696693098554,68.30952022604984,1002.0110542030915,35.95939174205009
47.96189523417006,7.951530416441388,48.808275744841374,987.4170100993872,25.218970282531732
48.945716158076614,27.632692897056188,94.99315280059787,1018.5222630988369,33.38437817615877
26.58398892949056,30.420276763813114,58.34227714103342,1020.1485756616821,33.47967939284291
25.75484663014795,40.04535132348882,21.626232011647186,1019.8509391661382,26.12734002465094
14.275408320819572,40.49310944662962,47.86890739106603,1012.5276229018007,33.05271939515967
49.85577358560508,77.1409011843181,30.42260629180796,1024.7756520678663,20.64165305333266
13.711458551261302,14.140324357889977,49.070703283830674,982.1526377827988,34.92064621561206
22.64506502199782,15.77406158042577,68.66099880285861,1037.4508092467183,41.457268121229355
0.1467028901338263,62.6589051672234,21.81315796175393,993.3257724757613,32.11499634201644
17.461614545456843,57.17421521924967,89.61604249822948,987.2937181215046,35.868732401854636
3.572015030441195,15.400470548211242,68.82472947745404,1036.4681625765159,40.82561337326767
37.191238519256615,85.22644268539192,43.629750100719576,1029.826214981695,21.737396800627412
28.050722651496613,32.90594141012074,44.896413913942524,1025.892225157501,31.796592665435018
28.608593864382826,36.69673485444862,57.253454121292066,986.2847425363389,29.67042244897889
14.32556429498515,42.04600808345885,39.84734448014348,1028.45175282057,35.33487329053281
40.74481451264868,32.270187073893574,20.347354220875697,1016.541411380587,21.391591790274024
0.1635462665625087,55.74550522726265,22.124595854341056,1023.9145166607107,32.539011561496956
16.680058958209603,38.86477231581985,48.61925375776159,1038.6842167891036,30.05599427292696
32.97487452294339,25.94347259452876,29.93773412868866,991.66647062708,28.255610425922093
45.39612687084605,90.44748677107744,21.78909397176655,1010.2629176491118,14.74850862967697
11.730797846261654,30.835074014015472,88.74154160278722,1025.2011167875469,46.68911834289665
27.055002586370904,69.8488925468822,41.930985091428255,1006.0193810463019,28.16307540584564
26.899571026666052,34.72267703568962,60.2498061733441,983.2791849750926,32.15441493511763
43.70871845218499,43.521998687747185,34.35272673532985,986.6863339325313,25.83734834760061
2.525844477992117,23.594352340133163,23.73799777950098,1016.1255183527373,36.721348004835264
21.223778053535362,75.23296193872542,79.58930395908652,997.1002487834454,35.75475132216305
9.123283739596577,73.72032514262531,29.996548371742673,988.2704388381557,26.308758897411177
1.0766300149299024,2.223994580810018,22.05735219229269,1000.3935198514749,38.89465133803679
7.351547026024141,6.0194040301291825,66.97842626107278,992.0588559226871,43.32870212860353
48.823533642409956,92.23764547449396,21.07740579371597,981.4363679944864,9.025290393111046
10.742425476013395,88.88268472378508,54.90287558482572,989.10883931403,35.16648840109102
46.75153866679,50.608719277853034,43.1068838782253,1032.9846776550603,19.298395833898553
10.262717131547083,49.33573915583365,45.55343879502023,980.7222369501629,29.27818440941149
46.56476136922422,81.24241743837925,20.311923449122382,1026.4310182156457,7.675682134634817
32.73104676001572,13.8450146884879,97.14768643062362,1025.207666352295,40.03405861426633
5.660928875096339,65.3699121345959,61.35704819868303,1013.8542613015394,31.05617629910071
29.095757756328887,47.59829944872595,65.80097064333471,992.5068659425023,29.42096718450806
15.925701877013932,74.3331029315623,73.28979879296224,1032.6835534580139,36.68972519426385
19.15765779890351,3.010279131199045,83.80174328398135,1008.5045341276366,42.008185651437664
22.008547891748652,59.272554972393856,68.63272930473406,990.3923737428642,30.44184522396663
21.135351126516728,55.67282152155576,80.97584843946471,1005.7413555493536,30.321278354322793
33.205444524151446,84.08483295891853,55.89882354903005,991.6950336646552,24.265768896275816
38.41840342953816,67.68362975550278,49.70201123235906,1002.5604704677954,26.518452880757206
16.458884460056066,88.01603583956376,85.8507125985748,1009.8012662606072,36.176872633283246
46.21819808428449,88.72733216425588,89.22484193387704,1001.594053382123,30.77775722373564
46.923315700943824,40.81640008997178,31.024533582954703,1019.422656444362,19.663122727059207
2.03452185755717,13.743413375181312,63.412814956804894,1036.1550682453062,39.0392246324989
0.7454394441509249,63.028365582218804,74.69139443889276,1000.8889608588178,40.36487292807637
21.25331650755305,87.37460984085104,26.687898930557346,1001.3443708301892,24.290880005456497
29.532262549382928,7.495334419476074,94.36774533942013,1024.2981482361358,39.757333720521494
13.89523737260308,55.79232730846642,61.60878181737046,1011.835455891265,32.23102841851087
12.970687554288718,11.499952665982393,71.63659338534018,1005.7303663772444,32.59875750191371
33.91669148545953,2.6995991755201953,34.259419847228294,1028.82849130739,26.990675653587125
30.08521423277849,67.96353539408335,41.15477519643419,1033.4621640314847,27.43174714973817
8.357343749655483,68.18496118721639,29.68009733449619,1015.435196362831,31.026910079016535
44.22504816325794,60.0658044996362,41.119897748311104,991.1061963653303,24.35180569237045
33.99880350805349,85.92228039017972,59.3917412233439,1007.9771533401187,26.051980885967318
18.128812458450415,8.087643979347837,86.6903679565837,1010.2622397288881,43.90944358034531
34.1812344995575,10.526026169875935,62.69787320162908,1005.9324414266516,35.250552904954816
5.632654338390797,86.45354379794472,39.55708785848769,995.7459127319231,30.3147562630854
23.412806228702802,50.32767198862631,23.56968599125824,1008.3393084634313,26.46812626168239
8.449220477977965,27.305280883823723,69.75758687256035,1006.7927691258614,31.347611884810036
2.071562306421831,73.81569779852873,53.612791789331844,992.5696114371164,32.66052027527626
16.916313514414988,89.4403722604402,98.7483093453656,1034.2058391401638,34.377223726026614
7.536774174039163,68.96032862029622,82.38079083293543,1033.120457050848,38.27605146729293
31.675897847691235,79.19325966784491,84.66902554186956,1025.5769857070354,27.73878172039996
33.70339470088551,28.249724019519252,20.978801830431742,1004.0567946567369,27.844657396756606
7.434615311330167,28.877535941054244,82.22362663232457,1002.2205144735282,39.35528620279121
1.2306502801713137,86.41238803546324,35.569064854039425,1022.9879226437579,34.83198221823502
39.64052808175802,61.48628486552153,66.86366978306447,1016.4871541001842,24.17504153259594
0.10285103642811433,23.416275167373644,55.79372578525749,1016.0358994368055,39.24595464093948
17.195654459189434,52.41618154622122,65.7283080462144,987.4466916496914,31.908428488317398
24.72916490228349,68.58604714722493,30.675482353839698,1017.0970268177269,23.91720667601552
40.93210942692164,21.854908125078797,56.55133451289171,1034.111780667402,32.9757259878222
41.92793213730703,65.49064082077359,22.95557487613305,985.148988240226,17.77761838917398
36.24697203052277,4.214484981776778,23.279947852770462,1000.3502779442473,26.038490242642197
12.359881126994892,30.369162300416118,72.61905046192558,1010.5408574868244,36.87340426640391
36.00934671595854,67.39718117261148,96.1358698777744,1021.1605696898893,31.26168932116946
12.326959893847084,14.934906548990156,82.19143349638264,985.3780957733751,42.23404384535208
10.730409586585083,22.21990306424989,57.53246244567816,1032.3683715973307,37.93064099681275
27.35639771152662,87.90932903583894,24.46965920738983,982.4327372244891,20.610376372994313
33.942722191703126,67.43210994316084,23.601611956568334,1031.4613800084346,25.03153292264046
2.65258829558403,49.89187102566738,32.63138088864465,981.6591053519153,34.3038740067161
3.001130056230422,21.08933921274523,98.06484031472212,989.2113982596413,42.77202661204186
39.20853434083949,34.14096565822581,51.89288531529306,1028.0194296292204,27.651868799906154
42.97486254827399,57.43304982873592,87.4725833498116,1031.6098662322268,28.24227053541034
30.2220458170947,15.531259390466845,76.41139511588776,1038.9359497571736,37.9237664509756
21.441400485344296,48.17440798981889,68.4342927372853,986.9428897006205,33.80296018217183
42.26582397995929,40.89743941380224,95.82608893229933,1011.5870669654379,35.96709597479661
36.44085163876651,47.66873414276183,38.432925649521756,984.6293495923815,22.278273085194833
28.97970992156343,10.556082128029942,56.391172997532294,989.384457557831,32.65958342467501
15.987856097438168,10.649708704502858,89.17783725396762,990.4696314743818,38.872398055470086
9.899753082840812,96.41109527463213,64.1409046113795,983.8032950875452,31.30075734138281
20.933651963575784,97.93677337247686,39.715611170088884,1033.5787883557002,20.68540146624654
14.341128798010578,42.616465791181824,36.71331334738214,987.5813310808616,32.39909210275338
16.962929386723047,78.89954536508374,80.23048008338408,1017.7604505807394,33.984568915604555
25.781552765601624,65.57914269230768,21.0231115401671,1017.5448238737885,24.41753732373337
8.454697847580489,11.691685461838897,93.13536619223063,991.9187123219727,47.2075052058985
40.308834003691274,29.667865733469778,21.47343904921624,1039.9046756741468,24.374080064297882
7.276473085738372,31.365140864452044,70.47912375045632,1000.8420663917532,36.17892126908505
24.04968197104762,59.57744348592239,68.37983691536058,1034.3056622578038,30.84282151593275
37.29856690402183,57.997671231447,66.27289208438248,1036.8970839352246,28.18899358271988
24.251035384479813,92.35086937027556,57.94744406934044,1036.9393288579818,26.676207225166323
18.051103179431937,79.00363139762739,88.19442661508889,1025.1702552561035,34.53900088572848
23.744565291137548,85.68476646029737,72.74662962323873,995.228300318719,34.729071740945294
42.43353494370702,89.12286136110093,82.54898251995148,987.2393211086155,25.52585351920311
49.52158491419788,80.12766725549804,29.241744478335185,1014.1930986292533,17.68766029417113
31.557164464471775,33.28812610571077,23.99189099659539,1001.6023478658207,19.54846417018107
39.67220213243504,21.501297133450002,22.282280714382292,1029.8623407091534,26.865812524963502
0.7244343079644333,57.17673380210469,31.77647883788742,1024.699403157005,42.621341854898624
44.018220476228635,68.95683164533187,73.36063122035327,996.5880977704047,29.611669739914674
47.70248799639591,38.65679689631658,59.52174045929367,981.0209140213838,23.791682709034703
28.758467087878525,84.83386499645103,80.18018049296568,994.2389455370547,36.384051629594936
37.69024310301099,96.05665928179835,35.3384269393686,1014.026935054536,19.491052982699497
25.637237148003745,56.9395726137352,49.357043357636925,984.7398483327556,29.37286389409021
14.310187022779486,45.65920622162183,91.07980388396359,1019.4963559829969,39.130612325895
42.612398599150644,84.28871169425179,94.85716368228266,1020.301777086338,27.282062740282953
29.84183559979709,2.426954698938666,93.73833239913374,990.1636353415928,32.664490838555714
28.96915418957035,12.901261583424805,85.464403536061,1015.7790940451258,40.25685209175745
32.95661019206032,84.56576590062677,75.05887028783135,1016.418285677674,27.092641986629754
42.80015829144242,73.20285856479924,93.09423152219709,1008.6786887812432,28.15319309642064
36.595306288548215,41.6136698204326,77.13452734661112,1037.1947484517325,32.734128134834
10.556209710787263,88.8851857724405,96.3148998980395,986.4897908179099,35.61791460768116
23.341177220365978,35.14582876453871,21.983066562951077,1004.3975401221752,28.399955075931494
49.01491659931031,63.38453578669174,93.73136687156617,1032.9752463351897,32.02546292731321
27.728035688138732,63.433447032591594,64.45924289114998,1003.1788410475766,31.025147906008304
46.91226767353993,18.43318926142362,28.94382014563666,1005.4783765403201,22.81364991391329
40.668474315652794,28.485173616405802,37.19290157898357,1020.0964328262172,25.30131892538744
33.301172090437944,91.60069226960857,88.17274271319309,1019.9338129747749,29.815947549615483
17.468260132987762,18.341485379341705,60.48935638772128,981.3741175063259,33.869808337473515
15.21596737627195,17.35746218476245,98.62541787961892,1007.3418455667772,44.00369226574831
32.1710532648794,47.961547373387404,29.40248876039768,1000.0107106819046,26.75682948831699
21.62806204232054,9.219736823784096,53.00027711201033,1017.6617148288071,35.895431856635405
39.937681140836354,89.46261889843734,46.54995544646081,1013.3421389417163,19.78937116990868
38.022836977009796,10.014913831247107,61.29083488519374,1019.0516976268218,31.045006149598073
15.606524336925714,61.655747684079444,70.67502550957748,1019.2260431903602,36.83474914168778
35.1364391530881,33.97818564453181,72.93035755053236,995.292311678458,28.34612094201843
24.727509504859203,80.42728854710339,20.10367039294224,994.7878858741511,19.74095513871739
16.164605040699854,58.981074576753855,27.116834702525434,1002.2169437013891,23.28367206817898
20.648329638232,38.830614107943816,22.80510669247615,994.5175076322016,28.075551952270878
44.7675933606131,98.38729845448107,89.16793171186218,1020.96848466912,27.851214623753357
17.975884606127025,6.6230988465530665,45.06338025277245,1016.1719585134675,39.76231642106437
14.369963665972902,57.778630323067674,49.365075350109144,992.983220398523,36.56157110797236
17.59036103550689,98.95683115440448,56.029699915735414,1033.0462885279815,26.561166905253767
10.730921810434586,69.09526432130171,87.94435178028606,1007.6397569042681,38.705737826402675
27.231749369816434,73.9769631642193,21.133300876970793,987.6231933975,20.888300848576655
7.371821816126611,3.209114457948592,29.489461950388034,992.7779352854949,41.42945186431062
40.87218932184582,2.13631630969624,74.81304977127203,1012.3910337878207,37.64482861424126
11.279012362281303,3.6110111982192827,97.11140181660777,1000.3054409873357,46.07222858066334
29.902751376982284,99.1723902176232,71.4229137037606,1031.0733161956682,25.328771705986675
6.251274945994679,97.95197607408514,40.88987747740185,1009.6841244441302,19.052455276571692
48.92265741071631,33.450892576426185,61.58915430292939,1034.9176880260643,22.354040972553353
22.72877294468236,29.098181626582885,97.99843804651475,986.1095888563013,33.87662916251742
41.10856703794072,14.595874551784426,62.246123725423274,1020.1155879796855,26.348375042133938
38.43239178249919,32.91402991647584,49.88061037825619,1033.1470911411614,33.7004557069001
35.684652357283944,37.01499305472703,50.674044387097624,997.5758285334332,24.00060397584025
41.36824356023049,74.82828167590337,97.36268068733845,988.1412557789173,26.031096998504573
5.023180432985291,86.62935529197348,77.51332213853647,1007.3986842786919,33.58350995031321
33.92485987359811,74.6735119741388,74.97382844976377,1037.680053579657,36.8905003664934
13.291361763689057,64.64751010955725,38.56434573525974,1018.0077155301992,30.24528994745707
39.29358320332949,76.59000780887979,64.75877102108595,1018.6386182618144,28.362125074825133
47.84343799239444,73.84974791518053,48.539615881785075,1020.2900752718353,21.21492393303566
45.07447649213479,47.57496937303948,39.21612206831598,982.3856825356274,16.037065023215533
5.7476111236833045,33.58514024613578,91.64418288112836,1006.7389880794635,48.136528234988575
18.47762103364105,28.278071687759955,50.65246470100908,984.6543206265026,34.86315289283503
18.21613785987999,67.93554595127816,42.62297299771183,998.9515297623173,28.4889416547656
6.11481331797653,95.93041244452252,94.53763172866944,1029.2959414602126,43.359460741694235
4.9063026673413725,58.105471893563006,35.78771171649003,1019.3761969836218,32.17359589445792
19.244506748459084,91.25265024722661,79.64038277732182,1039.734361924119,32.14888211154991
49.60357752482557,1.422937097294752,72.21977155714102,990.3292654623606,29.320875913855463
28.447132553313757,79.44706467360058,93.63875426978284,1003.8232541711254,35.61230584647476
31.08908143021281,85.36026579600797,86.56377100538225,1028.578412979376,32.87485169780082
23.550945500934116,63.09938379436958,76.42361743517131,992.9414961436055,33.52300709401632
33.11652761520114,93.40609993617296,45.16573285576765,989.2233107797475,18.868455223245018
47.83310403723848,58.99129928812996,59.645520901643934,1005.6567534196296,22.44020128022706
29.43489768071959,24.05369025267493,95.55966090777439,1003.0235894094501,34.742329793167585
3.2519229860596632,21.571722944819427,21.856210446519484,1038.812356454201,39.143032970913524
24.64452845840993,55.583626669271524,83.54654590560312,1007.375091741599,29.743580441104505
49.637563662597564,90.64839304962109,40.144828036310344,1031.6567805861653,22.22186497792184
19.370136029713166,7.236794575507699,34.801355463503334,1033.2779311540335,37.95400030833903
29.694061860723608,60.4390512210911,38.57796915378557,989.4723028456646,22.60843107774986
5.33183817144085,76.98034729820246,24.78007931974777,1022.9182880749073,28.36833868728823
7.0590249368283455,11.540206962356914,99.35838594289342,996.6564283526842,44.16786706790074
43.73407265769813,11.676969071201293,89.58953145801159,985.6843380957578,34.89489916928259
15.017231412580573,36.61279966695881,61.68447749057819,1032.4822946660952,40.71321280650056
15.27256366772965,27.388117354971687,77.20825428456735,997.5459824578011,42.50843490504253
19.36064980011641,19.831415889368976,64.52762903388061,1000.7219402114486,35.34345521009276
48.32393364522613,19.869417361134524,84.92631555606658,999.4393421911604,34.74803355078529
4.219524801843821,13.066903242483585,87.5812153245609,992.0177253772022,48.660455144810484
40.93820512756675,61.085401308195244,38.623234252256104,1006.0702029217174,21.69838580092154
17.077893823299323,68.8125603584087,56.77982165201966,1005.6975692481464,31.33792501616646
42.473401299273746,70.29362268790446,70.78781873516567,1004.525097542671,30.302434356496015
49.58778247522712,53.23539761386061,98.275266448662,1034.9778648293948,33.156058400672066
17.43337051058739,95.29062696655667,74.61515032769317,1000.3850977217487,34.85525260728477
6.467818310617762,88.05327775900658,91.81080085953258,981.8227345006494,45.1585538860072
7.218774899146413,95.76311426662801,87.68896407896702,990.7062203744466,37.60732617186438
37.937044547459294,38.879547812717796,66.56504509428513,1023.2898245944084,30.898479273253738
7.246077616906827,87.77831599550247,91.49242880495112,1015.4515163788707,41.89505214767477
13.02107842673183,76.28746994068838,50.19373822601875,1037.104088224471,37.43953471070486
10.219917183103988,33.99729030340131,50.342682435864916,1021.666106431453,34.42483851718988
17.783928201549127,10.65932585042193,82.47725145941351,991.6545004039227,39.937991117923666
3.7183287574843735,68.26212498968077,30.763493250800877,987.2386531176381,28.10187406211824
42.8371241203629,13.645232412188035,44.466017396673514,1011.2455865188687,28.44740378578423
43.00731559004968,29.377580700111206,68.6857960698674,1019.9157641685406,32.26900775829711
20.64664492413449,50.03645764437873,53.60524790935589,989.9382042781122,28.535280176383694
30.604378451173766,67.9882535148473,95.25789679105829,1016.1015806229631,36.771963804946154
32.097578545215235,92.6227657197305,96.68048556953093,1031.9017210357795,29.62857638289509
37.46290576729644,59.32400448489966,60.20650470510313,1023.6541356855827,25.468413979305048
26.034504377202556,67.14130996720948,63.124951229254506,1019.8514648529084,33.471104431235936
25.5168022720843,31.001385015097803,77.9701673459017,1027.3598632705955,34.35212150945147
31.565188866410544,68.72926164285388,56.58119401873388,986.2449625432239,22.399100097796676
35.152419783493876,43.77901207300745,35.207877435238146,992.2298873486717,27.1731235496374
17.334518851462587,85.69311828837738,79.75753348983446,982.2859698215474,32.18457504495016
16.518523663440753,39.24505139014743,79.02287114823986,988.6986767256054,41.08151846823219
13.485920204795459,46.82720216565569,39.59848827134236,1034.7909405601715,35.14606778619099
27.442327765637426,43.25877569102579,86.6333215824806,993.3286956750388,29.798101169734153
18.00778447778862,81.1122834307385,69.09193571361286,1019.7258329807518,35.931346600413285
27.015663385381593,95.36991970119053,38.904128825229236,1021.4940349481227,29.06305889555417
20.29923829134608,32.727630098327396,72.16313153349634,1018.7195275651753,39.67713631188409
41.83670912763304,47.50279007620768,38.68876210324486,1013.2352629241518,26.728309098700194
3.6565119872730367,70.59262666932356,41.21863632640142,1009.1678208468087,32.206919360058855
28.610529680233732,89.5381622034731,87.84074454425249,1005.1952505068505,29.052955506453653
28.781187529359887,49.37006968460207,94.3593255391855,1035.013921797097,36.66014812463017
19.185865526934993,10.889350822672728,40.55061266865689,980.5708616526288,36.349030467064914
21.05104472815716,36.86713835013216,94.24408296681486,983.2093775616149,41.22297356715311
40.00656804414643,55.0361885440113,39.10390772018828,1009.5507479301589,21.977663906170854
14.033685513016742,41.75246059660326,29.38138924340685,999.8306049082515,29.140991475623878
43.57018957130814,18.655572678807008,24.657910245700894,1004.4938127861952,19.121488314154774
44.817165206734664,3.6989495343217493,39.36905926661066,1039.8709111735366,29.568492374076232
32.5309652201098,68.74086660798949,50.819723254178825,1026.5080819517732,25.09040007820438
38.64288568540492,99.27371907771425,94.20387040874438,1032.6444773592934,27.10009810376415
30.64737641772442,91.92066338966171,39.3726399764823,1002.1144738547368,27.485531748616104
26.26295568732958,68.32709108608135,49.23722759607146,994.3736264003707,29.096627572964294
48.33388771251148,84.15298085164292,78.73246997948576,1026.0794280993468,25.124690718499483
14.132748211373208,25.572761846719317,44.165927038982524,1028.4545656554267,37.62747159229907
7.707547332155606,62.24344360784464,74.74945213436644,1012.9939067584512,41.93752941722029
14.374268157125764,6.060421539896543,54.56622553988019,1033.7564908788383,33.82929876693622
30.731280418972258,70.71839273124577,35.715596212733786,1038.0395154077196,22.870021030402874
9.259171905057183,96.98723390242687,78.72471207753088,1008.2612407058787,33.54105226825729
45.440702161315706,86.07973072178591,22.16310666853473,993.3600000668439,12.756456484133167
20.551220033269637,53.444087477163734,43.38678600583832,1011.0267864230789,29.163114152658107
42.49814391459218,78.87402193127767,48.494523133470295,1039.3719934205383,17.511368266804972
12.461827226440835,94.38988099481647,56.65746039901088,997.5756115809847,32.77913280495456
15.658417754137377,21.60175779392154,74.38953855809115,1017.055959423968,37.82933509435637
2.961169858624829,79.3258512977378,56.75239953488295,1021.6390198441968,35.46757343341367
12.888384609278697,26.98469579688534,67.5459289828973,992.8357276607167,38.31754479714836
24.51569094816507,87.69474219396665,67.66232627342538,1015.30754736933,30.743576587926302
47.306845886162115,9.835450569014547,49.861731991680614,998.8704203581469,19.638400657649306
19.44514869457491,17.821841886984146,94.71770126037588,1031.2525765452044,43.30776908606348
31.987193974167294,72.06164634718017,96.46830647011542,1022.8852142423626,32.04035226785843
21.3855058734394,17.477750386324896,66.54807072755727,1029.5759856487393,38.37089530308815
2.3395925383970617,15.805430190304437,25.735270423634553,991.9809436755173,32.61912903329094
25.176631294835133,55.546687739887204,59.29020514047486,982.0744823411341,31.40838446647407
3.2956823351960427,83.49872377090708,34.75354614352057,1031.0315410885926,35.130621244823054
44.1849962298768,26.846742527462908,58.6571617498323,1003.2052520249858,28.23180496066274
37.651848097545695,84.1138182705485,35.07865235988334,990.783344714729,17.958806012062666
18.93257356261831,80.79533965459747,76.30841965191075,985.5137219160383,30.116637173062202
32.010933309564486,57.91054009593355,26.4343296053074,1010.9900483634254,25.25934030828764
5.601407765666605,64.65627536872701,96.26432611167392,989.0076771567168,42.52268552989199
35.12774934813254,4.04411866119082,35.630071154668215,1014.0015214664754,30.491430380151158
41.13662044957348,36.71355583037133,72.85250688393964,1023.6383925507647,30.015727075714295
41.08728242691173,26.339493111835253,93.35698805835915,1012.1034902909752,34.63436390136961
14.213877384532791,15.00038607274724,39.830905118725,1034.2219869613089,35.44014643478923
13.187309763841332,38.965932915698154,94.7437519229704,989.3341774601382,39.74281699912683
26.069884395133926,35.49041963474329,51.09397325282181,1009.6372083950299,33.499263604270105
48.38860809649242,72.8891678129727,96.8424653802072,989.7914275631979,28.18704967147336
46.02614888030426,59.80963404767533,97.70910865076205,1032.5541155867927,34.13026552625816
17.98192408779909,91.31000688020194,35.04639240553918,1035.9343565810682,29.540664218644416
38.99147530915221,14.54075830558389,86.48698695448435,1003.9997528985708,35.473966274872154
46.06588820457287,5.974860532352599,35.47368102668402,998.3448954709205,27.396839448402826
13.046323285880252,53.46077874911287,38.11524962648653,996.7589657257549,28.26093010360507
41.51478248014699,0.10271386107850722,26.730120321871862,1031.583640759444,26.683716299433968
13.394781345458828,78.77189431349656,32.52295571985424,1020.9465154775987,29.169738322795716
17.164106294360533,50.59728886850095,70.57751745976863,1032.8355832792301,31.0261703435695
9.941034542537707,48.80655760578936,55.94021840414292,987.051009769027,36.297353013619144
25.353989953635676,36.24959787241744,83.27553897350681,1008.5616756718442,33.29372666238166
42.16554471306206,37.497383614876256,46.559745186129774,1020.5707456679057,23.18722324428584
26.402606871775614,43.11336782506559,97.48996538408471,1033.8254456451677,36.21942820498094
6.172000484654877,1.6032344426030187,23.989803265549973,1002.9211528347794,36.29344995814935
12.5887966113585,8.354578721620465,25.03487635219532,998.7854043626166,29.874757013417653
28.143093364066946,50.50480200112371,76.10999190545088,1034.7779425511508,35.92857985134968
29.15937277852801,15.01222652198041,91.00311079782878,982.8519961898097,38.33072677580061
28.84529517724349,77.87626083469982,83.64001533073196,1008.7757293913348,36.795239342475
3.8501746253107982,27.448517400452577,59.185367029353095,1007.517593636395,40.768494166052115
37.68479463173771,9.789963734932405,41.571308904401604,988.7633848334488,30.178944803023644
45.47140994945033,23.52099259034498,21.076122344377197,1003.6970066708827,19.42024343794674
25.525947386494995,35.70982301557881,60.756116313582055,1023.355984399009,29.54633974417126
35.94146433859314,3.5316608594883614,58.050895784742124,1002.0121066732553,34.20973948090115
45.70077460182756,14.167552438632903,47.53967195761919,998.5796287765868,23.435685848242795
32.13113774740079,32.38467544775197,66.2458230377988,1026.9137298743808,34.262887640818946
33.71628622155256,31.048047380976406,78.30517579050186,1039.322924661644,39.17211767387924
36.07022066919773,80.03866965598392,76.0710588982594,1026.7611424358167,30.698254575828727
13.025122572703257,84.32554753126531,41.060227342737235,1030.7805972895449,30.885894370970096
29.133893735841372,19.341859914355,66.82429508916745,1036.3700449887508,35.625182380390484
42.108755727222814,12.393988391284738,31.90195828671987,1028.1063479645618,25.06351526736875
14.808136513037534,63.41624843214183,29.728147511068368,1038.8212573890025,28.847898060275416
44.85852497984301,80.46235556954315,82.86846690072943,1024.8370552854237,24.466932068726404
31.0190974882816,96.37230972241315,75.49967216764287,1019.6913530700346,23.569605014919905
21.158742571652812,0.6796284746514281,81.4343120505303,1021.6009129549775,41.0778614754629
31.15914807001465,41.36781134268045,32.19698193633767,1034.004909606499,30.0887871119741
20.092995284453817,73.39878340943856,93.1694871496368,1020.9804890517079,31.900860384986423
41.90178009240873,82.85592988743544,30.6489290577887,1025.6723102568603,23.19014784574933
24.115929003379854,6.228594868309778,89.6029574558183,992.9605960218236,43.833570049549024
45.06066798771683,68.06145194641273,48.1903433044745,1034.7589767760885,23.530381912272308
25.490404042391322,28.893871739897005,28.434727442731145,1006.8327945307526,29.820492665140822
33.01841948186936,7.459695933312538,42.94151684524208,989.6640398547682,29.764273687458974
49.887221050342525,48.91025817546672,34.51584113711064,1027.9872314856477,20.745978477635976
7.348292050427058,15.815334320414598,59.25357749533713,1001.3835810579784,38.47893077739676
36.83645743667029,73.70075180616847,95.97962784318149,991.0471485776973,30.631788969150755
6.943611395796678,74.12617996994535,46.22969292660148,995.3750695502357,32.50573239767393
41.943318288219814,84.20677649875094,68.96791885456909,982.0969388234282,29.367185469367108
29.82266905810058,37.75686851477522,91.3376700591971,985.4373789736031,37.12375865258003
46.90797803032296,1.3309797230643627,70.40591437569856,1015.5574841231676,30.77833625193257
43.29783009724342,25.97359383744797,48.975931269581146,1031.9730696856673,26.84242261092163
3.7436018734411713,46.78116995252769,99.26713017407033,1006.9118248039296,41.82733365995328
6.865127083943046,69.40112794160504,34.99308811524269,1017.5634885379834,29.695294696346654
30.05854643034126,38.204058568674135,61.86048119164064,1028.5839860737572,34.48486918948019
25.91573199710374,53.6048396067138,83.73643989894379,1001.4061346274841,32.71148381509681
8.428256530672229,52.42635874557169,20.051909566177947,1019.25884422108,28.509242645445628
6.46796141358249,16.498234935831658,76.16346017139496,1001.0259455474572,40.81728823091015
28.199539172080655,62.30495000800127,41.31991173647509,1018.5629212863241,24.43135127724345
2.446077398749974,43.925172820539785,33.578137815350175,993.0564632083549,37.89306466082121
43.68676514767195,80.7918701652493,41.935557069463314,1038.6703792562253,21.04663381230344
40.35414599013102,69.06112081288998,97.34531406718273,984.5706661133926,29.17391068051243
39.26849858555447,11.146918619755464,91.35482073917484,1010.3139709713535,35.842106012231525
0.7998573520370533,48.87584100365685,37.1003565170962,997.1777847831246,35.77293939642415
2.3820471706368975,70.24943584941875,29.362141849475563,1016.0502700889651,29.483888379838035
27.49195605753643,8.701172580734262,49.13220836115741,1005.6984187946547,28.937308732639707
49.721284444708886,79.24970325566315,67.38691840800587,998.3999352565957,25.990188961769594
17.115810048567585,22.20045146443994,89.37157028648966,995.0022582969762,43.655063777668076
17.218740820267197,50.30847954736897,97.28721000320621,990.9499168518569,40.089017418291924
6.713898343099167,94.05612874726361,80.0922694538479,1026.9727589713257,38.631095029833894
33.71679018697507,57.133423482228395,67.92057701613246,993.3319962256188,34.70943921790967
32.333834449700284,42.40544517039474,31.386562090481355,1026.411571782555,24.42930978780521
5.066120818957954,0.679492739914267,25.922270109864883,1009.1023165492606,33.86249915537894
23.370614353417558,13.341362277407809,67.6821502823361,984.3336812813719,38.218225498044745
33.35374544109872,57.86638850979876,63.125128461354166,989.9265606592242,23.81406008926241
24.67580681609635,49.38250406537382,87.68704861872817,1033.574278647332,36.33746837600911
33.71817909323778,36.38291756468314,45.80846806840831,1016.1689493203078,27.285609463145487
40.813519871574485,92.32158853941174,23.17526858798481,991.0599907233011,18.582938640476517
34.29077165608838,33.24825374259408,53.89666152728266,1022.225894912048,28.210135862975754
30.805711791526193,53.71507564441066,97.53458431501915,1029.3957046657094,38.94418997177859
42.67951284722466,56.87134095241301,83.64599239492185,999.8391888535085,26.552044170306058
45.029428393489404,52.746839006392264,22.70177389138185,1013.3957127686427,21.747069904510195
19.444321858790207,47.758539154009924,89.97431231185404,997.6069982169882,35.57989520609556
8.662494386194297,33.70637360119081,57.73515916970539,984.8037030632352,38.772325746417756
40.89302020040253,90.87636330396195,49.18144254543647,1003.9705446642162,17.797147524499728
10.687655364974159,45.08032617591448,47.73916326422332,1025.0859211468933,34.615922155973415
46.44753348745429,52.84488673460756,67.61154024310915,1007.5208167332967,29.779673421917746
1.1438972610951725,65.64779838302422,62.447953475261,1004.3161404812095,37.63058241470758
46.063559130965174,6.765604243153467,72.53017953346104,1001.9604313303653,34.71233893637451
29.459149630603136,78.12881414632452,65.89131720320373,1007.535009360173,28.044948024088377
38.73710582564407,51.25073100860356,31.51556598733748,999.0937371279599,21.187857011175815
19.924629353220226,65.71769358449669,40.57888070066546,1016.7310516947125,29.128242458265685
49.585814595444006,77.20120654136913,87.28236576814673,983.8139587714817,26.767958975531435
11.37757137831452,87.40993907642147,73.06068117565039,1028.4432904068387,28.39708300034335
13.217183131908739,39.2220416952931,55.87205003317929,990.3900168292002,36.60810386553501
2.5716222018736468,81.1429892682255,34.60811454670923,1018.0066836973247,28.586059750084235
47.02366815307191,25.883689556590173,20.615282878184953,1006.9929513831345,17.711368708927736
22.801465179933807,66.03356509573663,44.950992255089446,1026.4096128127285,30.182775031449484
33.74262073596746,10.27073006796394,24.3877565541335,1029.5683992092634,31.855181022157076
34.37203637314204,2.0030467424075216,58.58273064699641,992.25202233114,33.50975301192735
43.72510461413388,9.57631261126397,85.74411622065668,1020.6307488462653,29.872847709097954
33.246262532320465,31.93824865624758,42.83189291058378,991.3944504060504,25.813287788520586
28.10105911520936,3.1094613824664274,87.82033292440397,987.439895650093,37.665782454275664
35.51592620955218,63.049127218726255,76.36515168692715,1035.817766088275,30.539728310752505
37.548539950156325,31.65445383822648,30.02098634838923,989.8633442264805,24.39476792290957
9.296397312424098,73.6376067714298,71.56495130156667,993.687915954964,36.681510553794574
5.48335194883765,4.591513626960564,32.13438458444345,987.8194404672781,40.21230804159353
3.7424425242781556,21.670156654749817,72.3832736219935,1008.2175133622874,43.50632662235921
18.702674726126833,40.80034253296986,31.41715877824849,1035.1764393514634,33.15950801036581
24.90001199188726,38.26515622940463,51.40090928124528,995.8433443227347,30.261353125060715
30.782494914493043,13.099867283634048,65.3275416190555,1012.5111278449574,44.13233197682881
47.90172598448051,99.4136813581657,24.02993371391534,1004.6875242255659,15.78589639194666
16.539391010350315,28.443958083383592,32.26466758836219,1000.1605646504286,33.828844214180364
38.04370260386372,72.10320846514631,45.63270600417972,1014.3291614758144,28.52109993363301
26.567880979744245,22.00266972117182,56.985606861748906,1013.5335740701287,33.65241765320078
11.004496604345842,87.78512107260839,88.67898351371475,1001.56199605304,34.056701425352564
30.765271456437954,38.77583101496924,34.98184706831857,1031.0337977939625,31.420090615455543
48.35880891448518,90.09024889891045,47.79767604020205,983.1903264649715,22.15221927089692
6.21541496256362,34.1834919633971,58.06209890241445,985.1143037100385,38.32914613962788
25.363988227461448,0.8643821496913451,43.6622844791495,1039.4468755980042,39.661528114157555
2.5804177075264114,51.70204310784614,70.05982229766967,1024.8609747230707,39.55200578833396
16.060814944818112,52.478793615109645,40.528194782077605,1028.235734205806,34.11466890384081
31.030133879699562,11.983418278863557,81.78803368905946,1016.1620645083278,41.37066154199026
42.05284680153773,23.49635734192924,60.41232758809467,1005.1916255615876,29.235178921060154
36.51642108630355,78.34955909813493,26.904390676888816,1017.7536127239384,21.71124294981617
23.142838910773694,3.675582462865923,70.1599116185566,985.5550823365228,40.74272380315652
45.461137855207326,48.95266866866807,65.53948030390059,1025.4661500981297,25.448082099482036
15.135733251188533,53.04081234135628,47.08778833653382,1012.4445828286309,29.764803551005027
37.699170511258316,68.8712060676124,20.89256627112171,1037.4039134322854,24.424036879707867
23.700451087383122,3.745626740013519,36.0561233739498,1018.248515462459,33.948988319111635
44.931787733638785,58.56463270904639,52.4567623105882,989.1015522307071,21.537777180213464
39.87164108268801,0.3098036578183194,35.9931227034638,1008.6530068986827,28.60190616794719
45.07348306535476,26.517836728919065,66.19928967517423,983.4693349531593,29.691048445740616
10.71239244710367,49.96842553164812,76.98599151410053,1024.7257735575122,33.863955896282555
33.407521605810395,91.12813374256172,88.48141254006686,1010.109891294099,31.227318543644998
36.923170404082,12.658981600553542,71.7586094946999,1002.1792021875422,34.42986479820159
37.120713264129684,16.928912900327507,75.120737700385,1038.1129629003224,38.90656188712128
25.200022523366876,66.92500643838277,68.67534921844197,1036.4359111380427,30.860539253202965
0.562526117397627,37.486169382239886,98.83888460901629,1037.169919809567,50.523208614625275
13.071539193453747,62.342140192287175,40.88004552639266,993.2582145330147,30.447558718358916
16.165043750219056,99.74541671342672,41.30069444102067,1023.7141757431395,27.00285515058567
42.60183086408807,98.6871661348854,30.106691313748772,1036.7229282321473,18.184050135564288
42.04429085521102,35.37135794944214,58.85474606956259,1014.2522154023981,33.982593143259194
5.234005201889164,50.39253538248326,27.692936290473753,992.8496206359903,28.423005964593017
47.49179408856288,90.46901586293933,41.6117277518483,1029.0687478329357,19.753919843065766
9.122874332574549,9.216766240855756,58.614474301711326,1032.7950948396026,40.6562284299625
20.717972565046054,45.23039038368471,96.60764927440138,1022.1941231831909,38.85099356341683
10.75784830553777,37.7577348316459,97.10503950721339,997.6131726521357,44.00392368210967
43.01662344146787,29.48827726609973,79.49921873092447,991.4416339192671,33.95790394288044
37.47010159296559,99.42042119223483,51.140012926054794,1017.456188071803,23.171949362976786
17.676440344390198,73.35492939723778,89.21290187012369,1008.9680314881468,39.36848497022875
34.093931301302774,38.8746992392922,90.03646415261122,1020.1269634647963,33.77947599997993
9.218344208577117,82.90218916654192,92.81579046372418,986.701979927742,37.19502933281306
19.11485461880008,48.966610071205686,71.20200385721704,988.1548130628838,31.549665989853292
18.85537941690541,87.28244123678587,36.14342364863043,1001.7733733586123,31.760840135991213
11.896834086069891,26.637984563057838,27.286461821654537,995.5256172577325,31.950495529046407
43.815602479144125,22.36002273870654,93.1820403232104,1017.1603178655603,32.78818475857329
33.94228677395631,24.728668124744758,24.443688649728237,1002.0524317617313,27.612037258913084
13.996965528189964,53.848057612505244,43.67120475503959,1021.038247168873,35.44878861909502
12.106038031451865,29.131339115513466,58.95694136301897,1026.1279041263415,35.484910272638835
0.8976735499619526,14.71196841463841,21.758135429878067,991.2300542131509,39.6478849239762
17.32911268961773,99.46279185057321,92.5529806942595,1035.1894301249038,33.27181724809624
26.33856416576591,90.04332274414101,42.9696795897788,1027.2295904171942,29.116000885349145
13.88554709541882,63.50124374930797,22.28038391364602,1017.6068481292565,26.29567903502492
35.0229138214885,89.1542873923946,99.48719977812148,1034.5357312848882,33.13783368091516
20.587476450563315,93.54627375078188,44.91145446540123,995.9521249771519,25.99301981884943
15.815891850533392,67.61082918658356,90.14119259882983,1005.3027921183211,33.4822507272877
46.95288293951656,51.86797786913082,56.27795631367047,985.1472188240361,19.36408179686378
13.140043864406953,88.20017922146772,73.05007208439991,1007.3709092694264,30.854039334711832
19.912881004832816,56.77969969129095,39.28721196298838,1010.3840437758632,32.166599075128076
19.114539426038597,12.6800542853874,60.230026158161756,1016.9640154196037,31.28195138846744
12.059917283562417,36.685600045750576,40.61209539400216,983.8423527850621,34.223964094835516
10.873836990520836,44.59209517353771,96.08671050120829,981.9479611540221,41.81127675129362
15.11900094067018,93.53690161355955,24.875632993299703,1005.1934099168658,19.638935809187533
43.211808496559044,65.91854723058223,41.973914200387796,991.3479987365555,18.916964400699044
38.35414436146453,87.52775627958907,91.4487101239903,1025.5273005291479,26.312479025724134
34.04997570800261,75.75917008399362,58.4028766005827,1020.1241770481138,26.270079723566752
22.85514963212467,30.986088652268297,68.0067289523336,999.5496184629831,39.37585530545859
25.387699231630172,71.87089930641832,72.13546971965141,982.7469959097999,33.6367464579063
13.356942274673017,19.529973592387464,25.67420094188507,990.946617430611,31.369057102958195
3.715795691795881,40.81458117174677,21.419099272686807,1021.5007605567866,30.69843080938362
16.552027836024113,80.60918571559321,95.02728413690453,1039.4098936002185,32.08064207333537
24.779187799618306,61.192916191522826,41.72022762375046,999.5876243059749,26.300913219999597
2.8656523259666224,82.54125059526149,50.42504883484231,1028.1197772179237,31.05597045389038
4.411665102855322,25.47035823500513,74.56745365788396,1032.0257894959254,42.58665453912745
13.151261644228363,74.97488324272949,38.904310165817705,982.8908523295087,28.79582834315378
18.354018679638077,20.23243614418365,78.64570961340146,1034.973295875333,38.280115343815375
19.66584055593526,54.53041723980072,56.6593745730616,1007.9721622621972,30.68162299897177
5.894303314400257,43.353459445443136,88.52878442299128,1037.85453239223,40.59138690932322
11.29106772673944,55.6475857770807,42.28325086123859,1012.3133496471869,30.839237236768827
13.082362603180437,13.553342402827251,36.305798437063885,994.1086105939189,39.09574500831735
3.38174381006231,36.12278755130117,86.53506830998977,1038.4800984444578,45.416484442747674
16.304985029484865,66.69038308661737,46.106085199426694,994.598294846958,31.581395685680118
3.6110786377753614,55.85307940810274,52.949491680040396,1032.9486936558503,39.708594816960165
35.1728921554835,54.89697589118197,83.49662661503945,990.387709683113,33.80125074776078
19.302388327865522,51.08301121312544,70.846122989966,1020.4860543653976,39.15191509204936
16.337619468918735,94.38849100388784,55.33807123458153,1004.6774965331716,30.559380003335882
6.326108575180345,93.45696979397343,39.99124071236464,1038.3210903890867,30.877011684825906
11.32518277224479,36.01449727982943,81.13607750814114,991.0863578683553,37.960820330290986
11.635260446956181,35.18950115842048,34.43448275920456,1004.5276803804849,30.513741796215626
49.26021074366515,55.48984565730611,94.26236804691425,1018.3865794426245,31.566810792248805
41.76746897542466,9.56062841392078,32.02528552983978,1038.6572253965264,26.497468870573314
0.7631145816715812,30.30067007675159,84.3946953557837,998.2317845978804,40.02519935995107
30.841829538423987,23.086756580117274,53.9399093382507,1003.8122630626866,25.066910849632002
12.795504821096188,22.33896683364285,34.88049863468096,1007.7075192393415,40.49656050664027
5.218846440979213,63.850552589526785,52.19031505894169,995.1620294777706,31.56326998613782
35.27998815598774,38.43503343441493,37.72414529599469,1029.0412820242186,24.493231492687457
6.580277473417462,17.116437475830626,30.87949206686779,985.5197363451382,39.0808253162116
22.187038976486782,88.75718449877596,39.13243191444468,1022.2873959023782,21.898058662400082
31.60825824199621,87.41486879377942,89.39187780306021,1012.0357381974521,31.75976208961771
27.724737807749435,86.24629235322352,28.475390998385937,994.5156173591428,27.425500915439848
48.88145491513715,39.074494225779276,97.80316702143126,1009.569828412043,37.37147658756
39.28713065612613,5.698245351045239,20.399876295014145,1029.7969455316522,24.69761176939255
38.70966880637449,10.674201789443604,72.65905235129945,1006.7264962353275,33.056956278067
17.779769704051564,27.60480797712992,88.52095878704688,987.3138658948986,38.48085780796178
0.4197746042070849,21.997000410865464,94.71661185014115,982.4481177278911,46.21697082567194
36.72054648353441,87.39856201488354,31.518847476540365,1026.6677776468134,24.139977228598227
49.98660421478362,98.63581803892595,75.8566797161872,999.8259887500425,17.057521241291624
20.29395538718078,81.66736623318023,28.587937292451784,1035.8746817944482,27.434631378360198
49.27592494785587,72.98489027491884,48.20891950995468,1017.0288308600313,19.644155132577488
7.085405476717321,58.86241399273142,78.55410860055949,1006.1770334700898,42.74029715728195
14.825617581835871,76.99082991798728,47.67785809304535,1013.8678952090428,33.96852805601526
8.536346587123534,94.70333121923909,45.06997826248543,1007.427958694758,28.396424317843838
23.75879864634079,60.134466990708106,29.284369504192654,1034.3486649429972,26.346199276309676
39.84907007536102,15.46132440198339,25.31504754624704,1007.4813121620374,27.864318142670573
17.033084576897693,16.38583172687197,29.222239302540565,986.2438705153248,35.04966774177263
45.31144685759357,58.38628031285862,90.03798199561795,1015.8252823495075,21.712672928589825
27.241520666489254,33.34685397848078,20.89588203047402,1017.3788627690192,29.38346945061462
23.271220687093862,91.02473752449694,75.42926956282312,1025.9198043675822,35.42839223982001
39.351792109763814,61.164233383597235,81.48993839106382,1035.9970484930604,30.52829885557339
5.072174852089228,67.64926134233603,65.43106433019432,1006.584900927407,39.250308346183616
38.68762356053374,0.5820710100902571,78.4620288946519,1001.1245963964384,38.70357047356205
12.147600008641335,49.8848552062623,72.18157352200802,1009.44626094485,37.788176852103916
14.040627359161878,43.11647213889117,56.44467912757541,1034.0119341146778,37.80579755941832
29.972688666003993,70.5871856767533,50.61683423010137,1038.7989429101913,27.09603831733223
45.09672125231026,38.26386603333657,95.30655907241388,1038.2741003968245,32.28955843496163
28.920347488543243,97.65750318871623,97.75503940563743,993.7817307683137,28.852411678190848
32.44746743972435,67.02031815564018,72.10171229000238,1009.8137216937125,29.83432657069591
38.82972948026371,65.99183331425894,35.78390719187774,995.5684415513007,27.431423239631172
12.966237949624338,91.93411447579827,55.831932995022996,1002.0789669420228,27.3656017314531
41.361683640207126,99.52048338983457,59.72299920660856,981.9010463324928,22.826536150349646
20.898007453357486,19.782068926211327,80.63760419685293,989.636070756295,39.34361814837279
8.782784674558124,81.0533143214728,73.42217050578554,1003.8245572812216,39.51413319396425
17.50590397305625,16.231949532202748,61.185154354231614,1001.8822779333839,42.06913249731382
12.306555585911266,45.70434530542099,74.42916462297256,996.7299530678803,34.80374003782732
11.435680256782293,10.018540433247015,21.924547738701918,993.8185746251783,31.74984917723056
14.128159935958307,62.33709784671648,82.1308257507491,1024.9373428668434,35.527454167000194
9.046540737104475,46.851816340507504,36.930578720555545,997.6729819886834,31.38130442964293
33.385087854132145,62.869894832571504,72.51273116489193,1022.3926178877646,28.566900732839663
28.99958785175586,67.7960752615413,29.117860170960732,1002.1175065448998,24.711738832372305
32.42209464917142,61.9432250031238,29.156866873976117,1028.1187543445335,21.200793298390778
17.18623619140802,29.402912260737313,22.85261150693616,990.0340009241205,27.74003517811417
38.486670128702215,83.69591572436687,92.81862481228094,989.4562328221747,26.164554835698123
6.480437047708238,55.16861993751241,68.36470061534496,1020.7803360224602,39.427192182785824
28.55683547306801,48.98511732168031,48.956954898331865,1034.8949145085312,29.12457412581797
13.772648612323696,98.70638042348745,83.0222192815447,988.5792022899723,32.23857994645381
26.380495034880568,28.350790670647687,70.08657604997325,984.422277070629,31.666565277870305
16.18185876201196,52.80303048951731,69.60644143303523,1036.0782324093095,30.95550797056491
39.52558825456477,68.23245786079914,58.96342354904054,987.0396166319491,29.53898478457497
44.563591941904726,12.522593293323359,20.634142293456694,995.022015185941,22.24804167238922
37.129061168581565,35.423972414653534,40.67700051399519,1035.7696500452048,35.007304818812656
8.77918564246234,80.16887159973261,28.726135568006637,1028.1750735776134,31.28015312674425
13.743344919418115,23.675823459983004,72.99278818822208,1000.5654688194377,44.697400281851046
45.96790327592079,49.329036490360664,39.88966574295982,1037.2716631793955,25.72607033176191
21.861006382910062,63.063060598297106,56.01333312409656,1014.0829107919243,31.034598682811144
47.05902046746334,67.11623533076,48.274423863190634,984.3348957576616,19.045559147136885
19.62258444311334,72.83104420478259,31.455899034029116,1022.1840126360689,23.801665608224045
47.58873302953319,86.59773170429443,96.66961863061755,1012.2366414693981,29.907735595649
46.28694938666655,39.28594430336376,94.67354493017727,1014.3552830311494,32.208560300935225
33.02634449933081,70.66319259638561,26.768654882931244,1039.6462546595278,24.423503838542857
0.441352423075142,73.21746477702516,86.18922828223971,989.1508569979725,42.44111969251656
20.016734098796846,30.02741301269902,59.069894617309856,1019.4077540172735,36.04880090521039
45.56175648477979,96.81579502116412,81.89887076646811,1007.5244658337815,22.409640839191294
44.25551445540574,86.5219173522062,32.092570473101354,996.3135874932798,20.589418662035257
9.369390004805684,28.986132869956403,30.5819310222035,1021.6126874997777,33.45555257298178
19.95912479845513,67.50686766869876,91.26060007161632,1020.092768435,36.36422896718895
41.77549639397358,71.7800634459294,91.82555934728487,1031.3897064874118,31.583144588969105
28.89389266250272,43.14836362753793,57.2729730202887,1032.7321541111903,30.825694653215677
42.36496167231003,86.37432859409664,89.61262380919183,1013.7091671829543,21.655611978945608
41.32836922242815,69.02293535090396,73.39671612029042,999.534353964063,29.561152709166628
45.37410034762415,65.81546851527182,34.800779408879364,1011.7748270262887,23.76662298578841
5.861029409729085,22.08403722847182,46.316341174571896,1001.5553076021718,32.25849650766198
7.2607570726757835,40.78423113495825,30.88485204069359,996.6413650417767,29.9190312546564
4.140451448452626,43.39224891323499,81.91589351447465,1013.09452266663,47.779553007101036
46.76344205477158,73.36610965790206,98.82005797565998,1019.4760504497841,29.282990158634732
23.758119218894656,61.839454525755244,63.710266125280924,1015.4342772146236,31.304498064651785
3.2162641741224074,8.586059062626706,72.46915312919143,1037.2651712817992,43.2530410153666
16.07649512570206,30.769795188724004,79.68740545069093,997.9181671132379,35.659438150715474
17.570632056498344,47.30475044615455,37.94072819443923,1002.3405011032804,29.893001662747384
40.477991173837864,73.6732945856993,46.880099810674736,1020.0585693934132,25.58572776624532
36.77384460854615,74.3569130079674,52.98569690593878,1016.0215176502164,24.49340632739156
34.46935247812845,49.05433085716368,67.56706497163776,980.1118031202418,31.06190923667474
1.0931776295689366,11.69323822606776,88.03940625190205,998.7371281116044,51.72049783405963
45.53478982131894,29.290340337283904,40.33628356719249,995.2257111481182,22.36405123657859
10.777763345787077,25.469238224706924,57.671104058223115,1030.3948931987609,39.1269353484772
31.45307023463389,78.10264103082412,80.12271289637694,1031.9749238530958,33.164900920852915
3.090952150570958,17.99863140056536,26.990799960369944,997.0335884618695,33.20343207766527
4.076304593602726,46.49212223951922,61.03147666609428,986.1242692176522,38.27926176643186
0.4788648065061074,67.071880351439,31.550376269258003,992.3121168235219,38.08492487364249
28.29638222726653,96.4786152950037,63.131911738187945,990.5941039351435,24.864141500371286
31.468983480845235,99.924058022444,81.42582090523494,994.2461215571054,30.61073433444075
2.523115161661438,95.2922143555439,38.95579288359518,994.0786941378449,29.75537619961404
14.524244238201945,71.8242345253535,87.95827563877639,1008.7903189340584,41.96861205245266
42.57272070890083,74.64408330220917,46.78432880654,999.1784828442538,16.568590768463594
5.065418341145706,75.92100976090174,35.26278908462161,1013.5893050513266,31.38434655831674
10.827358227666561,86.260487654629,57.22587160566817,1000.6480774604505,27.026021970858697
21.219560423621353,95.1785462852208,90.08600656841642,1028.8806157979163,30.844160096769627
42.1137051316558,44.57061445203275,25.514644893928235,1037.0475486670243,20.096518366844123
12.742452723760211,41.65108780421269,46.20571729733163,1004.2351072013015,32.96684621967487
49.85685076816711,46.04644623786307,72.25305351752905,982.9681120871933,22.110746363050826
17.763090656926416,65.98171714565942,48.606469495646834,994.3746948420703,29.77614673686603
19.322432924181154,77.54453962777646,25.665919578609248,986.1114898521826,26.14233340724658
6.105310211539717,87.05443909013292,46.5599175024379,1000.6858345887744,26.604957946801267
34.009895042826535,45.62107542826056,85.67675089092242,1018.7068540508102,31.295776188892138
12.17325913922408,36.33726261801294,97.44300180040207,1011.1344745366706,49.91641215551427
31.443379764752315,98.33526147022265,23.182335791817472,994.5725406816583,19.82997252255537
11.15788642014633,23.188762100722627,65.54270541080555,1026.0355431585594,33.97265092613056
19.393613361323396,22.200483525247726,28.424274642147846,987.8888437627837,26.521888116376694
42.83360459772088,71.54074548264956,74.43172233248048,993.6917585074821,26.452150328559075
36.945295573703504,17.965729560264233,20.631378080644076,1020.5628290355605,25.66779978039306
7.729544997186172,39.94089997461224,21.179330056589862,991.834063201332,29.678298870795402
30.38540836870507,29.238682231425194,82.15038611444592,1020.7257629527154,42.01752731313108
31.432032583690468,16.871045675694862,25.954825815783824,1038.616481017769,36.14502561265229
4.528423675093052,57.970723909789356,44.414533942965136,1029.8811972317692,34.05105446302413
23.29028271679679,37.351149075462885,96.64323392830649,989.6006324217755,40.92516861287638
13.033419783380396,46.2234172848446,98.8197693957977,1011.2299052901952,44.024694365637984
23.35650713817415,19.5863004825516,32.91222895088534,1005.3392938059491,33.98565744747711
38.853549566143755,76.78668026717565,64.872153714868,1039.500164794004,24.005837491227872
7.9129779905159845,31.471208345074576,64.73190627922399,1037.864042104435,45.504400203971656
6.165210279402189,34.27181790268988,56.19045524260906,987.6267231662542,37.438566286923574
13.465824755288647,25.215396210011264,93.97601266111965,1034.52385232098,44.23156814107517
47.61377251732916,43.44035721190338,80.32271272993283,991.6051002823075,27.99847196943192
37.391210559248314,46.3576627238672,81.16215485455551,999.167090102765,30.625477073181134
0.9727931407273294,52.96669163295151,41.56555454154745,1001.2044787838566,36.24562903120948
20.050242124168832,96.75682819819397,54.745581776131104,997.2093227073093,23.647611542115254
12.86989895401926,90.46918080457034,58.99389587803625,1031.1946275900157,25.391630109321994
31.907228418608696,60.93926309870537,43.91296329635332,999.7959443525825,25.016627118010323
22.964622676709656,3.89034677630975,27.585422012964642,1029.0043051451114,29.53819501343325
48.22492624319704,61.226034087673455,30.108737997777276,1039.6626089902975,21.101992631706
10.94892254921191,8.966860676411626,34.45369025447374,1030.4456922696227,37.63697502729372
29.392820799947035,71.03442385187473,36.29226674919587,1000.7685755860575,24.31836295801905
35.01050074951113,39.00776465809306,39.380944736843524,1022.6751436047717,31.141442263622476
41.278224467269084,83.76964915685187,40.436802317079554,1012.0354068194644,20.2671131914964
20.348551521400353,94.25292452651306,56.45730763900288,1027.1910670330044,23.84810704860142
34.346095382874076,41.7110341465609,60.7658552660833,989.1858436787745,28.492730409006427
15.160073569214138,46.05552954737462,44.710336650108474,1018.2880755587543,36.17164028375468
21.773804618091013,59.014758101285025,92.58371359365826,1026.420006400504,31.06957595262138
44.78135656016996,19.713272185805053,64.25117786711637,1025.6738801243985,29.203311114774007
47.495380466547715,92.73328408283614,82.99815424267254,1037.815580336227,26.150478298554358
35.940867346363234,43.29999265013726,93.93902659366746,983.5046828470593,41.34541518065196
18.71759453880925,16.68203359160073,33.05080916606442,1000.7467621455374,36.05384780780037
41.002889498733204,76.2731833418884,54.229958697250765,1008.5932149074863,23.516022069021997
1.2933540862710091,21.91513724439852,54.656832137168706,998.5858117035249,41.89299878336549
5.137295526971053,14.352927507185498,48.35778003506833,998.5873708203483,33.29584693200257
33.06868681876806,56.287207549400705,20.712469324131195,990.5677164013956,18.959731368359222
14.562428763502872,67.14952552915908,85.2777686222476,1028.7770841815125,38.97639280833251
47.56931092002389,56.95627406649163,28.924745724312224,1034.4841426630726,20.28547621922091
21.803030604615238,65.65106489473632,99.63844783374071,984.939641574305,37.14476789548119
21.46824101945885,11.552401230774445,81.83667935289452,989.2939347054979,39.30801212916111
33.90397550954656,47.601803788410734,66.40080140852116,993.7071799923112,29.627618086674815
38.37842811530948,35.70186440885412,32.3685134193278,1010.5392490312502,25.03113906348231
23.777936906256826,97.33686162401219,61.23143771145976,1027.4703219980581,24.438949309607445
10.700045085586208,4.962393417946743,40.88869926862471,984.287331485897,36.166017735506315
38.66543213628108,29.829420305992304,40.185801963445556,1018.2087791395057,22.817160311536874
16.01756374368138,94.1862194091722,86.36233995059884,988.9601273762252,31.390873105877972
8.75553846469288,98.34961831843295,50.451553916754776,1038.287424072576,34.19957322532718
31.582009496250663,82.49016077271335,56.05790427126433,1033.9264058511044,25.56133790007251
4.52268334951752,7.599824401640931,87.43717902240947,1036.9749709367452,48.265807252919394
48.56763375430275,56.135502834354035,27.023250057507404,986.3698326549625,18.68292741433678
31.61986322060685,40.012299267046714,67.56942824728397,1009.2821829712515,30.419194002951077
49.29477604608779,80.64525676954017,66.25725450984302,989.9147940199025,18.598219446268878
16.944671173931802,5.502423557133329,54.017165541334016,1016.02133304699,36.32919082701895
48.560258059519896,19.712875164470212,86.38197131392744,993.9643467597118,31.586753035921937
7.278112386431179,48.91950662226294,95.43120490685541,1026.2378590021383,44.2445138702882
2.0347386173514224,15.764766294782696,57.22686895308886,1018.6401560389801,41.87694584273109
1.649203022730128,69.27151426942983,56.49176407987198,1014.2962756572362,38.02621874520063
23.243518529961353,82.07672211397983,60.16509837365958,1029.5136294779197,24.613799267541822
4.150209873929739,70.45198936276435,77.84992246664493,1010.0163818500969,40.927541781293826
25.608394208380087,44.02837136399823,73.44482325591699,996.1911044207411,30.210421155782658
16.375025175445025,87.83876662526463,37.826795936550965,1017.2423298080053,30.012995622956844
16.78144962370578,13.76861317199417,25.111627887947463,1037.4237579318683,34.35114066775686
31.78044982725849,26.03385838990089,95.94033038534315,1016.0695618006523,31.70435132021198
8.15490030758101,48.95396852523033,40.885580778696344,1017.7771669423659,36.09740198340922
38.32766851698655,6.1338598879251975,71.08773477524734,1036.0850408755798,36.99846650940895
29.101545988931736,9.568578156654727,86.27504021949778,1010.9165060184647,41.98589992198668
45.74723144237554,39.74433717223721,44.022140043774904,1039.7814477028876,22.134551958369535
18.24203268837617,94.3886296734554,70.8346730925543,989.5797226119845,30.783555168476024
49.135749603356274,90.84136932770002,28.632019291937993,1012.2223905807392,17.537737040774722
28.79138233570116,46.59748582784111,97.59451555005286,992.7740504608629,38.14647566046697
48.67009780937669,14.215854451073007,24.65266200405007,1007.1995821004416,23.787838440284943
1.3530327023557664,17.81076559584356,55.053973907278106,990.234434570106,39.335889676832885
36.3988161206194,37.75460546091273,62.94553936480186,993.3517262915484,32.3175913106016
40.831076214636816,21.007419508678137,83.23854229306912,992.6480029779358,35.71013648870377
2.6586643338243787,8.297559439037784,29.690281365793698,999.2018803414405,37.087389649356965
28.948483200812287,67.37774835199971,55.26463790841412,988.0763020711302,25.018237520117882
40.09711467947242,58.144863779269485,43.976925563476186,1028.560530498501,21.880418645128348
28.05193626115364,29.129675797808506,44.960857255467204,993.2405358375328,34.11484399294043
3.190679520273332,77.89483825523041,82.30303328522007,1004.9941397086025,41.2906852601053
34.67236204491557,77.59488877058345,20.43687560254665,980.9634282938015,19.20348306756492
3.0298457336654314,49.10019702127618,79.9266913068773,986.2928925969069,40.03836850317949
40.873444750821925,9.653255551189389,84.8318744098485,1033.776314024795,29.60838817904063
2.1517091653347196,91.84694001013575,92.10897950736552,1030.2296122304267,39.077529106965095
6.86986905051854,66.86605235409712,70.15054425843869,1030.4553471473116,33.55077716748425
13.755379526163425,24.705081915195095,46.6764262617793,1004.6812050352914,35.71496442007946
31.66823961304,61.045454703422664,54.178778603909656,988.4918479310999,30.5873781352385
48.8179549815653,40.502149582763025,97.57888658299434,986.473671289659,27.469350301579112
5.891142630996721,63.534963973595794,90.49494611486818,1016.336163488043,41.23588628149659
7.135383460695921,47.38708957310208,57.082072727955364,1029.6915952945178,40.01015810559445
18.443519835049017,48.547215023973344,95.4450405688738,1034.0068689284146,40.01000219680408
41.81095688776601,73.58820919073594,85.83639003251672,997.3238990336135,26.08787961459561
23.36154763754071,61.37257460639758,92.08718893278358,999.2615941900073,35.42374768763205
16.080530012791083,7.995269124422566,74.63817876607368,986.0525994116855,42.90483902354882
28.060191610443063,6.537357044630365,88.6123234769596,1026.4645873560808,40.277080660761925
13.0261598722875,30.500923749672527,91.34129130674606,996.5414162672683,41.403969937022744
20.057995362376047,43.02459965387463,27.361326763253714,1008.8557681738058,32.169885182498774
16.630257461602092,27.522255917928607,97.21735813285268,1035.7338382717298,43.84073126494028
40.207051120732295,65.1459858069918,46.689047901125065,1025.1329438194962,20.060594857789972
46.21278632190004,19.51079317256219,55.19196076666844,983.1642737773443,28.761402362666907
37.97860960784559,70.41410963961697,83.35230073542522,980.4892756675658,31.266313041696527
21.954178801499175,77.31507418889302,73.19170444579981,1027.2444755528245,28.233934957324944
25.21674887483319,12.431930759565057,91.44479299488458,1013.1500142187217,33.1052830076008
6.253684696471784,65.0806243362988,52.04590006214177,1023.220064561762,31.501320451650038
37.34323555672689,96.14359759001141,49.863053094092685,989.4089193095969,20.88280686123579
29.823783969752206,19.282381726334673,22.535107963305574,1032.3228709982372,30.920715286045255
45.12199980687182,90.93028311161545,57.018030133572644,1026.3994987408678,18.518210139080775
10.03055717875766,60.60479492740166,77.92566162632869,1033.4503348432768,39.69357009441077
37.98630609663061,59.094486733171195,44.09429741009728,1000.4657649594483,15.38097600405182
34.23358308595949,5.192268232086716,57.01812109390731,996.5423117169947,32.97518281050972
13.29227669048761,74.83002783863982,37.55182147882224,989.1038863954357,27.46394379706549
33.36893197704126,47.82730526480582,81.82302446971686,1035.8053104768198,39.23194610531915
46.21866902883248,72.11743918351341,24.840924907291768,990.6097522134704,11.524730291664124
45.921799383355946,80.9181103446606,76.43064440003985,987.1590340226903,24.035922042574253
35.98132872580707,52.379637337227855,50.31520093959868,991.5606925392069,20.391467585385797
2.403655626703005,26.36443132783142,23.32768555096966,1026.2829036056069,33.758147884476195
43.613216866008074,14.157249139281337,88.27756698334287,1033.3717540989728,29.045915258938447
32.888930350227,16.050312793241428,59.017749054493216,1028.6548073897854,39.59641434184993
15.521712659136721,86.69346539457987,67.94551756929033,1013.794313172277,30.815209957457125
9.362518085284965,12.357809563038868,78.56245532195655,1039.6330550466635,42.63940453740732
5.810193149865856,38.46940730465684,72.4059546400951,984.1312438696069,39.565318222665056
2.5118449628880493,33.42746462890308,78.46854966516892,1032.0315006692974,39.65778213304181
37.70516239753782,86.54556667389703,80.98253476622861,1005.6628317028261,30.20024766332209
11.792149947163766,47.76935006942916,67.13212244516887,1007.307340922328,38.561967630588875
1.2126468021627534,99.64464173481376,49.25102647262054,987.6556936190768,34.30632471715976
19.863532592099464,73.70547463031447,39.45137197730741,982.0059784612297,23.314332479050552
24.130354029616946,85.09235754042857,92.23225893222298,998.9976995641659,36.21239651392098
8.461511545006346,9.86722660266749,97.59398757105762,990.4912119868358,48.72327008960563
2.202416808127489,25.310225526489592,48.61302040785671,1009.0003253642788,38.32303286840443
9.456274154903443,13.544619557182823,28.984858325784018,988.8398315632263,37.3582444045735
33.955138091828715,46.36219724005597,37.8029861693145,988.2756641901366,26.17121492752856
4.11218386256032,71.82874881619098,73.65338767897516,1032.618739046231,33.24185429596078
27.75185152784969,16.90635682030002,33.83466959666646,1035.2776820795846,29.95614523497063
7.320599395408333,13.016854456973881,82.40978184487905,1037.8529725152746,42.916131349378524
9.784458679020968,61.46087487804404,93.84241918997708,1020.8301465724347,40.40779858257825
19.653894163334932,23.031275376342396,97.09212120630778,1026.260990287752,44.69312106326641
5.041266802686567,47.9325071753741,20.746040477991254,1030.1470853145577,27.22519301305482
8.660175139110644,5.111772772771772,96.65233319635333,1019.5353235472398,45.18859290726611
17.447620572567708,68.06128120674649,79.21555353036942,999.8145862821517,32.11269816386947
16.483450274918344,54.13163816420536,26.724018581104183,989.3832199060114,25.841394370457696
37.46357428378659,64.74228989586328,53.219237502298114,994.236398429489,22.42498517271149
3.7391152563212184,27.540638005974603,76.00363796636073,1030.4248430842977,43.07775524558755
43.02253678331717,27.860297536153112,96.53483941288394,1021.7658342972105,35.53227816777836
40.81160853697274,80.13605330907582,33.13131148891141,1007.3477458115691,20.644538624237263
38.29958198459692,71.85623129848263,30.218662554156317,981.7643046308272,20.789592373190118
15.468618123156624,57.97286511986146,57.78776426095028,995.972262226033,34.754971398207005
41.14408927703938,62.81434757820805,97.44791149907914,1023.7338495875458,38.348180576211334
9.14010401446404,9.404417950110544,97.71033722064084,1010.7432341057014,46.33661650880155
6.220460292751412,85.61713044512535,38.23317928423275,1006.131949668947,33.23317996211571
2.2478166744743677,76.99070330116626,45.54777183771659,998.8207640467945,36.067716027848
46.9655181502788,59.04915338234476,92.64255885157236,1016.4159098346214,34.30351373020202
15.400544885263685,91.85951311009072,78.78731926816513,1037.9831231223013,35.193202170932835
45.8808940088953,16.86379076993998,97.78531429260946,1034.0674185978503,32.10554969326404
13.630678075966484,68.66573860341668,91.45186904124435,981.8298762850569,38.05324636182181
45.37829796681748,96.29817776521608,37.20768402509947,1008.8572293550068,18.008406254550845
45.196452642304415,31.000896456992088,80.77814875301468,999.7681578828168,32.63860785858134
46.18380225053564,1.5292314067509527,23.88521852480933,1010.6362797403881,21.907254549195113
24.80767196420969,73.48674669691331,85.42662229931791,1016.3728213923029,36.88943673566836
43.2973143399446,0.6980324456127063,68.12454099556865,992.0016840798528,31.755428731808056
47.53829480836601,87.2533649182167,96.48807701091694,1026.8940841728954,29.282406062559172
16.230847094858973,5.630125210356985,96.80259643752628,1008.504083005158,44.92722395045961
20.943720284127753,65.27647298718772,24.065208721948423,1039.5203632938947,26.697197525173063
35.9620093667872,37.71841444231504,32.841718844461425,981.5076431446137,25.437535666745134
15.017991086165045,20.334065371673283,58.73656378549533,991.3831505711875,38.855319750374875
37.690465445632945,89.8258399853829,90.35948199569194,1021.3777880336239,34.30771881001235
3.6946072606766966,74.62458519268623,85.15561138368452,1021.7107847915336,33.32458455142485
26.17491921442711,34.04405661432601,97.14960210814229,1014.9312934650167,39.974193606533106
6.11567420418726,28.4153092857225,69.44672936890726,1038.3176017214378,41.37903163793867
14.666173821833823,73.60122941611394,40.52508156492965,1004.918900523196,28.625845455428014
12.9312696243236,83.65707626063305,22.008531160414186,1005.0222087240512,18.806800665800168
41.94660367813331,71.58504642958094,37.83411925764391,1034.6285817934504,23.10582682188256
9.675862770309873,63.99892250357414,74.02185583628997,1012.3065069198086,36.411845521745356
40.422396007955946,22.79247251886488,94.10198586744104,1001.223659695136,31.97051961671648
39.6980172953961,85.28039832764722,45.67229338466119,1023.1362791500316,21.743564487468714
24.944152777861493,74.96619834583748,90.05634642314364,1017.1802370912517,32.733820344159746
11.69216277980648,51.72742897664144,51.59185986729252,998.3846030171954,28.538899807777227
11.344816997811137,51.15877622667807,44.661699949484024,997.875727884873,33.142000985583294
23.24623235579239,56.91730278073464,60.707539424465445,1003.7367678516352,32.995486874991386
0.4404503696758155,82.82763941786627,55.38187939276922,984.2972039396116,32.67062669097607
26.567537730568308,74.22595488375575,93.10398948136145,1036.5570141492583,34.82902039569869
47.63897628835277,85.62449939458833,57.46055579265012,990.9812024117999,20.648900514849345
7.735344093129825,50.728277165872235,42.18683097784604,991.6294581396633,36.64365953265633
28.66728107378017,62.464905901825716,87.40524620015229,1018.8223043010247,33.0694809227207
48.08893443222284,85.45718068959796,99.89996093276534,1023.4548228379887,29.624967715528616
43.02610697458001,23.232006017671537,71.85371353450591,1024.2101275759924,29.831168620098005
42.51900581906701,44.4020680256224,40.036909514908686,1002.5045014102539,29.501683791644606
41.09249651980945,62.0652236979387,39.10520616105434,1032.3997371745954,21.40897954599369
15.45118030280928,91.51462573581014,24.616535697220783,1012.6399437048826,22.843465191260066
44.53084156334061,1.5836011046124976,26.18344308112679,1006.3152531297533,24.974732586968834
47.06701756165855,21.257315817322752,93.198647614621,1028.62318765194,30.862367328470388
24.78962116495197,23.44505077612904,27.718968563964044,994.6136749534303,25.262758054883214
17.728552362972938,32.66126802617942,58.7475078621423,1031.6111266061312,37.782463262707765
20.711450780292807,28.17866204206789,75.84974237545426,1012.3297636738956,28.144809050447318
16.710322091563278,59.013878556223865,88.02838262188826,1034.0034894603882,35.557242631401444
10.620922101227004,88.56202642547454,33.70167602029818,992.0967518633455,23.56941542374082
30.92242351264447,63.697784107238945,55.022294330028544,1036.1637845601456,28.496622576771546
28.129844312266144,24.152655895435913,40.1184156011022,1021.2726045183434,23.76164853811516
23.129253551963778,86.37528500700846,40.46584719732813,1017.0997116081431,27.219119280306867
4.792269334241589,63.20457891475133,44.30714459893407,1005.3240511689804,35.70268380195468
39.84464823529999,21.896212498790156,66.96929715347738,1037.3788999979433,26.492102716806237
8.74667813753946,36.16665371665032,21.326197734847057,1006.6351776986908,32.40277250977276
5.728102169802407,78.99648067397825,52.70130290524223,1009.9125771468546,34.773546111845455
31.15356977414737,73.89311814871142,34.946410818623406,1026.8898865151189,26.6052777292291
19.932218061886157,57.65823695056426,97.36948068101078,997.0905457767624,33.1349558942152
2.9904237676164733,14.476750274056183,66.61833274002483,997.4897187688275,37.50895820117998
17.77841774805291,80.32892973145042,89.4476375064258,1026.5178612572731,39.829032218558694
38.58901761424814,30.75425285527481,35.65519894156896,987.7147873514065,22.724775902502692
30.76246026085488,77.15979389991624,84.80125594590302,1029.3778712175813,29.52081582296333
18.13930114934984,64.75663657622587,53.182596904418666,1017.5105004985909,33.04942911446571
9.590239581729405,26.41702816435182,34.21557510795219,1012.3450259841962,31.09285902511431
31.589781040238663,21.236922813265668,80.89961619105863,993.7465629307928,34.35169885461811
44.377765047317766,13.090992325771877,80.96088780922247,1027.1820901606645,35.48057910608331
32.31363590079569,24.194623658811576,99.67103254912489,1028.2971853705249,33.8797388016318
40.64519273251121,15.782902244913998,82.47498094385313,1008.976512072591,32.0189163505985
26.07639192771855,61.70512477877514,31.621379834170227,1003.3501384914325,22.17660882879382
35.89855533705144,59.878311897725354,45.80357934285826,994.7697102514364,22.426727058894294
44.811338688917616,58.61720601327972,56.13815338329168,1025.2540410253505,27.91762736038952
38.65894891293276,64.18898092248384,30.132224456783607,1018.3671153876023,25.825784112039578
45.49269766990729,81.47845339645663,83.04311795582512,992.3978617620114,26.022272676272536
21.556980105802992,91.35527115498034,62.13588303300692,1027.668084781094,30.6077520572164
45.21101275635283,23.03755379017621,95.55596552766028,1032.9323188015076,35.379546702958
31.07836172408538,58.77744901689257,67.14465156206562,983.5548357648947,27.26453310242533
43.502438304084684,7.833622124727146,61.83192669906031,1026.3452382814426,31.42205157934031
1.96882652189177,12.014243835559512,25.714012234629145,1031.1681160056592,33.54246664476229
32.89261909567681,65.43393129613905,31.947672395566222,1039.4904739684728,21.035073010643586
42.39875394389493,48.65805616904508,87.96208614113209,994.256089936242,29.973598280589346
8.710101682159987,75.83320868344337,99.25407822606466,1002.2601923128552,36.29405122623239
33.089346673246155,42.567748099057134,53.21433087186156,1037.9714655320527,25.47981888003313
41.24773571083157,12.75984068329381,84.80688669799433,985.6409330176151,31.38785340110175
14.397468481631853,87.20536538308255,70.20686130645214,1011.4224706348853,35.8987027014434
20.2623163953196,8.288847114532228,96.72474189373709,1010.4046747902732,47.22064261149808
28.47588592496097,18.896464253538202,39.05097883552746,1016.3928643328699,30.39541182828161
25.958384444228106,27.6976865961851,63.58685944063544,999.8475568907774,35.46429283465838
1.9594696518567822,99.52806070654268,52.703665467407646,1035.5550853203074,31.125522193871774
4.9336049042706716,41.68598201759839,63.33727807544122,996.2036756575444,32.319045171767385
5.023328965218066,50.17085304781149,41.508646673508416,1018.9817310550642,32.14128018587581
13.11339527495875,76.96967509738684,59.819693017259524,1009.7556213652962,31.352048189645945
12.293205640122462,63.64155853388137,69.98433173798121,996.0004071488048,35.5284482042468
37.11111918933998,84.14206919413334,26.497270719959367,991.3312277433456,18.69074417189093
28.637219300807224,48.643345858789374,79.43898038460986,1037.3937274554596,33.10328438712717
38.198804232262056,97.2177687493222,76.52183705283338,1013.6774876957471,23.58650807121264
3.4948028705435066,79.6812361586308,90.43660811611882,1016.2514547334665,40.64554346919782
24.260711873580032,40.13653883132652,54.06852414479404,1026.9737275425186,28.006210392241904
16.188778963263474,38.1271822945248,24.933530609177417,984.8735995159869,31.914337797259293
42.49696553778732,92.94911920442178,56.916890321734954,1022.8258560678067,19.930996421538794
35.389457845495166,68.44156358147173,31.008733764956915,989.9084082543392,27.929779276116435
43.46292354133981,62.14336345256386,71.79574508174542,1024.4288651045874,25.798779037416082
2.321356120303003,75.78306374338109,23.770521930504465,988.4797202976426,28.359932314979375
36.04117447833002,56.08338281117115,49.91971249821561,1029.9496219924158,24.71820012263782
27.0004176079789,15.91667730857267,26.62743187899963,1020.8609756436208,28.04893345380503
41.25000145077829,31.92154620784311,20.269314725728265,1003.1534173311452,24.09799467473854
25.35802954629105,55.794486370896976,96.84457791212735,1001.530066634155,35.98360191435378
27.01045389509545,1.8167820927166956,99.69018784210242,988.9368238133552,44.148695272666636
2.588369047103256,43.735070496322784,64.44023612254504,1034.243201345967,41.33414608233917
33.42614325179834,75.58028792759367,39.116467995638715,987.1117563709288,22.85831093691737
13.656993780252503,16.423400451627234,92.88792294469259,1008.3246433117475,44.21910613549634
0.9846961089410244,6.4558950156905714,93.84292776608854,994.1911072873883,51.34830364090085
3.3218581253015023,83.60291407276985,88.36071129365648,1039.7796504811415,41.402938747956846
47.86428044830128,61.727386846336195,63.54959876539056,1015.1506430911219,24.885100837828656
17.30386447899235,17.657897248946398,25.976172871682195,988.9750702034607,32.72720593125498
43.40378143105795,80.63049805831936,27.075114202943826,1020.0538398573084,14.660105185482962
47.98386170346279,65.81294714872124,91.72958301701242,1039.496541033353,36.02800360607285
47.163359441866135,33.41192696484382,90.06614779657835,1016.3025968369225,32.67015073907441
44.08626203497101,37.61962719617392,54.751779934497414,1007.4427456733716,27.99752465119836
44.742195623065044,15.588816318704835,46.252369558114026,997.5962072971192,26.56216209673563
14.450402217047575,83.52555942087403,71.52991361152817,985.5274048897261,25.599654221268715
7.5734945130179145,50.9006651643742,84.559035860442,993.6947779393932,39.139605311719194
31.963128104396183,55.701907664366054,78.53479536414568,1013.2172467738924,31.85327645052818
24.405279593441193,88.34919151977478,69.24823504405651,1025.227141918975,27.0067615993196
4.937335934758552,1.5830616453093915,38.52088355558651,1032.675853413779,37.03748303225263
33.877065801120544,6.692306252329205,41.00038953765721,1027.6227350223603,29.592406877848852
28.143000374238667,16.1578981859815,77.92539851181614,987.5279120823451,38.43526461819371
43.153370040521956,3.003781308814557,84.20958819608248,1026.4075931007828,38.42046377351244
30.459189784419934,65.81561566243995,29.290815047967193,1014.8962727687483,24.225118075819147
28.697308986087684,63.38794681883208,34.983763816904485,1008.1464534502894,23.500370086129138
22.037586166631396,21.08019029289856,74.43762097418971,1014.3658471083248,36.386511588578344
23.139353494443515,14.940644488669474,51.118926997712094,980.4845197263493,33.88026095376394
47.719061348955805,14.568470138660672,65.06342938168245,984.0638145782616,29.062315653292412
6.922300470011966,95.32414133186423,69.18519621245089,1011.5509567443788,35.0445718510875
22.310940929109357,69.35045286247416,82.09627738138656,990.4171549688934,31.916377489856227
32.79136169634214,58.54288284650793,84.4573560573526,1012.732457128006,33.55942915512398
21.65053227951998,32.24868718050943,42.40769962091652,1001.2528143124889,32.75689453175535
14.160781352037887,43.304319790878964,63.30373831377371,1034.4447212404853,35.160510517559146
14.367868538142742,8.940588119920767,29.88191508975042,1036.981005638267,29.59901493606403
11.682802312885787,99.81518880550014,87.3612134958039,1038.7870467841112,32.478753341041234
17.195160029154483,75.50854635716348,87.63583506665566,1033.936279752969,40.55748418897725
43.58373877917835,62.14531568282279,43.96045751995651,1039.15345107154,17.746769668243026
25.26122751614976,58.77671952278823,32.8496165937634,1022.3688275443617,30.611345558747658
12.011936403890921,50.43143720331725,25.607342256021326,1037.632536794063,25.50128473268672
19.22633585132662,25.742742767469583,65.99811535292687,1018.5075479274096,34.348242548073834
5.291520603928401,22.63904034597337,27.314248031990385,1028.5528524131432,34.432677078549915
45.201786986936895,54.95324571892244,74.447587569648,987.9145995634226,31.95647870760166
20.4098916045716,7.020081455795168,74.2501120827317,1020.9559752561535,39.55005356368237
49.019560229653784,7.447079886853569,69.11899257052997,1035.8661985601157,29.73258131691523
17.376938663125962,56.08136031603501,90.12484014904756,1012.4028944919658,34.879528181974145
41.81780236135605,91.98120482102392,50.262455418330546,991.2091828118186,21.925973618744493
12.81926566457266,91.42718511298546,92.18156660996621,1011.6133136435001,34.27284771998168
3.807644668880111,1.0828300660792323,22.954029507690468,1022.4164596435693,36.693845534422294
1.5866680836900349,10.739421564744978,29.0205590337126,1026.187309945844,36.99182395743662
30.308421332239178,58.3077693758695,52.97644500147547,1011.4221205959191,30.151192348638634
15.57868358367947,84.84757218061641,67.51944149508589,993.042081453119,33.85575821760154
22.175994023791418,95.44490866568287,22.59005093114925,1035.6013273147248,19.972079653768166
40.93235178003977,86.05822260457792,65.39475771394112,1026.4170449872015,22.310252788143817
12.405404284740108,67.76131352964558,44.59186531864251,996.2413040370562,28.678217364118577
15.432623836745663,20.052507758923575,90.97174462494634,1028.7087750437825,42.8749553809638
42.26680925293336,7.262147397896235,62.66276733349847,1000.8717589710835,33.47067732115148
24.638113667175205,4.751578268564471,67.0315126573947,998.7458806801028,37.49304856347256
41.38325835262438,61.20767846254114,95.64974488919066,1031.7845976408287,24.615465250675697
18.72380017331582,3.618860401535773,81.13368213236748,1032.3941124090272,43.858168034688205
19.918499041355425,73.92399564655506,55.06186129174125,1003.9088841691388,25.662534996420504
8.356918088912813,71.2470737350969,58.15036919648155,980.5353683048938,31.295758774024694
45.81729267974832,7.961082477667891,71.83390948475191,991.1939372839995,31.39296321185276
44.839184700630476,90.66223650367947,36.01593733204105,1034.5577796934735,18.063909561410856
49.210850728238675,52.19292886253023,27.09206723952981,1033.9249602233035,22.1179667877533
20.122356358485575,90.44385673377316,44.89892127564947,1007.2006848856068,24.705501411239787
40.930747087932104,90.1610056188322,82.27062383489843,998.2470024365527,22.85036758703284
20.74768658360593,19.70340638871183,40.58590390159608,998.1648975263103,31.661608746555405
22.71493944604864,38.05776279362848,30.460736026873576,1033.8316881577123,32.296544060936284
41.49996967974123,13.462633350381626,37.521807876980816,999.4839986585309,28.450715529003674
8.868338544319986,77.49780101363207,74.31783296045651,1010.6948155844066,35.95273361486466
11.015546723087615,50.41249155378625,69.1158445354815,1023.8606630355739,41.21656633273736
15.736412019790752,92.88075753949819,75.06519978371489,992.5688624965651,35.27672658601696
39.40895162500288,20.821521487627738,45.75664981443056,995.2303448951536,29.968713442232318
18.632577468404136,68.8367661519226,92.06849015466173,1001.4837135857076,32.57254646915416
17.90841041403808,98.92368277727088,56.141628586251635,1019.2534033608434,30.631138065139716
49.94081726276209,66.53812618209913,61.09704255415549,1029.0494390687797,22.24241262808584
19.190307154973972,6.877393283071265,95.90463808017017,1012.80234579986,41.752078461096154
12.388526815779349,58.842434969519054,98.34218143559805,987.9757241989774,37.60238574380192
31.160683910047165,17.98427496812367,72.92341807332414,1006.7747313841833,34.15222497720274
40.09399759775004,3.0502777419315397,95.58505540606329,987.6614433273917,34.62049885848701
3.4803916861579633,33.49606973052141,63.32059090723546,985.2978301800017,40.059583660639035
30.94461155692375,26.610408305406573,44.58263564534174,1015.3770061910868,29.271681689969206
1.7867727940112377,78.87708988157542,45.207428477323305,1037.3727267078755,34.50644345733028
26.316617548975895,37.368054107810046,64.71524719058763,1030.2567100000435,35.08044521707944
12.84957818789046,73.29587803851965,68.40288965241587,1026.4682757525495,33.46224218812882
15.332084883659286,1.6238991949331427,55.16936559357991,1023.6233579519201,36.51397692933619
23.35479819911913,1.481213343339105,90.70171868094751,1033.827671428142,35.848042543443846
46.35537303727935,2.93134575475571,54.135689497084044,1025.1701050485667,31.47597018857708
35.533365329393824,21.935844178258044,41.87389175981343,1017.6126407180462,28.756038350930442
46.84227981422482,37.39877850285617,20.638550267483183,1001.8808048164233,19.55230770066304
32.99855022793388,60.78458031168545,97.64554225261095,986.0566333915875,36.64569005375661
0.3553873543929831,98.59138858269728,85.94506265143555,1007.6620018306406,33.953680789584546
13.27925986738388,35.44095670143326,69.24476677482632,1035.4870541687221,38.477301754974256
45.28862888601869,5.565890675716623,86.44338031227691,1014.9860159225092,30.970873710502662
32.17227604838724,19.490016166584866,84.82313842007551,991.070250793708,37.65220891023948
49.08236182851374,89.7851833814862,94.54806241806601,1018.9413985088506,18.919386608856833
7.79820096091478,69.93791901477088,50.885414668829995,1007.9277340448302,35.61016167967718
14.837391655325971,79.02008240385598,64.38817936687526,1035.882805314978,35.05063783584628
18.118382975851816,12.416820567279263,27.890241897619674,989.6563946037202,29.270429927827657
16.32789090836553,13.498698870750792,97.22523405751785,1022.7207049104057,43.728981174459356
12.599576507494032,11.2246007544896,98.81016554259999,1020.8961478884081,42.37254474140181
22.173285787838893,85.7169164309525,83.12673983449614,1039.0124947112902,34.04837287178952
32.11490616846856,20.996760869360443,56.32967865186694,1013.8947275971063,34.19388573538356
15.562846144334802,64.31517453797217,59.725340073148615,1032.2944421560185,30.229379559482197
3.984996165712784,51.616636618325906,54.82935463902856,981.4828362518858,32.346651438715114
35.42662634465817,54.43899118738537,43.464850921778435,987.373518093448,28.224622430100446
22.950827789063432,19.543535839126825,62.22331244390133,1000.7563143707919,41.0725330079037
27.82411530450316,63.52460934539895,24.275605560045346,1017.1596438294342,25.50817935451092
22.770032858195755,4.310053445833118,99.35096495497346,1006.9447606980445,44.22484922064123
44.51787517274551,99.34722762576287,53.92401081313126,992.1617748407954,18.38563006690911
27.937249858319003,2.675890649272905,94.1893267229685,1015.352224393486,41.06676349153258
46.163841992587486,5.0156540715862175,77.94171685280028,1014.0019435604818,33.41274224991352
25.528767077800012,32.46474198916813,43.19543334911472,1011.4668487112509,29.99582884695096
14.629408112014092,83.16253557695383,37.76420945396819,985.4333667266419,31.457804327371974
17.772129358809828,25.718921177674293,99.6540347009885,1035.6215295653737,43.02723913914886
26.106464679239277,47.19350137913282,81.77010840432285,1015.5353182220862,35.68173311384995
26.49947189025043,1.7977331176192934,39.97291793194727,995.8395048319194,32.03722375657388
34.36688507744744,7.887931648364422,25.395603854180848,1021.2450914236713,27.694365892227548
11.224743609331538,60.796604854070715,75.7533236241103,999.0744794521332,40.29353537787958
32.94214499827508,19.43584694494286,44.24131654488611,1010.3513616064655,30.19471461297008
38.92940041903761,69.42545630195254,37.706465010217386,1000.467906263539,22.29184727843267
33.829599473349504,78.53911750171771,78.79499321194689,1032.8236415922615,29.75953645513887
24.09140549087954,85.03341994722832,74.34090581234781,1039.6388350720958,29.859611020564877
49.5840325558417,13.379933799932264,58.51301398081529,989.6709239196739,22.873347381808372
20.24065795646081,45.550854903192494,95.41247462162985,981.4147370333958,42.77060549798975
5.329530728991461,94.70814499038457,74.37106928459929,993.1593504189226,37.89405571903253
41.07521077036715,77.20835424443078,91.47356484959273,1015.3971189858568,32.47270940845749
10.61006094402091,11.696038184614832,35.244235387977525,990.437068374652,32.26519796686427
35.6642786451221,50.25002450183943,43.731672806471096,1028.6890654763693,30.484006950705282
8.948814135756294,92.23805818388388,28.36161069549826,1004.5202346076666,33.07680859843863
0.8438695428969689,44.003880552318584,44.36639982976283,1016.6319644428478,40.20851758803881
7.989930189451283,83.74176088409688,97.74226633651043,1007.3370704973715,43.720393452739856
18.849434828791097,49.584372118855725,97.02849968738406,1034.1996752971372,41.75854662330677
5.330912356489915,10.681167724575369,80.83090836407928,982.1081202237367,41.29958536954227
9.883954211784102,14.785492605950735,61.68386102263658,1023.758113739396,41.54690151534973
38.231313884219645,4.667575280817971,82.4623839033796,1019.130328000452,32.49478435284259
38.494180398856535,19.53147405755645,64.27895609709759,1018.9709018591456,29.467737510835804
40.87441135954884,89.36140998704342,20.28068037371547,1004.8393635822923,17.62926620690198
42.05776182737962,65.01980459432566,60.123765915489244,980.9405137085539,24.804121566488305
21.02179473068777,73.88569348829111,67.9138756808842,1021.3544433180775,33.04828866946693
43.37748303467642,62.16614583933278,41.25986860024034,1029.7682727684953,16.918219269896323
26.296843750702152,38.65392921383477,36.26348513933293,985.1138186592409,27.664639257218028
23.52985584680041,21.68611327960016,41.904727584452104,1006.4970502546381,33.575077553757055
35.92681644978879,92.56145840098307,69.89021996142925,989.7556912368233,27.229577061593634
10.69092056799536,51.48297815580215,31.6851291948442,1016.6562671857765,33.911639678713144
39.4748688413736,48.109988120793936,77.62626410635995,1027.1362925815422,31.026980786263234
21.47329132831016,99.61040885935458,53.81398567692876,1020.0023938956443,25.671444995091324
6.364770700188021,38.39299883884766,48.26782873642604,999.0836042291531,37.71752795663391
5.965595675848379,85.41253148922391,84.57850333442823,988.3839621699431,35.96438354601553
8.245337192335006,86.23440603168562,60.48505995492213,1027.6560887630278,35.97200816832656
44.52863671218912,23.267021035779557,50.27204489527425,999.4350115095615,27.866137707131074
49.54689111295237,9.48396923501621,90.25237724484836,981.3283899046655,31.906793687070213
17.848689960064174,97.56201157158642,49.46013057595806,1014.285272860955,25.026931545162363
14.60719261026488,42.58968641355669,88.72002263546963,994.8006386140027,42.66131606477963
10.938548629716866,0.2220322010195508,60.33589587700466,1030.4723599014906,42.773212109589075
41.19082385836227,49.90178338289586,36.640567796400575,988.5953122634467,28.96947494871192
10.460374120943804,61.930036374745036,69.0254550488867,1006.088050943555,37.46312119442529
46.20450649651349,77.60882474480341,42.8258821015969,995.1878122166607,21.27515480848863
33.36751894856413,94.29421182236386,31.77241057409561,1021.3760971532649,16.097900216183017
44.85638958345973,91.5170628945463,26.92234971182236,1012.9118545614454,17.359419522093894
27.700492719707313,94.01358200548685,39.33578686379536,1027.4592631549158,22.528462516233358
34.533993109124836,3.212514825947277,78.9243713601753,1007.5167545134191,38.526838244189825
30.972905032885382,71.17741338304677,87.03993779005941,980.2885058926637,31.996201267669143
41.55977281618984,22.58579628056866,88.93766767855372,992.9117888323698,36.1681939985944
41.793040559294056,18.7552687205654,41.61186189679549,1039.9494264916564,33.76511411639353
29.489649992256258,80.03185685992503,72.87783463562735,1004.3206993585707,26.512921582489437
31.625382466488617,41.71296891728799,38.42832479319436,1017.2141064731735,30.0297388953434
46.093796024891496,91.66000757823358,69.82096911745923,1034.2958964835254,24.955703232429663
46.49332419824847,4.2435090795706625,90.97687944333575,981.2314509287053,39.57669713128945
33.21248919475908,80.21808294871632,23.27149460816651,1019.5764437838437,22.752851723697304
0.3877139086581771,13.683441128259567,98.81805341803249,997.3026184387062,49.8283332802868
5.22056073769705,17.657720156498446,86.1670301966756,996.7548953211459,46.82257189205225
42.89712658872081,47.7351715524499,80.93296930349587,993.4910841948985,31.870910274462116
4.235705818540075,39.558994087279956,75.30903149694328,1029.3637529774696,45.760129086583376
10.67595904275332,48.617230612867104,81.62191111311027,1002.3768639467896,36.508177583630165
11.52733401108259,94.00265220310551,99.56762848324368,984.0269922956255,35.320202361587754
30.011738488995242,65.73889355635731,81.61530376900325,985.8110694729897,36.32696441091749
28.83163989418821,29.03093818420006,48.12806277346616,988.9168617612081,24.308816028379372
14.470876171020015,17.2908712317845,69.11374823468026,1033.9356552350555,39.46123763282432
10.380568278422142,42.00462751309336,46.95384129278686,1005.6466055904406,35.03005503004336
38.22660149287379,45.164102726773756,97.60523546053366,1034.9629603759713,33.56491816684646
46.772807780298805,60.12944098995162,92.01117862605602,1029.0487683657275,33.82070982755911
2.640283995821935,26.600270353976796,65.40961819702628,1030.2729572754708,43.132602986923835
6.6590231352431415,76.75092470968168,82.50190035947593,997.20990866791,36.22474150180277
32.10819943528537,9.846024547938159,92.77495543774111,996.2788647625721,36.061530392541535
40.22207258357128,56.04533636006545,39.48802109252475,1013.6041027902697,24.10960654408544
39.55943343881998,62.35316532441113,66.35854855430438,1005.075497719397,30.19000778505479
35.984157654134464,20.683158106514533,58.53730554020387,1010.5436412980208,31.283129884201937
44.3713977249046,82.60113504996211,81.72730838743531,983.1922521114619,24.688147475103452
10.867443978540642,61.54321252076775,50.3266017067063,1038.2954114757517,31.554492973347923
5.364547324597357,64.57222146479728,76.71837117665532,983.4901284704074,38.97308841631541
30.768148504568416,49.77435057634385,52.239447120939026,990.7298778597133,29.13834658344298
41.11379457617162,90.95942171763384,28.88598917156034,1020.6920314901155,15.884002762632935
29.10217892402866,69.39275814876244,28.56971452866538,989.330093103715,26.221378077268632
48.14987437294531,38.183556489576254,29.524505964254992,986.4121956624673,25.751731774807713
39.77822306958947,23.86058877840862,22.60159007457294,989.2172228822553,23.74205107370948
35.039590045463044,7.106167482348724,62.63785372774176,983.7152145929846,33.49390151848513
3.0128645435866797,16.536083718035954,73.7522145586988,995.0791244155007,39.832143075092624
5.3871119365841045,99.26829520836597,30.138272146055165,996.2671562608889,29.8546894214355
39.241881629559714,40.67668959916402,68.94864001772896,1009.9173252528993,30.832931709715403
9.911896278851467,89.86872272774067,67.81920626063297,1006.3233510322865,32.1005933648742
1.4417588039495277,17.056935688526444,31.76752411174899,1008.4228049089307,35.30488594804746
45.538034287348246,42.536087134084966,52.32660799690106,1016.9623702525341,30.555930335837857
44.540268685061704,96.05184670334486,80.41085678167872,993.8576858749726,24.859827667117266
10.924191361574593,9.113225141929993,21.34048204416092,988.0822478655138,30.76112345362685
39.01031290364773,59.39842838125028,31.755830711871056,1032.7326967187325,25.08172470918188
2.3989830605827542,91.91719006963021,99.66626994597956,1018.0364803741371,40.828228112665215
14.252900191163153,94.96833729542506,78.68359177192477,983.639797636088,32.61930792260019
31.183345412831244,84.60074771117758,57.13042233754046,1037.6630989940493,29.183418822158025
38.15894980791927,85.59344323601495,70.38411296733003,1021.5841101361045,17.883980617898644
0.5199594394094786,65.21829541174655,87.69767764787795,989.1022785252208,35.57776101133557
16.310430663687203,22.042310809499256,87.38436684429094,1038.148065900584,45.650912238209116
10.7172780031837,73.06785444849197,45.97611483689657,1001.924440594978,30.766170842288734
49.93902028743618,97.83844644587232,59.303313803617925,1039.0706047918861,18.37104159292633
33.54911161926175,52.59335146728108,71.0444077198915,986.1965377635973,25.783252315751014
20.283572643987192,26.069735907690117,25.751753321168323,989.5981530221297,30.28422872210059
3.782630099034251,57.34710677649978,95.66372795126017,1019.4451730524906,43.56073036340826
29.93351287534819,69.06103562406165,54.61934605298984,981.3286079099644,30.995760567122627
32.08507354680321,20.828030942441313,49.66898618063415,981.1213784730942,31.221785863839848
40.82029637515676,71.91893476094225,92.56802891598608,1027.518969933494,28.829177648271294
14.428842645968176,58.74328588843919,29.462931900248375,990.0668199043893,29.97482505609952
49.07140402400482,61.23499091480522,23.14086379096868,1035.1273995552565,21.397222947802295
21.973286965697476,30.598792973983414,74.80019298402192,1005.5537697302823,39.09289799665851
14.797187732974681,15.526681011120115,50.80023744840833,1032.4191412579567,38.8808983953812
17.422466700072892,62.3449895305657,81.15806470640847,1005.0658150451917,36.377532591724325
25.97930264835619,58.62329891525718,25.483568922140442,1011.8138002983284,23.398709021803707
46.83507822535636,33.80121877138049,50.70057148283091,998.9908497005848,21.795860934205912
36.757939895970026,29.58936675458872,38.82601696368898,1019.4845850653561,23.394257384477534
28.855482473189113,34.724446166228404,79.16852263572778,999.0920699565839,35.649929299536446
8.14051939899309,48.98833384988202,38.173608834189714,993.390205871003,34.48769644766761
7.467665544543584,97.48197351111612,56.63562678194839,984.8628387177621,34.2270172249845
25.1098456906782,76.35646220262063,85.51020409093695,983.4601608696709,33.75232946031802
36.43543523008246,85.17397391654885,93.23124283715757,998.3584611921374,32.39644203617463
37.55060863775551,50.56495689035311,77.80846349326222,1024.1884007149554,30.181719366000713
11.29571919381292,52.612361177877695,54.33827292263629,992.337203980617,36.40006053238509
5.0049756423626635,20.432466143702765,65.75886997941865,997.9536470083698,38.01375259421006
19.223049462689474,72.10458363010784,75.17519577219952,1034.3102851113274,33.54455431061107
45.908627162203715,42.15840057906362,89.99461012592944,1018.3494497486793,25.123295494579878
27.268362633469113,74.24468588177112,91.08591878082333,1035.1833433653187,33.596331274529035
16.004988341588717,40.905538131262546,94.47755931906777,1034.673562040218,44.38741427518474
16.181883416956083,10.851718721390814,84.85688791259058,983.8046409491413,41.41552105889383
6.604352261109248,17.30536877858835,31.74383487533334,1037.300559495702,38.70121884154211
23.6611868053079,81.15700780746833,79.81116267089945,983.0706775436753,31.978586771443187
39.56813392574192,25.86164895589326,85.16738988505742,1035.5371350649093,32.05796867282682
48.427934576367065,26.43544225670693,90.2297142141107,1012.8040061994029,30.798669226470135
25.07974999789877,92.93680900023314,93.98535156942607,1011.9913749726435,35.79907781642638
8.360745792134422,65.76356228668494,60.7327850814758,1022.7958437571891,37.37127683847994
34.14751999014322,11.430755388435632,72.40741560994483,1032.7526762457037,33.01604692915913
37.839567137264766,14.358527013193424,20.764222129357528,1017.0202733396754,21.244901306002824
3.58498747115511,27.23674327202794,65.82268541539472,1005.5239912268793,41.545251818990884
42.506956481561446,59.39956878266328,57.85587048591517,986.7133605790864,22.714964490424983
41.46611949979287,75.28254699056728,96.98448357558395,1027.3525583536928,29.334328125127012
23.627052701955897,27.4496443453197,92.13674388821816,987.6976095482484,34.11811577979552
28.021125930793417,87.06420374149644,83.80831435467086,1023.5819516719546,33.792386605785936
35.67040318554596,10.918017888414855,24.559534761621336,1011.6754967469216,26.573583982874823
33.837406253142966,20.759916804317957,52.16230738266666,1003.1501554854841,30.564115574139265
0.8267989096604533,97.04649211428776,75.68337777556481,1016.7791831752021,33.976610799326345
6.121765192424289,13.474486365365767,22.372859485142484,1026.3413651644726,34.60662391421811
8.129527789062285,88.81113077238109,38.865103340224096,1036.4683771070372,30.346540958199363
37.78379445360494,70.39350754040954,91.0005752094503,995.881812970268,28.09346177126943
22.004178144619,7.308709064170671,30.382461383953938,1036.827809612702,32.05421579984435
27.275131319341256,48.370682889994384,24.109880347091533,1037.6568827592675,30.24888629610724
38.63437184477421,51.897935314480634,66.44686050277355,1028.817830868781,23.253154699005385
17.04911345320454,93.21396314158376,95.71716923422242,1032.886230496541,35.87285474812845
37.44451136593865,42.11045930771687,86.7699791926911,1021.5456508230303,30.385612353956517
22.11496373147798,44.67636154642759,97.98180037767645,982.345833195877,41.991531415986
18.85900938871033,11.24837547863783,80.28185229569995,1014.5047126823235,39.74764983101275
16.651863202737005,63.91725634376625,54.98958192676572,1024.8322737776464,28.956334446195445
48.247240774619144,21.08969758890966,95.72931516718992,1036.5021880823801,32.59946893239239
38.598670535448946,7.753325822370682,54.13066227626494,1014.2271108211324,31.83811058819658
1.0097970386764688,99.6919000070794,48.00756930753955,1027.652040695443,40.54891447045978
47.870774325910084,26.96296279628052,55.855673421394705,1022.3023230526696,20.177438802872704
38.771981486333665,14.105316512880394,85.11791635059716,996.8481733128549,30.80517641670524
7.458735722712778,69.94903745971763,93.41548398791106,989.2836845090815,43.22112846698683
3.8169062705658563,82.16821559219018,48.614568796774044,1025.0543197206741,28.644499345642643
15.40970468297267,6.407749312634669,56.979796522581,994.0261016707705,37.93270094419466
31.20907646730309,10.539330746978703,91.86618586435064,994.6814932778085,36.54680709320522
30.82733445747337,9.017382358204584,23.763493162293514,1018.6367743220388,26.606048747397818
13.792506257461024,4.69593033225112,82.70949552910811,1027.3441078417718,42.56938372891277
22.28374893287089,65.94564786342838,56.33742065874713,1014.9399255716742,29.21167398056378
10.594507785686774,58.831318973936405,50.121468083973696,1033.0989892327443,37.02990060681102
2.5289342583368732,66.2806656559933,55.75370334694712,992.6865961550404,39.55492470437159
25.848523371343934,50.566716327418106,53.49525404012638,995.1448657724444,31.134868668305113
17.349556712601906,81.75076854055816,80.52948945502447,1018.2173302494467,33.09560854189111
27.1441216148965,54.66683024985755,94.23580177953245,1029.762091077098,36.63610219144237
47.325366123522585,91.87469347996249,59.31646603572629,1012.361108100694,22.914689582553105
7.168515584766055,48.56485325039933,86.61870286260091,980.6228943981528,43.34331823609598
0.09810091554776634,79.06586612115987,78.5555628569791,1020.6165877524164,40.10978983776992
3.843910664106259,40.73603536836341,46.45446284451815,1028.814945981076,41.64067626635908
23.13541480508145,43.52238947764428,66.9851051621238,996.5926176737585,31.57721857673034
35.34660149011618,84.89920452379168,73.34525400125557,983.2518937329361,29.732793962787294
29.03818016585945,10.765983535766333,21.879949751237042,1011.0771186864529,30.56856202136206
24.74473036868735,56.491775498320806,51.676444097939225,982.5293132210572,27.23945508846763
17.69815655462062,72.63364677787855,99.41105406779654,1004.9610046349146,37.87612420672765
15.498708576575048,75.04206154170537,70.98051416560749,981.0690706682177,33.758928545954426
18.814308755249005,59.14935271699754,46.73952554334208,993.4980033744762,29.63556367964633
30.581747700453565,44.80644841595138,40.001923152058225,1003.3293471132146,26.692899763528203
8.38769779327681,26.078244386675774,36.7585281680605,986.7023533847155,30.289209621195976
38.56810415273129,90.94262353541222,52.1313127172166,986.849354239321,19.56418875400489
28.762662004655514,36.978794752132536,35.461255248608765,1029.6237044195375,27.609867902503577
13.45781888057138,79.89920885333459,30.814894564282255,982.485432005444,25.266971106256143
25.057648140564186,3.166561296263626,49.125062754156716,1021.3379749204188,32.13457613446806
48.13893438425832,23.21692146866091,68.55997541166346,1028.868922960961,32.0212763681822
1.0245764572597016,34.55847928841226,31.711934566890267,987.8433412481384,35.17866088404313
9.976132045061458,67.15740633102043,23.547461909028804,991.7222440708083,34.89820908275931
22.419011995163903,31.9330807161891,22.770625445095327,1018.4895980957018,29.274616605709042
31.921986088991407,4.136380081930713,41.390740194877466,998.9387967645931,34.05761870768708
10.611413314274259,17.386751605401606,35.210583241304136,1008.585384274094,34.646829881950254
46.57019741880981,25.916535236932603,63.14042882321218,1030.1601624967839,26.266530526315382
32.12860062123211,17.604747993581903,56.45761496407196,988.2789902830574,32.36371467995151
43.87159744782153,20.37245601411334,45.98132914712149,1017.1791513142823,30.668605774879516
16.465896512515926,76.89569406733544,86.68342673207687,1036.543863336848,35.57683560969699
41.447696715331475,41.203364395046016,60.39575943972211,983.4479977812302,28.254012968822458
18.910960844972312,40.51792446679252,27.322399366727936,983.6004058990857,29.55796861717713
12.637588623060248,96.66063366594861,43.661148325895624,1013.2845423570582,27.803520375733136
45.58276695818965,44.670183794420026,97.86714129572732,1037.6045477656598,31.88984028653969
4.610923783942727,92.76581325323949,98.15818566064115,993.2284185420074,35.673013873268836
47.14443980282021,29.90630982166803,40.373730843769536,999.8475181829721,23.62578146670227
22.925760293380275,40.06262599041731,33.37889030359311,985.9188784728724,30.541102318123592
49.631273674293084,39.62833560674621,59.65505169737955,1001.734833826211,25.757875122599703
26.97973268675144,54.60788323146444,58.51719345334772,982.6599488012048,30.168611447763737
37.87440860411515,58.42472908539522,52.81101498152137,1003.3456398646846,27.698803893410417
0.35355081690019996,24.812502904226886,62.34857819951624,1013.3292664965219,42.35636125542077
24.833340998008257,79.35842504171187,38.575630281456064,1038.5002896010558,25.95225334722132
36.87267358090576,49.65259546767925,29.194347323494974,1029.103278778517,25.87963727393803
39.14135099792245,0.7043553518807477,65.6369166781148,1029.323924646521,33.76897401512973
7.902429130079902,59.13406333166802,94.60783974259,993.6886594743319,39.811028196257034
20.948547519138934,79.80594415291364,31.019942129623832,985.2340821301307,26.23732505645395
20.953597905966937,25.04667378154578,76.38517793851699,1016.1844822462547,37.62506436905632
5.182040424952794,3.7871009361926,55.0317349904308,1011.268291703346,40.44226348996484
22.152275384573333,80.71786556507227,43.518127178304326,1010.9902325946579,27.23632123236181
40.35464793480027,97.62767159716272,88.24873747139407,986.5404791720426,26.340231201755806
15.00903688094935,7.656361466490235,56.51933556297456,1009.6330936557996,34.83134082482339
21.628726094694155,93.80368073257212,66.66496112543922,989.0213444359741,29.650876557770278
48.04793425310713,35.9274411976062,55.44450295519435,1005.3268756227103,30.695627107296104
1.5854037945781108,94.14396085880875,26.49996653356423,983.729757958689,25.560739339528592
29.576088394767787,64.88393240024467,67.59237495201488,1031.4135559645142,28.638180432722248
37.17180458888146,89.02443124484132,53.5072780030497,980.7908051783551,30.66800197259283
38.04412170155892,78.58330250514133,26.940528485410375,1036.3593883667197,17.77030221419955
35.79690124420222,2.7997742820626836,67.66493875351799,1031.7735093637364,38.3653334303245
36.32257217342182,6.544250232505389,20.7896745631382,1025.1564843541582,26.12426572920461
2.950633283652493,52.574460511854404,36.68163106036738,1038.9530349371435,35.059089298445954
26.706830956816642,12.961901984491265,82.48556295241698,983.229199827655,37.075675532761046
39.1484535828628,46.10342391571515,23.034193988698757,1018.4958263631408,23.487269023579277
4.703252451866479,95.46302985644675,71.7345678444111,1030.958125428303,30.42280943452618
0.6024961193433931,29.475728755448426,95.97655569658592,987.5970257918461,46.31888353117153
40.72809157998291,48.891271381574086,33.69539665384054,1015.0864987199916,21.77839931222994
35.61471937832446,38.42596300680694,53.368948816765965,1003.6353145216804,22.701814813938483
20.61032084572213,62.982696424824844,66.03981578967986,1006.1496268008256,35.65026609133703
47.0198216287086,19.384493065155883,56.03326709870754,1034.7514451231136,21.473114872154838
38.32990473257356,25.99392901342833,69.63021489454138,1012.319087016484,37.77788834457412
48.39304708032887,85.87678513640101,52.32780201335985,985.5957226907794,21.04635167354343
46.465762977373366,81.13362238603384,31.880330321753636,1036.2329704306658,14.110630458727815
24.064680148965355,78.91896888706404,27.123548785956455,991.1126702337738,27.53376573322455
37.7354489321783,77.0919609317896,79.55545249417156,1033.558208988324,26.06351287798448
33.45956944038195,45.9437493461579,39.08991596175238,1038.2552432651216,24.621874844194416
40.57226050462457,72.88907725322082,87.79602502133787,1032.6702477896417,23.69931189397629
39.3844201125496,38.72048178721178,79.44217950574723,1020.6280266685352,28.78962454706751
7.661598501661338,10.070958018948017,23.956254747388932,1024.6131091893853,33.28161872780746
11.686776590427318,39.337464164889234,36.09688936509882,1021.9920346258853,35.609032960541036
13.286578858878368,15.866304422793087,43.35941252476306,1007.6314632713038,39.325518642585486
40.924927960850525,39.08516806325096,67.55857990608321,996.4651831247112,24.894729117893718
40.537085196459444,29.742521536288656,84.78616002521112,997.1001637970618,33.07616947522984
24.766767346972106,59.91606670679249,24.826660412673853,1023.8700716771682,19.99899966090105
29.04161296259606,36.15404154984234,39.96871615038487,1017.562186899233,29.581697441445414
41.346107648419995,70.55896633791784,50.096780990377674,1015.0930420381488,29.582889603224604
15.629680033887162,51.21466810476494,34.670172367053304,1019.1565302754639,25.17384835351204
2.508938845818165,91.94922785153999,63.62336780050793,1026.4871741258532,31.821644587193305
24.12982191395836,9.102543535038699,58.240198348664826,1024.900454878732,38.00666356590385
45.68585719243359,68.77091886413322,45.31965136409279,986.3237843475441,23.217157772331888
39.52341304800365,67.23968775700396,61.35095095362854,1001.7821029824029,22.57394177736883
18.330865155424288,95.06265474127007,48.46572514808911,995.8380282070451,31.341839521674267
3.238568024141836,37.15518670436525,47.45552539738326,1012.2943197334487,34.970390829179365
31.8459752691255,30.54379697121623,41.2316420285594,983.6849649422948,33.010676148079526
41.724539793526006,17.239344421365654,63.23503474515106,1025.7478428495504,31.90487075269207
33.24742832273193,26.528851535529363,55.52923155618615,986.3916400257634,33.98374903968177
21.253733238150986,50.18907727551386,35.7059827301779,996.2841215546371,29.73903652041913
6.167680658953567,83.7712961959977,21.037300871855933,1026.9644903132628,30.178343432820792
45.53871220686774,28.428660348064128,32.07436324903355,983.0935989751225,24.838944349728457
13.797916287669148,15.774211665739058,23.42676811988314,1019.6120641133595,36.363820075275186
11.214351824647967,27.21284710741687,54.52790669107457,1035.468696307663,37.444486271206074
40.798833280482704,10.092697502848457,38.00774831298867,1017.0582690312673,24.833696387887642
49.06099693619285,92.66954163079961,53.636426601977966,1022.7594492440846,19.01858235023158
33.00801293723802,87.26241520222472,46.355989869600705,1027.5360123513528,21.61300983235049
31.24052445122753,30.84917169851523,63.04118485492534,993.3347793311691,29.799582486129708
15.971543461053129,24.698781593186702,77.90934630308807,1014.8578350807538,44.42654916884489
1.020672534256467,90.53973140649157,58.34511505070851,998.5434029618114,35.970644088185445
9.589893291135482,0.17719513209559778,24.95744487513047,994.9697227535183,37.218536132488474
29.221521827828596,60.05775279913467,21.40083851319264,991.5473849051333,26.226772274082894
7.565823090802276,91.60037609456705,37.05849330220313,1015.1258369181627,31.024037675292515
44.19179034656636,50.855748890635276,53.9974008976683,1027.6719155932283,30.651168937982696
9.40723439264426,0.29669595996338893,23.592402290181383,1032.5533438513066,29.794154321825367
26.105222650595078,21.88714293851557,46.218704387191124,1005.7151567685115,28.77404986902848
25.600662288439747,92.2441593891934,90.96205663161219,1002.3739400118764,29.425157125008575
30.197281506482526,1.7022424179829243,27.201521748173548,1021.2384141260354,25.888438418591
16.37170348590195,39.47797660632014,95.88132078156589,1026.8215545111411,41.13808881501898
43.676710053265765,78.97447263329782,88.53374204072958,995.1991602003438,27.4033823170967
22.21507679875348,83.80909936850034,86.5424924810831,997.8374530526622,38.55869867259627
35.007678936828704,47.760793262867004,89.09268087010328,1012.003599149057,35.77695853171943
31.795543048335155,23.24837517328525,26.404021220238647,1006.6631412703966,25.447786282150428
5.857804155985163,59.970471768615894,32.09344751829575,1022.3472639835834,33.72965242525114
31.131967635130568,26.37780315573015,30.749794124886574,1010.2690994592648,22.099540140520165
27.5351338990548,25.526425799591635,28.899344860110077,986.695946343355,28.422403585696213
44.930203162795294,80.75997633970131,46.21689756257834,989.9571916872862,20.182981829159676
44.04383182424517,15.426583529661308,86.41735063604219,1034.1145306292383,30.922793115656507
7.547739370582319,0.5521478401990798,40.15697149049834,993.6439018897958,37.71329505998919
4.084257279330384,33.67752170058491,39.5377343193808,983.005165485074,33.66012163592144
14.729610960543438,49.097395499502994,74.07110059364906,1023.8872734972335,34.20215176621191
49.33064283421544,70.50803918953237,27.754008170937368,1021.0406686306784,19.49741525061993
1.0786888203158373,78.11152576042886,48.82239938895392,1016.0045611192892,37.350425490036244
33.64461197864384,66.351921113363,43.63410454753768,1010.1353692678856,26.289233985503348
30.42568669204886,62.650888031692666,87.7840691303537,1038.1748212428092,31.96399797536657
32.32891402289084,66.5748722319435,61.1601022100368,987.1899377551072,25.31399186675
10.914294488537074,27.152651758109904,71.71788512975527,1010.609766954689,38.499324638125664
11.335867289992496,38.23613229645678,30.32274705649882,1013.8426966082026,31.68086889142937
21.53210410869123,61.643650099956446,94.31346084447281,981.3495751028504,33.27374361154954
4.7928903533478175,6.557066035397286,45.796172330008375,1004.7195454882603,42.77171501125045
3.73066045094701,29.532535006785565,76.54710702745291,1026.9681275233186,42.0821557744504
4.41797267430486,40.641894475765305,96.37009439324348,1008.265925314576,46.26589396534527
28.64895856531289,53.3440682853936,60.6919089292802,1032.516706987455,26.365263553791138
19.88709284489469,48.64821073609611,60.60282069870844,1018.6879359133676,31.30821142201163
14.68083903286368,71.81318781539937,29.379953884676155,1025.9651218429924,30.658905219619935
15.790968982565278,47.34266754164611,51.222044513850335,1028.2688081115416,36.137763319626266
10.364165292453686,90.41299838249888,88.19719511052284,1021.370014366408,32.638840293494056
20.575266766096746,38.03183421524173,30.808520567915867,1024.962839601581,30.793978053858137
10.152903459998369,52.53717061761564,93.40033044485259,1021.7186323892748,41.87277695040775
34.90230211496662,0.32103896020267975,73.38475315093254,1013.0278249072173,33.38083480416463
6.196625632696806,31.047795644618937,53.67678680472308,1013.991977935726,39.17858430424071
47.41210422904232,86.65729773139923,63.719873482052584,991.3930869582081,16.49512662054583
4.4909470063641095,33.35763945962916,32.039728618936074,1029.6463540027435,32.675162766111235
47.1730357139938,25.318633333246197,37.39866345101848,998.7282388263139,25.437464083624764
41.66474857602033,54.353696244222164,42.912674165333826,1012.1442129479199,23.573491962631024
34.035606030669015,7.873009844207246,50.78768945395316,994.972733476551,31.503886276758518
45.61508277827418,53.16051316503992,93.24175959943878,1021.7518987463736,29.63547771050017
6.960939675868843,30.36657982421883,49.40552199721256,1038.5101371310361,39.406798901617314
8.815738709345766,38.31028898743875,61.90681923089768,1028.1164140788444,39.867891334902986
12.60762960294079,79.13650043371449,32.96209291342738,1017.1457289132541,30.70578392929344
12.240576338294545,66.19640186141183,78.87785608416564,1014.0503920245261,36.937880766271356
15.542413546358008,44.610609312384284,64.82246792533613,1009.3862754411757,34.36207518118651
28.781544913654667,57.75163130849394,55.192596638669755,992.298285905816,26.78417938041202
1.4086305652552311,76.68587553202292,95.77491724465548,1000.8806031106548,37.86213295196369
19.11362975199879,74.57837451961883,91.25206753134694,1004.383644450278,34.11518717704052
12.319256394629823,18.532171055117843,72.76090178755979,1036.6741444904605,39.01947116491395
30.3314924026361,30.091922199920475,93.74499249252216,1005.5349712421607,41.608544620712166
49.25846655257678,34.823693096602526,65.18254359464581,1015.1714212877556,23.42008791597569
25.88273060916863,18.754229000500445,86.15497213722135,1035.3454724367054,41.841999538966874
21.28426195592169,1.2161454006304195,52.756813134814905,1011.1055844686806,35.56552670278183
18.412177257255806,17.396726878881218,26.93953530783581,995.086986791842,30.799925304675824
39.247460943992884,80.82443270814872,99.53188716232876,1002.8603663958846,31.073873120088443
3.599046582536347,54.59204513924711,33.2505216661258,1002.532352027167,28.98369414540727
47.98852572300608,34.16580269871808,40.12080314071915,1022.8830538821293,21.002718357136388
20.89589429940228,60.83444456294648,33.04827115398716,997.7672438276015,23.576956463680915
15.68503629125565,73.98341253467918,46.99836143829961,1023.8173146656236,29.02147345968217
48.703405819985065,35.44277830208627,43.1424106981071,1033.3545627132034,20.99556785743644
46.79394316216,46.607484153497445,68.08817988393879,1000.1643807028227,30.209012764566907
32.09670698828605,6.42132166701156,99.71680115354276,988.1204660147462,37.438754808137084
0.9253687425200663,59.70905362124792,24.20072443884548,1018.3132610581185,25.352370381423015
37.42674881032859,35.640709555218464,82.27544906346577,1001.6512680514396,31.318948750134112
16.777870002100066,43.352364760078764,30.239353952518925,1012.0391700286747,32.570455282593784
19.414011542713055,42.26006179469247,21.586801970577252,1018.0499379103767,33.179614765879506
7.93710644886943,63.24092887425428,71.0861456092556,1004.4645766436547,36.09850889131705
26.172904193244968,57.246534895448086,89.86521830954939,1035.4816671074045,33.80219113695255
37.22762981018831,42.210604777656805,34.103880531871624,1003.9768792502283,24.502414359161552
13.650555904653421,1.6955021490728694,47.32910277135579,998.4424596344018,38.7886660406934
46.93664540216876,62.09626146313793,33.500016337846176,1033.1405132659334,16.750540927412786
9.736842800147716,87.9577474034327,92.52060554423336,988.1781034055485,35.93147423490494
3.3131170297216683,76.95515715938977,41.62883459344981,987.4525357271355,31.895321387649066
32.21819366749505,98.16156322500822,55.5770313124882,1036.1418924563375,24.455187890928823
42.46593659400234,13.907533802071336,91.57930210264627,992.538104846567,33.76349409982425
47.65664296537561,22.25200527878537,64.22953630101375,988.9062442174784,24.82301589552285
38.35855052582594,53.92674652219791,94.62798406149646,1012.1100982411729,33.292387739391366
9.982500575303616,23.588170234380645,94.11603317176312,982.8073079726179,43.02626564104306
48.88305924018652,3.454978128168984,56.92808159149767,1017.2009000436536,28.471801004438284
45.97179380144213,40.22882761639461,66.59060901866965,1007.1758479003439,23.81010297106725
8.158371138122373,28.76447341539825,38.42514189703495,1018.424717864884,37.46887042634732
27.93929134576622,26.37608456588828,99.24286550409306,997.036214211965,35.703952380981306
27.775871296548942,95.31728170242486,42.26533283294359,1034.3283328609366,28.75119072504528
22.12673890647354,23.845411626544955,82.6645590384761,996.2348427635208,34.504054166927396
49.21406651298444,12.943257118739782,45.03752481241808,1018.2538811325717,28.088808509305373
2.98111185901106,12.531925790785115,45.0433809671828,1036.7055110376575,34.358541405414506
31.360445422179232,80.63240734885292,28.309034136075688,1004.048557300477,14.821031738695755
10.265181133940505,71.48480745267403,64.79166486372638,989.6855916975707,32.360125195036545
26.366560236547983,12.94861955670622,39.58658705025674,984.10294855471,24.37611528357555
38.98703858937594,21.97531188607863,31.871580620609503,1037.7810798084563,28.57188537558219
12.336340158427317,74.73430084435303,38.13333556133868,1025.8220891596363,29.736699608095954
19.667977324157427,27.46163978346141,40.08745256512239,1035.137123604247,37.01239506541339
47.53840371401996,98.15420751573521,60.32667648955888,1021.9299831895887,19.6490790773703
38.07403688601548,54.05700666209088,50.87384292444498,1000.5469102513614,26.283553654680073
28.63615922559178,19.200797041008823,26.03922248175681,987.3809951590029,27.077992163417928
11.099869390335837,85.88084545127332,62.88228663166889,1035.7584115565,30.347674231723303
21.265271873879154,31.947554589723516,83.01979612710117,1009.3771426478564,36.58585219826504
38.70306595249613,28.880735506437784,65.93881287151962,1003.7905397766574,26.595781814143127
41.02715390549881,32.744123345149845,97.96322018014166,1014.6675236743474,35.30753076526219
12.230309907119945,76.81972482230377,27.93201665155771,986.3935592858642,26.383065979276548
33.10301052085096,17.321294971594813,85.69218694064875,998.5522291624691,35.601097201236016
4.7501496061699955,38.1785780260938,60.455413591786645,1018.27256642589,47.40205150566208
1.1606153725232216,3.0832772784410434,61.727614203618245,986.0073767814293,41.8536279600069
27.43369617165106,82.66266173496078,61.527994771963876,988.114565537893,28.176391877380418
11.218992714021436,34.07187663070053,46.02550623261108,1010.6352718454633,34.92123976487176
3.945601562106643,24.817291980837442,45.9644011392202,1017.4074274760654,41.79018182359766
36.491415644761496,57.98932423754992,70.54756053139806,991.2201023476274,29.115554009312508
24.89872941823225,70.49918837513754,23.581206830649315,981.9850780673295,22.583076789381593
39.81385054792253,81.28960371829432,67.10288362414428,1037.5020135660054,32.35990700012565
33.197211984027845,34.77849454990679,77.96725745687324,981.6495594729535,30.05201282205528
36.4902469957745,81.23008501490696,48.50610347803344,980.1231224912385,21.96677785157345
15.36802906479499,46.48810003714582,37.388555156770664,999.400434129692,33.826520533235865
13.16379128416182,10.114226754522493,37.07095301783235,993.3471901265341,32.752624735764215
30.043744604763063,84.63074827157793,26.54717226756528,1014.4151817258927,23.83101754187214
10.004107019904218,54.763478210461436,27.177545536512664,1033.6525326104647,29.573688109160987
40.770605781601056,60.24695719473855,33.335029455567415,1008.8664603463588,24.671414954743263
26.146008448711928,93.74912696947354,21.53383240424697,1026.3980725290182,24.21035564819224
11.34949661738805,55.91514849392553,41.29883260193474,1034.553622308737,32.35928291788142
31.258411616495422,0.5583530677989001,44.51214633983681,991.3639792163724,28.809322995965772
47.251786754180884,87.06158410031026,99.61770026849047,1009.2986531673204,25.812506712041813
4.104736329538705,28.475108032345997,99.33501901249004,1018.5241999759238,45.887356271914285
5.4672603656751475,50.17669207840038,34.96390774696678,999.9129942752206,35.98981236509195
42.191957343167,20.488660256142023,37.04257264775396,1024.3851266593056,27.039375434619195
5.479688728343679,29.698356845497344,59.3525096448346,1022.3188985133095,41.08923473993214
1.96876846764939,68.66488480670338,31.902746699016813,1005.2656570490851,33.22159285330456
17.396529052323643,42.957335103791394,60.32315265265534,985.2772252054676,36.517982221044946
23.33529424607988,62.71306305813871,51.95117638440594,980.6941270089548,28.27343147063863
28.47222183453449,82.3575691312951,45.96983128398979,1002.160973729651,25.395940585423592
25.365011628212493,34.082202218634514,85.80841366478202,984.924130707056,36.37714613973018
45.659228132905675,56.8340038326041,86.24941599944461,1026.8974665924957,27.520326001992743
38.43340501958187,77.75878933731363,99.03115735869812,1000.0595469961388,33.32508602776168
49.19051279308554,71.51231927693746,37.84704912652658,1019.9658965475018,21.879915456368128
23.822771161266115,53.98434359818509,91.06219977149969,1000.7827392380275,39.48708545423616
4.216480491958946,38.33835107273551,63.02767437391448,1027.756305009681,37.35939963361026
47.77653214714373,40.75019812330175,67.31675450658815,1033.3047497971868,28.148056168691255
0.20565807945486791,43.31352119962656,91.7034571466021,1030.2508489557645,47.984587140557764
38.804800691952416,34.88455289461518,95.4104637102656,1009.0684138387912,38.61173160603112
1.564101538583973,69.9075634889698,78.14490061605099,985.0370966521892,34.17659546935853
38.060709532581924,12.54152522718297,47.82739455480991,1002.3026663476057,29.279138587262036
46.89694699240271,96.74541207172767,59.173439173480425,1005.467359682305,19.41408909327169
19.463014866552342,77.89855019715401,69.20430912432879,1037.6152406514125,37.01671341022706
12.048242560985884,29.816305216677385,86.29120311888775,1013.9298383124258,34.7381244899002
11.313957625591542,4.254756927063563,72.63581643020444,1018.4507739737865,39.04277508153272
24.585882207510167,71.13031723789261,49.23580933500985,1026.9202148601244,32.474077171700756
8.544351787839577,73.43590449698331,53.43043610882355,1014.0921480326203,31.7203526752974
33.6461815329856,96.36226105275766,24.035016163141982,1015.9090765509657,15.028973751240056
18.417617874418745,25.3705557575165,93.94142883497088,994.7196678400763,45.19937816856635
16.155474620162952,8.27250902042238,27.04952106635946,983.5319964536766,28.49873070926002
23.064278812822852,91.51347577184326,66.39446325484357,1023.2831527465421,32.160309489094935
27.129375121987593,25.86490346127752,89.73215049910574,1030.9210818412655,33.41217294044075
7.09651311293979,72.15314473238818,53.66921996120057,1004.7200109995063,29.212920876838318
35.38816818984217,6.065963782767792,84.01003900090971,1012.9348671948926,36.97758032774361
44.147354995266305,76.0584804976167,84.3052863709036,998.4371136401422,23.95955352940554
13.899345810059089,12.70258971371404,24.787683086899754,1007.0132356079441,33.97535966109009
9.01954509147424,69.55863480416035,52.97149805845773,992.5333835759873,38.28080009728505
38.02527118595318,53.234304785340484,75.28203893496348,1025.5932084862977,29.348116503359567
9.177086188282473,95.54881304672604,53.78828072551063,1009.5147072665058,35.57389105418131
2.0627580181478313,3.691764307734302,63.613379854348494,1012.8293931926647,44.52346626875007
30.962161019138946,29.204874580005814,67.55663236853121,982.2252846956734,35.176482058722996
11.987570815267512,6.95089173342438,32.0983501384994,1017.3439035376008,28.550571691743812
8.590520446427984,87.9197635239719,52.958496491882386,992.1593487204674,33.066743050912656
49.08013708572531,59.39011536611078,22.27705773468527,1003.0036786618923,18.92687032750965
14.593249169986382,53.4969612357899,31.970086655627554,1004.7629420057506,28.822893207926974
45.17216451077679,13.145789211630976,60.98032507011989,1006.9239558492854,34.845892321753325
8.910938294430215,48.90322573130509,65.88687983510482,993.6461833468858,35.45272642778446
40.94885660312176,39.87036551758154,31.698752527332985,1031.0066134829385,19.016628950498045
25.1009436524241,31.575186813902324,80.44954161699364,1005.6710090422773,38.578920777517354
3.9297384557997637,77.21889554985944,49.83903102967942,1016.7280674744957,29.378575974910998
36.68026468217862,6.127603983344477,93.65199430621375,1016.8362527416264,37.73744481971808
44.603668586739,64.66857273622017,51.01301786443252,1016.4190804652819,26.891969228078047
8.150849516776077,82.29930312022118,31.984878114608364,1013.5590805369758,30.629163104675843
36.27951211680877,90.73072828603243,80.63763669446061,1029.3575448958873,26.72370539232042
22.252625953656192,74.59165947554102,65.42406403514632,1028.7570688248313,29.94041851316293
37.69352266283592,28.245567885821554,50.93505345953246,1005.0286743562915,32.14424580461471
35.69639740926529,60.05074605237034,48.47657307458093,1018.1507628878373,22.00076246025419
1.3300115231502707,14.140361091435526,32.06151788458168,986.1697546716013,39.78474842827463
8.936051798357758,11.7060623744776,47.26677019728092,985.446360696101,44.268347284352174
23.55136214661372,63.86241421385146,22.347531278266803,1008.7949843312757,26.446689577758427
46.67970859560401,85.11076545842027,60.19215312606168,1034.0122414163613,21.220023535157704
17.103672837740074,6.724812569961891,91.73789934509887,1018.9999821514217,42.59690522583951
31.443673514009095,10.600373213329872,83.62646369722617,1020.1529853588556,35.752748750381826
0.6041872757214406,56.5607307429357,22.281695776337145,989.4603987247701,30.080997886196865
35.55634607734721,21.82118610193402,90.5008261014586,1007.1982666561304,35.96339390732201
30.15341313764023,61.18181227776478,56.185986310604264,1004.0474566990696,30.12309551348346
35.769737330788296,21.454382525533987,35.27131723323955,1026.9787008052515,32.52623262609723
45.23303065124725,11.648197430605943,80.19295641723099,988.2694458063361,25.929983516511918
7.324946655890502,54.557498216482735,45.82988401416371,1012.3514604398482,26.891138223251268
13.079479800403353,86.21951380326188,40.265473850948226,1034.6810901529311,33.817885856534204
49.7890446084071,68.51219721505299,32.90547254252381,1033.5475933791438,18.730249926684305
7.814197925481348,81.87251375359646,58.929752552017824,1031.1402265848633,33.999282950060454
36.031350326301315,26.633517439004827,27.471519963955622,1002.499118776183,26.941840894241487
36.253795525545094,88.59786512970257,82.84905032910292,1036.4660414393036,27.600174162066526
34.14968731177847,37.70391745762707,57.65396613331288,1028.3180305195624,35.864627358030475
11.372029465728883,85.24476678569935,55.758113345513614,1031.0684791544543,33.26448721949737
10.756703160693537,47.11755901487261,20.14831651852168,1035.9412276594992,29.199504529070587
33.3170534017394,26.78576473604962,85.4291088246849,1036.2200759368448,34.530527533198615
9.312509222960802,26.02588310267929,59.426964723060294,994.4038977955995,37.71518848375424
33.07816658702687,56.76678843646529,55.19156158410783,987.66126270663,24.840513236751665
24.626414101265905,7.901027020684581,80.91079082275124,1021.452496614279,44.19610373466417
19.331443382469203,93.00561945885086,25.03188392806087,1013.7928373982286,24.0425195950116
15.011617468897287,27.146349569853566,49.3344364876163,999.6455903379159,31.40345528156029
47.37884666615583,33.56248178458553,66.05871660430051,1021.066970406621,28.715850913164438
25.40468288713938,23.330155374123272,56.84620501913501,983.7198126389553,37.3040355558329
28.0625981255481,0.300796056072139,34.53111119023795,982.832498989753,34.3099067362261
47.46280423433927,69.25502368087977,43.942120614424944,1001.2586350521057,17.912715698291766
32.693865904856686,59.05529010342235,44.01604461181064,991.6307974059297,22.13411996967509
47.892646387841374,80.96445401971157,99.35766422121816,1023.1133630442547,31.923644431278355
5.318337026134923,4.101077345098048,46.0957695045319,1036.8813102744916,35.5134517153946
42.331981588620195,92.86556447333203,36.41456500338392,1019.6976448210776,19.722739400768077
16.770731401154542,33.088694006036555,85.81097224833171,1019.2870620276539,37.95172236647393
40.52437625351706,91.30698625057939,53.69370040028869,980.395734405175,25.05488738464366
42.78183120974893,10.713148206753953,55.50909555896406,1010.7366183034778,26.211029832920808
13.57439430712779,74.39205814696412,63.91112507965899,1029.0260792105096,31.006259420010817
20.441530825773945,57.93582314323265,67.65513578100092,1019.247221920281,35.198258734108826
36.3007177157452,35.8191215252584,67.24444803282717,993.6669430789301,32.614426192083684
4.952781544848533,7.9142395933019305,22.759977792883515,1030.908514905632,40.57369894577431
37.776676716967,60.47365098467405,85.50739463183622,1037.862603452911,32.36177456058499
5.523646302737201,2.6439883073913095,35.58822552598704,996.7395708500162,39.139986347176105
45.7227866134029,50.12820991460075,43.38737022270887,992.4256605299483,25.514310186406007
13.816964664817672,60.420857579365496,33.87436160165404,1000.3116142791605,25.528383534282096
28.77996734336779,73.2523747287522,81.36613260287021,983.7894970326603,28.022527960115326
5.85767500381364,99.1334634224846,66.69263941003356,1032.4059603852124,29.86097662766349
13.474657733123935,26.00937135077649,80.4236922201641,1035.7579688319488,32.818314130512604
20.197752174355273,32.238982137347506,72.27187243434403,1017.9981823779879,39.18399385932378
24.352443834150716,34.1145346808992,28.33269075355215,1025.8600887712068,33.07897411631431
0.003374882328721629,73.1582711858835,44.119982068080425,1020.1190406461094,36.11152343297791
44.43278811902342,93.18192682561138,60.581212767209706,1002.6412537573922,22.37220029346009
0.3837404779438558,97.43237495815588,44.39560251450909,1017.9225417232559,32.154318887670804
38.68422814972125,94.58113665581291,36.58431235248932,1030.179210252507,19.933280485338305
23.528945617818547,87.93830077152434,89.58495752532798,1028.5944446141461,37.982789053915845
26.194001245068822,99.0977373820631,79.82269401723008,984.8634515850005,33.29025392019632
10.413273966727044,37.59457268344969,47.61760484433413,1007.756057632587,33.39923069187997
30.368417517285206,94.83213199987064,81.20098901031187,1003.839287837435,31.729602681073647
26.86159545847261,76.10199623959116,70.20308947561824,1025.120524746792,33.79247806337456
8.211820331014769,16.845985952797825,20.30285869059174,1010.082556372747,35.7901152256964
11.905950067460957,4.546518787720233,50.42096208093079,1000.9820665141651,39.45909088176127
3.3451814506228583,21.448395787032226,43.23899993554644,1022.3809856355921,39.58489454961844
3.314178604472634,77.87511242876262,37.43268973647175,1008.4147112201539,27.29538977594852
0.6887892976213283,63.16968812258842,40.12715152566759,995.3974416651785,29.431365923686556
11.023716274154188,22.43562573466852,95.3891877260418,1033.4250153566136,46.51607517375651
33.983061369852784,74.19214544713593,58.905365439322985,986.7828708891831,22.396191427727793
15.810769407117814,14.1322239438203,87.81669745792956,981.0852624131292,37.2099005513586
17.136713493368834,82.18413938586944,37.1373721722386,988.6346619588824,20.49745956734784
6.595269662772235,79.4160975970732,33.95230397167587,989.8185952098406,28.281905656213006
28.773533382820997,97.25759707060485,91.10316706511279,1012.2825320028539,31.4163145080548
17.107182077336862,15.027956462931813,59.65637486259743,1017.4919300382222,38.7681070006015
33.815840171510736,90.66129944146003,91.61217002499303,1006.9166680435279,31.961062191697593
37.07297344212767,34.11026637218385,25.042308229701995,992.2502747167385,22.633937039353505
29.234643762419104,41.60598647953117,93.31484177410462,987.9314539276355,35.88670090674494
13.803476840601814,46.844506288676946,53.235625307377845,1009.5291181474236,36.62788664367687
25.430389966862716,62.69040532025558,32.42963899374782,1013.9289852571887,27.37680212160034
12.596540234115167,99.47633701180428,74.67061515481552,998.2376823022084,30.424142829826696
45.145641767695906,59.99588030552332,83.75221466354056,993.2263968404584,28.52301450544929
38.319287504127864,92.67158650404073,23.789978206512032,984.8355636108456,11.289568876569477
24.650295300278312,25.5028202084723,98.9756779534949,981.5746692195339,39.27284363109699
48.27285715890733,39.841166181514964,75.76215098529443,986.3441858501708,25.510026566768925
27.337772336509396,50.44995294385808,45.71215933262755,1024.5247647370365,33.39672233824841
16.426773847847407,32.29019897866707,32.10350365563124,1000.6411190092334,28.479623530986427
4.773365039702354,97.686710296433,51.40251317425718,981.6451349241141,31.23263488930238
27.18728224067068,72.56835538972271,37.64525284469006,1010.4899163112607,23.897067786841582
43.02083057906728,47.88813521825601,59.53225788784766,1012.1640360133175,24.543381469434426
43.33593640782244,75.13047012097938,82.55141667922621,1005.7213267767436,27.855306729538597
30.22835333413742,46.744249908265125,72.81043111604427,986.6409687221292,30.39684307186684
19.67191816171064,1.7225327367926035,54.87479238253832,1025.2980438563577,42.959322526271244
32.51481540453399,54.31934078103361,29.515513966403965,1021.3448952941972,18.484067573223044
38.10701772795198,62.51852187612016,96.57255378944056,1003.6837482962953,33.509112904830715
20.58123921970631,98.12074187185617,41.62964203603893,1002.8489214048841,24.80059450143772
23.81270846074627,4.079284826061769,42.22676367000139,989.3561068967566,33.15844813081807
34.03081536889715,51.209695745513386,71.64017774708259,1025.2129608252649,31.566439217136438
43.83263030513732,9.815475670836182,81.64076977176822,1015.9744342603859,36.167525743810934
39.55051890711375,14.899590157096043,98.73222122538796,985.1476067307767,36.69288978277684
1.1195684660174343,61.04633389684761,97.5331408502245,1002.6838075062149,45.987133257292044
6.218617189229391,23.15677122664973,93.10084193856645,1034.2136565541102,45.347343233788415
42.63890901427609,74.91741112950245,54.82508539066799,1007.1424760993735,19.72086941247524
41.69114140225168,51.419869259527275,33.33357278051585,999.4956499580346,21.813187834386444
19.44033915743546,21.821288516573723,66.75769626293021,1018.6270445269157,40.570742594557714
29.21389611788328,49.379167760106505,21.380520443741446,992.1783426610435,22.85651562372166
45.29224912143231,0.08817269081207169,35.699907119631476,1011.4282038924308,23.478647319553094
45.57793405035482,86.2740043657841,20.20235174358117,1020.1713652138187,17.731362885228872
39.15464228804454,1.2678377055762802,34.4428730057231,1031.2927049585046,29.668943155465236
10.479446917983948,0.7009892492182535,57.98056987170049,1021.5502581666722,38.341536577497294
36.514140367697244,61.150394317964704,51.46594488747327,1003.0645878301139,24.752729019100222
5.054921617352831,97.35209257900829,49.543725194131135,1026.0680104008986,30.896220460885374
44.69692297272845,85.59334843539787,86.476229114709,1033.9039956842505,26.440248352289686
7.457440178935726,25.201891258945164,73.99970437165423,1008.6658174795964,43.195547955222466
33.117432005572546,19.66668111476857,94.91454102968848,980.2700471289969,35.46507458827058
30.512163712617436,62.61121806334554,55.6272872542138,1032.8550815571107,30.421156682251127
38.844982793979156,82.26377470220774,41.778374038076144,989.9265194965251,19.324946405934654
27.578875117922774,36.20786709000298,29.814763042668446,987.5795302988224,32.068278057140596
2.978328768786609,43.23545903670759,73.76219165481169,998.4607139444018,45.62005984909629
35.292312702207454,11.548951367775118,87.33928707773256,1002.7990247234457,33.58506563476614
19.157727941763397,15.282642125535917,34.699149140940506,1027.962601891199,29.55203562942493
16.014250060955494,56.83515950260208,90.30021956100289,1003.3510031067877,40.7988854692363
49.58367747668674,10.265614574843696,62.102096135626645,982.929269981251,28.58588552883309
29.519988297986387,20.2046124795901,31.52645057127615,1018.1577007994367,30.610668485630278
35.535953663470565,23.467702401188404,71.4290659921404,1020.2732614058004,30.888003196186716
26.316306846782417,44.392453321363035,61.60421932297708,1028.8532552499262,31.82619865880526
38.49863229758264,4.561196412363621,22.254683785018585,1003.9319648396679,25.116630015603832
37.60363677499876,49.97709716929386,51.93945637812994,985.1642645724606,26.868005955394118
32.85730578400802,92.86744063940814,82.78303943543288,1013.1837366616732,24.540034804424085
49.88715307218884,2.446366111907261,64.43390027376857,987.2598429546504,28.641496029238493
22.989676704156885,63.09848652074653,42.563290101002444,981.0245193814586,23.770896934932477
35.30961741490775,83.58423651515423,94.29134107060398,1026.7150083110807,28.920001119522233
39.88889814024591,31.246084254917715,39.02232304350879,1004.204636020303,25.294119872556113
18.801735479727217,13.15185450192249,40.218880554609285,1011.5003103237461,35.569433384888455
22.85875137768093,4.333978760926305,48.37114770242104,1019.770952166112,36.87102866431454
48.45836331952927,64.39030594358024,91.56302890049028,1004.0616600026743,29.86189239639281
1.6145508563304045,55.223438022906834,60.610031634041306,983.0678955486437,33.03778340835775
16.764782698045718,22.92949883919976,74.57432473806631,995.1646194624776,42.299315594996
24.310648116933496,83.1617307631748,98.10113380082244,991.6604714802768,31.74461363085946
0.07324965345951173,73.55063521523434,82.66370375138916,1038.6436412494559,38.820015175618714
44.956355050330586,27.642878498678314,33.808009492087464,1024.3703272415275,24.853656249378293
14.312220010607934,75.33630228646338,83.06831432319812,1007.0929998957915,34.50380655148621
12.885241605472213,24.499421350077256,79.86697193808152,983.8020437874509,41.166049508956846
41.01630976768709,67.52674618663609,38.60935955817805,986.9510313486962,22.855034709751465
13.899161425123769,11.854504107387942,46.02798647100927,1028.7739741562848,34.57495162599271
32.881129695101116,69.22394633332073,76.81025918904615,1036.7269456302201,29.658166092653712
41.07515719509796,23.877441898226024,39.07144752542869,981.8810110685197,25.06569513449729
39.62384238551862,57.24693542417141,36.65494952020954,1034.6238273612967,26.193690464129112
39.09753687129645,17.246386685188252,76.27782177042648,1002.8338228031595,31.388961390103145
4.431878493261743,72.59669475679523,90.44763942558109,992.8179596392205,38.04818568257103
3.9923483786182103,6.087957439305169,26.0013346097696,986.1339414447914,33.49152489932682
15.338501786869374,16.54177868027188,55.67261882064902,1026.3049365171917,34.63272117169579
1.7973940598008886,18.41364798708365,68.57401762632063,1008.1346291109088,38.756394979454285
25.02148682596322,4.1343585853998555,74.10214286656543,1029.9454269161154,36.425156654439206
19.739103313510913,74.50125161602456,99.69567298998632,993.5694292054977,40.974578411028304
27.85129562715746,98.09525047399327,74.61535682533766,1020.7140822099454,30.254393459966064
14.939426933484523,77.83977884116824,69.61232903977233,987.0873022919677,36.489828464378675
24.287700149521353,86.06319621223956,99.17873218472015,985.3850410480862,30.58142877137708
16.73723829295269,0.6007660338277154,24.853451230254706,988.0039910217051,27.303657108830812
9.76040461116543,11.786996377459324,25.95495169224786,1028.5340780336185,36.04624929035177
32.46833405689075,55.90203392948624,64.85460211392675,1019.3371841259584,35.08502407214302
33.67179507495926,97.78688847941675,48.69316914796727,989.9578335160195,20.50689749607974
41.461584637487505,66.07129310482036,27.735801099764473,1003.0863326411111,20.221941181905603
43.737589157686244,37.413669373807764,44.51591168742325,1025.8211605853874,20.362560811464867
35.22309521839577,14.61493054814592,73.94835899261153,997.1404633648332,33.83126076707553
34.3749043348756,15.283569438265076,90.44919709493041,1035.2758227387858,36.79710441878451
2.833783266823625,36.27532023167838,27.545958132524333,1034.8761674810155,28.812616997053787
5.488962072908576,71.38101973440072,63.21160499872833,1013.1740495416834,32.588422064434425
40.62813551954367,3.1819291024910656,43.68924518371375,1017.9184561491269,25.79493193642798
11.647563081181577,85.21775914616386,73.3860930635045,1019.1931012032697,29.376551593221023
17.77825301085415,94.15514356898058,63.95611955660055,995.5081074653045,27.320025771961614
7.264867683793841,88.88164605308312,94.13688048177436,1001.9192833234392,39.357603928282785
9.75759842874595,91.3026909396893,23.01471095599105,988.1564666293931,23.998239978693974
38.770861768510315,1.533927941826374,57.60298199521131,1035.492280499232,35.75110939467564
13.092980975776914,97.77923159498958,35.42076442805672,1023.4309663217331,25.7276375492539
22.451748313209507,36.63571148903488,62.94253669313966,982.7813759799589,34.4165668855915
7.583568652961964,86.92811183651747,88.28634752534745,1012.963247005875,38.766774335507996
33.896495315804934,18.680887069961415,92.90532222288468,1000.5844240842775,41.25208939705854
36.41348670667381,44.65257426622369,51.85853305737615,1028.9172726236845,25.559492137214576
18.08461589493569,4.416438862397665,84.94244186126606,1000.6280052700108,42.95397625233461
39.23733230613753,4.0075996842827255,42.440645978040436,1018.6490074760537,26.467237128286786
11.995332596106323,94.32761007696382,20.504395705534453,989.9444200073943,29.749474033732998
34.5951931050078,81.06066125290391,88.41912460183751,1013.5253293789435,26.66968438863882
36.4982290710227,52.98260444137933,29.55297939252917,997.633143953213,24.028909309968835
48.432868889438815,52.54581735645378,21.408889869035875,989.8933053417508,22.643138284908034
11.616083259335813,74.87546184761862,48.30381306943589,1017.1555488161873,27.766746685667428
4.685524002137637,34.166878157049005,50.35039916999659,1018.3184720009225,39.62187591939335
13.15177111448933,76.18692758619521,26.1776136617818,1039.0012268680273,24.904102591574308
6.143109829105953,48.50083799932724,85.13461171875768,1020.146363579667,48.20519563595912
8.484715424715484,63.791740291146496,52.44741841666667,1010.9425963116277,28.227262661217626
16.70572559279872,96.48294501031478,59.19388910156755,1034.7572505850849,25.102288167352995
20.699537336100043,47.13155575202615,41.170021436226534,1029.6968491213074,27.221858771979484
45.18621128756898,41.840465974645014,60.92054018772782,1012.9247767064107,23.12870763232607
9.780788575001054,90.57491739413585,81.3385112493867,1010.6809446644485,36.72527716702296
48.58794879606081,90.2580494916344,92.49461724004135,1036.5181511429525,31.14140683941234
40.50766049480858,99.24187018831758,97.64236805881194,1017.0276226375358,31.115809750828006
44.07356949467205,55.08629993083092,54.13791396810912,1022.8267501501704,25.28822811699752
46.47219948701217,34.42615410266028,99.20270870147674,985.2007425288322,31.968894586457644
37.662059857056036,24.03900631777036,43.59645693781451,1023.0983372749556,26.219829831266722
39.438991580853056,3.40963569516618,20.558074822804812,995.880910532401,26.74188736190252
21.890914830280977,72.67286242108855,81.40936351181078,986.9322753923775,32.22907787367746
25.5225117338122,23.347617373544672,34.274851883295895,1030.9799665283185,31.077544573576883
46.62427133833171,60.66408852256573,24.196387049909028,1021.4714651991648,16.522482313454297
18.912795577632473,91.65923653643955,93.9207138078159,1004.4538587342878,30.471936112110857
2.0973536532103596,95.02136073945267,83.34486643975895,1005.885003572484,37.304495898895716
38.13771927373865,0.44101339803103157,28.213184123060504,991.827063332589,27.33321123973512
28.65787558587592,31.70750313763564,82.15281219074666,980.5730597279766,33.118471446588984
40.74379811716558,83.73780294652269,87.5199757941597,1000.9615483741626,24.990777328354586
3.777563330548106,53.644520535153525,92.42413321460569,988.9048615809552,43.55921502835258
31.06159952378949,80.75087334821528,63.495525397308796,1005.3036077412389,28.341678359725847
12.3852943995379,85.3323282837938,76.27296564224767,1030.0295052757974,40.162364273531814
45.1634297247242,44.26262199413228,80.97914231688088,986.8852618041632,32.792074946149484
5.495496987087284,35.898293802478555,75.09111481248854,985.5052161281687,36.89376563831874
42.15346363625315,45.54332660505255,71.7466896244475,1034.1261331979338,28.41167687857499
4.427712598595518,65.27952026242663,63.80474022223069,1024.7083737462995,32.85430655402584
1.2548677748499049,36.715915288681835,58.33563633564555,983.1841919370554,33.588269820556214
11.752971502096116,77.49882886977527,99.69000156518645,984.774229115455,44.69967774241087
16.65222704633419,90.39927936850223,47.004862433772516,1021.0954536889357,32.617931899429564
31.326438590593558,28.23112021587265,27.06150163556389,1002.2206521288612,24.733182942858033
6.58622986805269,96.49896441742395,81.2029572002902,1023.4503977326665,39.49381454939648
21.866496679553748,62.27252467253106,37.10595022955953,1004.2672441580287,31.779196884410602
10.213180105143687,87.8168771219741,62.61546876949645,1038.0672012392702,27.286630086072737
42.765166077353165,10.391643527210547,27.664121328045653,1021.6649967356391,28.006014929044373
2.2483253975652486,25.149913705623874,69.54270886534326,982.7969458907405,40.16289545430858
17.796886334426055,32.10190794325922,95.52059231225778,999.830106492642,41.664719367170704
31.568703998455444,30.28221511745133,77.81637700855663,1013.8163711681617,43.219537850728706
45.65440890259695,17.186115659853186,37.16278225812908,988.5124182920215,29.42581868405968
43.39967113469476,86.82009475248323,97.69104362310885,980.1512180045178,26.910133700870926
44.75959997585818,41.861214128955005,44.566954481963855,984.758487939303,27.7712320374144
3.1426646841491044,96.31302124667882,54.929198919308355,1011.4558086617701,26.86806106530407
42.04616307317298,58.34723667901471,59.84936162982407,1017.9353054531342,27.138256256912893
38.995628927205956,13.839463564486309,99.25749946987781,985.5742025416528,37.839904105790296
45.121582463780946,54.59047098339571,25.511312057534656,1019.9093914343368,22.086441893714603
15.578813362900068,99.35451477242422,75.73826355484559,1017.0274494352806,30.30673279824839
45.588255313668334,56.51716870992748,48.95447005541887,1036.3938189206758,24.628774731997947
20.13205425432239,0.1869345129562605,26.266025528195147,1030.4405294937362,35.798322781894946
31.70498427629,93.30799035904191,94.80253261062852,1036.5945118243378,23.88109017434253
21.208949560349915,23.489440612818935,67.18866553144522,1037.966457389406,35.91746973172691
21.382421525782558,68.85290530689566,80.28144060710206,1006.4485121587774,30.901232543767954
27.331850939745078,51.50801549554427,39.230834845702375,1009.2746408766807,29.446179864391976
17.796335481041126,32.543375684088616,80.92327381035389,996.8973180973461,42.35671417929322
39.636849713461785,28.26395236763887,86.27803520185734,1010.5059441556903,31.338815925141844
31.681936770761943,92.87598625071047,54.46635177715811,989.0428818919527,20.63255014274175
34.48778807694728,91.19258959198372,65.75651781983723,1020.2858576454919,25.895091279905802
11.55174001108818,51.313484005377916,97.74980279436437,981.4959520799018,36.975886021508515
48.478764424069624,25.84951955351392,87.73837133662072,994.137665377133,29.9756287944222
33.00880488864827,10.234203217199777,55.588004885453145,992.4843018914789,31.00617831115939
9.859793226519582,15.65763828590856,73.16590870046767,1036.2733442853232,43.65695963403494
37.52451217355169,52.22517257406045,82.73851814420104,988.694105102471,31.390375668473627
8.685705160381135,30.782996057900913,21.94630564625988,1033.4465270469857,33.501055974709594
3.1692448149754195,4.20681422599567,67.06927893002162,987.4614932820898,48.088718371924244
26.377669807291714,45.516738531110015,98.76228907301667,1019.0418791768277,38.27939473045293
27.67619770811736,74.61892924643136,95.7744519861065,999.1931580904003,32.071765394309075
9.44827873657993,89.16951159599876,86.59523158099555,998.9601421128195,35.07148156452256
17.41894721460795,58.528404568308936,28.497127450454826,1039.896266007288,26.441055565223373
47.28846478393485,72.3292123842446,99.52331620129213,993.5625714675755,25.06437931994821
14.250161604374496,36.407047086493236,68.76305225103593,992.1536040760666,32.81374946775959
7.778403038268433,49.62381792169395,37.832659954359244,1015.3600849458778,36.82889532854175
49.628097933272706,72.96268565100293,73.94149516914533,1024.4451438217143,21.98050803486363
15.115276819023338,72.76582273722944,88.5218849663745,1038.950271411407,37.93386927927418
34.01268365730393,42.45262645695041,28.986220867810868,1022.0848264542476,24.180963214508097
11.578009071963319,54.366734155832276,93.31505146315396,1013.7122639750246,40.01375487603367
27.50605984931947,92.38553395509695,93.61634251351961,1004.5479030654852,34.844441442223875
19.314099330480776,63.199760494323364,21.077152498505427,1015.7067685383599,26.63147168205259
48.07896305795943,64.25746256865897,92.02552973307154,1016.0500998051615,25.24737203217374
21.640293727524384,78.462029238536,95.7454334592125,993.0626896318594,32.932440153047175
29.20870920908621,11.522289631597282,23.015343758427615,1020.2725136920282,31.262748195579277
47.23831329500736,52.28842916487275,43.53330588064406,992.2654274398642,23.164503138209323
49.461714996897754,95.9431736270982,49.84860054529012,1009.3972894037215,20.739643970506027
5.082918200249825,36.16603921760989,47.91123776531121,995.5921707577947,35.98154539778477
41.71603560211945,29.4926146422091,80.72025898161513,998.7680614237851,27.171196484618022
19.10582470936244,60.12079656047577,48.64835673790936,1016.8326211997618,32.15002283189907
29.74143531028064,22.111942456530343,96.52630479157938,983.869106884268,38.52115973251098
18.752403947762275,55.5945156523649,99.59941002437904,980.7220889194537,38.94620719396215
20.055810282739618,15.565201085764057,45.34550965649973,987.8372005728586,29.580076342607462
7.942876799255577,57.97934606979056,60.70406025652055,990.1224186844698,33.546610366708975
28.638322921393293,60.23791836451775,64.6164672240006,991.872378082738,26.83952417956134
27.335797297236237,41.840047901226285,66.35222639736494,1026.4358642128689,34.0349071938392
9.467789426919992,38.27464254386885,49.93671953562397,1006.8114780222727,37.0003186309866
27.08652146669707,24.545827840044932,33.27948015670637,1008.1961680306563,29.184842486408858
48.65509413155431,33.09223078335943,24.364843338490214,1018.6600497713326,23.764930334339436
35.72042979268949,49.834596719136336,28.507893251986573,1023.7465261047709,28.263660869882763
24.049127979167594,24.765890102910106,92.1032990075073,980.2105009732062,39.52754658458334
45.80419927906876,78.28344633718626,42.430000529640566,1031.4035201483102,22.17617915474591
28.76571782526529,70.90352413257716,26.145838656883562,1039.3060908364464,22.1032797349503
6.7523999363901686,26.930586714599546,69.88237596354823,987.3084459343053,38.073461215982306
27.375482390622818,9.7435163101548,26.024572100902823,1019.0648350194142,32.867217824540276
9.04865576829339,0.01800389839627936,25.604235173521943,980.1448252640586,32.84290788997691
38.37524193738371,59.67188523814889,69.72564046969772,982.9417691704749,29.469110410828737
48.358710714735416,21.136374645364885,67.31161953588244,997.1000612051633,33.31590697514535
18.040929227166515,1.2582470101539123,23.31818295599681,1030.784245065178,35.275754509848326
21.745894006259725,35.908527059202264,56.838226754955905,1019.1500540862643,33.29131681173455
21.074823341931502,96.19984623174334,54.861464632482765,1006.7492559183396,23.14080040031788
14.264998789744093,68.99428076298173,63.7351303762044,1006.3159084161435,33.73756838497098
39.70899824393155,85.7763702922458,79.027576834943,1007.9632144611876,29.290352715238342
30.886416637349797,14.473909826073006,42.62400380497553,998.6619864680603,29.856644497668043
3.2025778428279805,7.3288154619436385,54.62242268670482,1032.6628710575308,44.95744770866891
41.94031675115678,1.1529763509722457,83.41941474887719,1014.0721478719878,35.932034597017505
9.354411557660363,95.56622900194871,93.8045112368455,1009.0369978115511,37.5024919200246
48.95755808545606,30.020273535354846,91.30583784399025,1007.9045961894262,29.954308035862702
18.833156950128288,45.9504942340858,58.21047616752334,1036.1495880138766,29.581435185109445
30.82248235751619,39.45236236017745,61.66926376016815,1023.4197156931809,29.99147042163341
3.89118094480152,73.04569353928592,62.32843537217275,988.6888732829951,34.09195616170027
17.233163734417833,30.996488195274306,89.49724557659879,1006.2182101965959,41.745675578827075
40.11769786803907,53.545288261405155,87.19516055504006,997.3023326248714,30.329808670984974
23.86042459766292,99.55822649554675,44.922602283627604,1039.2121194638098,28.398186766641484
45.23017417720114,44.40635513442363,33.027975153762824,1004.9237423787908,22.62704242453603
28.756922052540357,55.12715406997556,50.31796491936813,984.0722061817869,26.316297369363888
46.428609769787386,50.25280623108378,43.072510659952094,1004.6727200877683,19.895840117253414
49.130495350627804,80.31861581360322,96.06245798519276,999.2810168363561,24.55385477744928
22.694727975913796,26.6839654033575,41.27325435509213,1015.9749588246949,32.255979204626435
28.2578286288904,17.043801614279698,34.49653453815485,993.5646905137418,28.485665615941645
41.74603216256349,75.4093158264862,91.95832500473725,982.1584189819629,24.882858038749117
11.07665027679065,41.561818636865425,26.91828834848568,985.7528225095335,34.03377032380635
43.08147868905548,91.37260089766872,40.821284114116814,996.988855372062,19.198200101475233
29.596007018863478,64.41592857933976,55.128895520047074,1000.8993578919865,28.531085007134095
36.27500676922627,56.43431117117426,67.60859025277456,1030.067032402684,26.488824744376394
3.9927011331722606,7.045705482587716,46.21383170986451,996.2041810408631,36.568984272219126
38.30938417267018,73.0411905137798,59.6987197536804,981.8895832085627,24.048957354578402
15.539345228682922,68.60403655129582,35.906494914448515,1026.8440089921712,23.056000934900133
40.2616138424921,64.00719244871547,65.94192961803884,1032.1350542053378,29.134227059086427
25.457626915135346,26.790952357069052,52.62534466237276,1009.5383742440316,30.39611575235449
13.730716740781656,94.67393216744445,87.94077498147603,997.0956338453882,33.483306453163095
47.637984851082706,32.165512703282005,53.258730671092195,1026.328392807105,27.028188625910722
38.25311988557496,15.223095675393427,55.50523343056402,980.5339044009195,29.004312336572955
49.28430369368235,98.72011549350138,67.373999147393,1035.4416937464737,17.392507722268075
18.22349492061019,74.62462791237681,29.853600326155316,1031.9318986926387,31.444267834787702
32.46098167708193,41.47868823261813,32.543614136502484,1012.6899925972901,21.3914326204267
30.579433893186337,93.59164308887068,83.21901977817923,996.6548712745873,21.913320593221975
34.377837053440146,9.111737436619727,41.87350233116376,981.9706929649399,32.05971535764351
1.9158283020665412,8.766121642655778,74.77575431427648,1039.9894250118118,40.92649742084962
14.585966193868705,68.24510186285855,27.79415759817617,1025.724423382321,31.981660686528848
45.466878689540366,17.79720483788435,85.74773282544105,1000.3225925484895,33.319492297270365
21.191002743611342,91.71395151932842,99.05824887351658,981.156318298327,34.54217889950277
48.03218395407736,84.03591742988709,49.89527561662275,1018.3575037076463,18.071109584541478
10.675158632248788,30.636722410118644,60.442408153191735,1039.2142403451016,35.848224844809884
49.87119867405447,88.88395822693703,55.41695838718418,1022.42436251796,18.522513066240716
34.879045447976615,4.288768700732836,91.53501989112188,985.0228645141883,34.646466124971155
38.81967120332439,54.863785273749386,20.79472301575037,1004.1367023304134,24.432666625379156
19.84305861012679,93.55627737088332,72.27674569310689,986.5510077636535,27.77574040456677
45.35040606303104,85.53829789356982,72.18946182428263,1034.7296329760568,25.623102106610787
27.273145047931102,35.6073323800995,50.59080066383625,999.8248682571549,33.598063896723396
34.04691901123175,18.28704352346349,37.54669136936116,1024.0025917604403,26.165721864836815
4.7404135668143,21.054058840374456,39.174614513202854,985.0814214805464,37.92006490775913
31.584035044644672,51.45078780784053,84.03712969711128,987.7048817477264,29.79773835002222
43.95394941310783,59.67729438364741,25.288247709996725,1020.769259723041,19.27413091716388
8.914161410799403,3.281431662363643,65.10593170194872,1030.60879690173,40.73976929449883
36.8862967317423,41.35515592348881,44.54724823826125,992.0869973798767,23.9761010580448
1.2700379497327274,83.03871156439045,41.219824997465636,1005.1002347598238,32.81345501920471
46.31015082812595,44.43289502357971,60.459013242482875,1017.1650220821876,22.173467171348957
49.145855801559314,16.91753909494105,91.82892050238137,1027.7765803556163,35.422036769335115
17.709003339904722,95.48602930190968,69.44735352298648,1017.6917966227569,27.405021923555623
5.353692485766742,26.627553992646668,83.08885022042588,985.7255552385546,38.847709826093855
32.92881840815725,79.84282656340605,68.05470234103048,1012.569159700045,26.579770759522916
1.4917257073739532,19.379416633893488,75.81726238981926,1033.0764008885942,43.27115093859227
24.124314064859337,42.31727292215899,54.59261190346365,1032.081423261439,33.16817035784278
13.588958756894327,49.04225397748119,94.0785308166547,1015.1009364650577,40.4273826039537
23.666952697643843,50.06352959482445,60.15512163513287,1039.7417724062502,27.569583473733342
0.913775736917849,51.647386810070486,64.14197353814104,986.3074233430614,41.60827356924186
2.580609153535324,22.494754068976142,61.99724026038797,1008.7157214434992,40.358223945348556
0.7987914421691167,51.591552196083526,45.29512161319347,1026.5074183611644,37.390001852743524
30.9565935023557,48.171275387775424,38.49907484793485,988.4622870868495,32.78646703844946
28.004645883760425,20.871949712626325,25.906797129244403,1038.3649856889713,32.76405738634647
11.657899926830224,98.81915595037108,77.45399856020389,1001.2427927110188,33.63525785479778
32.332156445201065,86.55633927865502,43.14202105362966,1001.0083852387155,18.75698050026356
44.21036284474875,88.7576351022483,51.13583705564857,992.7916580684723,16.058331445754963
13.866105051305682,68.55710503828949,93.59425301809702,997.2810478439957,41.19534990289728
41.59969039394937,15.989703069175654,65.3157879529499,1014.6553340043858,29.546150205967248
33.12545680010908,56.80920638997489,27.76624511231506,1005.7612573430573,22.89635966109198
1.691022158649158,82.14396316273861,83.96895302590798,991.6026906996038,35.00928839960375
18.757494791471725,3.873648868866253,40.49044792875644,1028.5483964189882,36.707475476971815
25.387860792950857,49.58431032876197,64.2164674116946,983.7343584274436,34.896606470820444
36.58495949773607,39.61228799949181,60.79851798911925,1030.0791646700163,34.0952947199622
14.356527912670847,21.212472965930363,39.04630738815045,996.4963234788747,32.754217449714076
49.13650524289662,37.82500037653177,29.261682783566485,1009.7541999857583,22.73552020436538
34.22698702525429,98.34975108694528,36.90092851959744,1002.8638723153035,19.944085051615584
18.640683858218026,72.32433263617776,27.78702396511725,1014.2361268033828,29.00897341329031
4.851251953855601,29.95370800149414,42.0502415161681,1027.7593997084105,37.14007623350604
9.068388013540496,60.535505148082954,99.78380085899717,1039.3591876084818,39.24830867360019
24.38038800275783,24.66562402856798,52.1673812193106,998.3635487392341,36.712172132979894
24.734767747918333,61.08439090242739,89.11107130680082,1013.228264741812,35.13797403907281
38.38593824106768,89.61666894849317,63.934215370324914,1007.9604529264999,22.957513738678376
36.30883127861262,55.687679994255234,73.32664634669864,1039.9356895587873,30.609633761847004
10.063651925890865,73.33399754526828,32.507837580044495,1028.5348178299669,27.624455746669096
29.74783102791325,45.33389987162968,41.98446939375803,1003.8250315148116,28.9021881234822
1.0310900371444165,52.41239176639966,60.835473842314045,1008.6127433364588,37.89811052690328
19.92736996921667,69.50750787548786,90.49147473814725,994.7573956655956,32.89552262592408
38.205262028580286,81.24050050513972,23.431042870795213,1025.3148391849295,26.306022554099194
19.975429664358323,65.94513865254497,60.55359676525767,1030.7127071827065,28.828273910655238
41.77981199007121,97.7491993890093,24.080977000674395,1037.8992094173752,17.86111821677294
48.80776450626408,81.98225877982827,56.545814115942605,1013.9497338090678,20.83070118032459
30.360630134968286,77.71602046078752,70.30945274661094,1020.2409801342463,25.734654599071312
7.25020381708783,84.51015789810255,79.57785531426458,1006.7635299001676,35.173879889921444
18.983860395270536,28.121093542434906,31.082560420850136,1016.5477106202586,27.198416127268786
0.4741677534187583,43.20471539483807,33.32602267690785,1000.9249418144078,41.49414803213392
30.13629619203763,56.44629183945907,57.60519373534325,1024.2613469912383,28.376615084058702
41.07842504868991,46.23863184426856,99.84291663832592,981.3620219452627,31.84784737830867
31.497003946152148,84.74578182240798,48.483746852541074,981.707410981519,29.558639875010385
39.30431145917249,2.706851767923202,54.202194189032824,1022.9672534111959,28.795765018809877
39.995196363794335,20.917541723282085,54.595739425164126,1035.84096818751,33.439094263740444
42.550628810873185,88.17065410018549,26.456065708567635,1017.9349360661868,19.262433961097095
13.333189149877711,5.91001376769672,81.93377162319962,1023.5916979402218,36.97398591131674
43.5634261410211,22.698830360879807,40.248121954088596,1029.4360574730902,24.913756393063476
32.704699923174545,35.12503303764862,76.29336455063358,1001.7004558678148,34.20391849302616
14.486277829724347,75.07405608116909,58.00719030684726,986.4868194535645,31.4242414625916
49.36473574981306,56.01806961668484,68.94237937755072,1035.9855372350057,25.504620156047867
47.50911968658345,95.4604702780331,24.3177309195997,1036.3142339001465,13.493667155846504
28.72204916031997,22.787501507297346,91.1972547533253,1006.5104333343247,35.515814501080236
42.16041891997818,87.21204049887294,39.50854155357707,993.0301794196769,18.23233492402031
13.074724435993584,28.29134897492488,73.60763100006696,1033.5412629661994,45.58434584367832
20.8018498305445,24.54982591265602,83.84152896529294,1022.5056018251151,36.34777712849059
9.198588037191685,49.837519809935074,63.20309738265577,980.4937010328177,34.64039319589938
26.0051321314624,7.120450525649369,46.98672176628993,986.463182087545,33.090226622649325
24.800071503583265,38.43070129932832,98.23226995848614,1038.9919785663046,34.58212750420431
10.640661298078319,35.567596810974365,42.27517706165565,982.2876907284887,35.27391697271437
33.64008468580488,16.010155570177353,95.89298696986164,996.9533006218173,33.50595922017699
5.889514776270627,86.07948452749106,32.49793069477854,1012.9097806823681,26.23635569727209
3.0845725534855593,38.58896437093833,51.13777052178748,991.0613369723327,34.0418615597043
19.245248433119304,98.19201795136824,31.07964673178418,993.9232451817776,18.7658924703304
20.491238889235248,89.97079490377743,20.17923784589568,1001.1780491937201,26.450979361352054
15.987030326324309,19.48106995699255,40.82068323171799,996.1732560993772,35.60711780455427
12.89733187891252,50.51221723379384,26.976832073516377,1028.2013736752003,33.197292693211516
16.938817250476518,60.18041383665529,98.90764184722778,1010.0164684035562,41.1705781894844
8.16877869760515,81.89605029436211,80.9322654361442,996.7172088546566,35.66961477128202
20.17262345664387,88.56427496513948,20.296383705760704,998.7857620096819,22.763395680629138
45.230168675872186,62.40180211554899,37.89172678588737,982.3918975752819,23.30350387702278
11.221344060441913,3.513420314221538,73.60993930269736,982.9635245708525,46.63830346559495
34.22255521751752,48.12764495181293,51.88416905318036,1023.074453981533,24.13031145470582
7.089225519891968,88.48035361863323,86.54740504353819,986.7746502242668,44.042691397025074
17.69533120051154,71.40896025442599,60.38886227005853,1008.547806480907,27.572836489074447
16.058739027262813,87.01419414094578,72.29211357859432,1030.5419385713478,31.289749539314272
46.85146972041639,67.40797897227073,67.76299180755845,1002.1072103436321,24.372559039978523
21.399102790090446,4.403500981497266,71.05351204989074,1000.7451336206424,39.05056268781113
34.5232971890692,96.80066562066106,38.407908306174406,1032.3828965472183,27.00328471830329
30.123140448566467,91.80185405696787,49.86315513649533,1031.8910237989803,27.675887405664312
7.0515037642380705,12.657953991262328,24.05034022915931,1032.808208087617,36.86097334030136
46.977022551530915,11.26911668437488,67.0109211750567,1014.3148376079055,32.96439642061166
17.293464592788162,53.90785004770201,56.74067696606205,1037.1382564143955,34.4522991004273
2.2379177891824864,75.70508345568832,80.85729192152579,1029.1378368690425,37.1832215297688
15.022185342209383,38.21732119382537,36.51059716973137,1004.9380656171421,33.44387856828668
16.781686294116305,13.638216354324207,54.94496928542414,1017.7733085164023,37.14154381653125
4.63726636893636,51.055609878135456,34.4596346445909,987.3073449654986,30.62978380408891
30.99887031899714,33.756613621897245,69.11833801987537,1013.0799311570511,36.482397587788334
17.33821027707727,35.17719555513247,87.84242052091616,995.7889450132561,38.949592710405405
31.456730316548544,64.49855368403821,81.2354598759188,997.0128335906821,27.617199177401012
0.33702817945335806,88.56080992295038,95.53583781047098,987.5430939756754,36.97608271618677
49.10241994953763,55.85917308556443,97.73806254908729,1001.4919534144356,30.718893263349063
8.52581792723408,68.76025108296356,81.76270940655925,1008.8834198179495,40.896601190899354
32.96654933524682,65.99469915212414,42.94448683042069,1016.0212664712118,26.457620490670422
35.789215163975776,55.114619255693,37.540910177225456,998.2921601761586,25.547447510400165
8.580417487373804,31.07581455831301,55.803922763915494,1027.5348940586055,35.54860928920774
5.5856141051209285,37.779418491023876,99.51069556616966,1011.2575976962231,44.71678385819618
7.628859592240433,31.57037984904162,53.013441665372426,1018.2831265373438,36.621651989083624
12.340912792247227,91.74980964820548,35.9254728457815,996.6886165387119,26.600439916338498
8.41160589964544,82.66186705104431,95.54743022265927,1028.848152740736,38.52403234304897
33.69997134780408,57.934737285122075,50.87343820768182,1017.4564670339562,24.836872709313575
21.041660186303364,91.22434709742006,75.27191097821047,1031.7409249669495,33.4856720682913
26.889579725768154,88.6408693147978,83.05223828916695,989.5970947362977,27.031468978631764
2.366839440457913,92.76943997518352,87.45247216476272,1002.83979601586,34.03178705984016
43.062448155036165,22.177385765553293,85.70243096982323,986.7809710434356,29.83890291153653
8.528577660309612,71.75030377638947,86.89974903999841,992.9316386542636,40.55017677142573
18.007616572754408,60.92244999235018,73.41227420623046,1003.6728502690922,35.34824385324927
3.595081991388349,73.38306378346071,52.306485541796796,1033.6749144595624,29.492914432708194
6.839656732416483,26.33793639182872,73.38294832510698,1013.4224401443142,43.1220214546481
33.28997049878307,69.48090714382977,86.93874672479306,999.8226998428555,30.696659902991758
34.629350112784444,40.982851525438704,48.05139716995369,1024.8139497727755,26.70475037418537
33.8482742312676,83.40917963063002,43.72063922336321,981.1809623716581,21.700374829548203
27.6068393923011,79.5365725161773,47.49657736841308,1002.2055326745601,21.672001366568878
47.62608320059533,21.135761085891712,64.10267168234947,1016.0499017956028,28.794720119308586
25.35885803842882,18.385527640330302,24.195509985115564,1014.9942382317321,25.420346569047528
22.470601464822327,71.7731721284866,82.3176655213472,1016.4534729465497,32.44820354302526
12.377278285857173,55.047489472816046,31.108156676016154,992.690045888868,28.995960848574207
4.942476463330631,55.7205910682049,30.6270925427279,1000.2247491796087,34.593485094043885
27.40774649830894,75.25153234593546,35.8127311484884,1035.8939271268775,25.201543778285075
15.744509334641405,85.497079302179,66.15419479779987,1038.4385318772017,34.27681224913181
26.201269159525758,23.896390060871674,42.84547006431648,998.7223010799137,27.304018986061696
10.305953913023986,55.55395467905502,49.44722631892418,1018.6702222045253,33.5599063043452
41.90863361039557,82.89547094920772,94.53192887825023,994.4778067482143,29.53815762343464
49.98486048295345,87.27941711950025,87.77617439815882,1002.1117200184228,27.95215812265601
16.120175506032474,28.740938833851658,88.17524264838259,1027.540081808958,37.38938503290595
42.11638036301649,10.415385659751253,66.21134666607902,1010.0707238003849,28.67380979404837
43.64930681962037,23.28232538777799,89.31729178323846,1030.9753975904923,34.849938073741306
49.80368943785398,94.54995140145273,82.28526602724429,1017.7244147395434,27.87595611744193
17.13600648889897,46.24797124352143,96.25894423288499,1017.7352711087689,40.62558743476543
37.802069685705284,41.857379055602486,25.149472401753243,982.0328016888695,19.296835929349896
11.440450182099271,1.308434873421016,22.298170692314628,1024.9802215545146,31.750018981555822
31.239800064607167,5.101468292135114,34.00239525791129,1038.6719916770298,31.13624793478443
35.242128473641884,66.86959294747237,94.32678564063805,1008.3817136152031,32.869784167007204
37.05603462675482,58.98270687249965,68.44520847633967,989.5148008975503,27.118175422254794
10.358608429223082,57.55282984954037,54.08900141562248,1038.6186602828323,31.525645825733847
42.43627852480974,11.032287602447155,61.01688491809214,997.407552489072,33.31081717230404
21.04859301962709,35.20611695653535,86.36836705821361,1004.5518773442302,36.904943563466716
10.818475886727752,81.2358138640148,94.32879966431392,984.6419848460919,38.79393099745356
27.126554418595077,17.491122391663726,78.3759067448728,986.6502119415451,31.02280787238453
43.167856480347105,88.26872509824364,80.7878266349837,992.9939402335643,28.544286563775238
48.35439548890569,12.147830034890317,45.630243533107034,1012.9079639054121,24.06716369322436
37.410391086393716,16.914933012398812,57.362815621963136,1013.4673521118644,34.7332118847153
0.2811443135681213,47.77499611537285,90.81681547769327,1016.374629370573,45.666384575090746
6.735038023297807,94.52999044485374,82.8747288058062,1015.0290174204558,31.71205933022496
3.813699321943287,32.954767814542365,74.7416734769078,1009.7142189850049,42.44252906011804
5.060687149694237,65.82179935580488,25.219746871049633,1028.1259192761265,35.95469257237032
19.151747800988755,58.86712559890762,23.16057755631639,1036.0339818424322,25.508777320981995
16.92466574143139,14.962263650055752,30.432875449119603,996.1856799967537,37.62999545766889
5.684249063415503,24.81669013941633,66.51128793582667,987.8116209383861,41.44318250725585
44.11176758071245,93.0152772643822,62.910947787291995,1005.5052376343575,25.77276218197499
30.77137881661801,18.48296236530995,95.41526612376431,981.5853425056386,38.08274417975529
39.82316544782245,69.50098897551132,75.58077120347171,1032.9991324227005,27.468122026187515
18.577469442771545,96.46944826003045,43.51780938763408,994.3823756147794,31.446621761482458
20.511800814378393,11.950599220227808,32.91970350525578,1012.9577977848977,34.7527170428254
15.8810605268364,39.91819901873145,87.96265914627055,986.9056993937885,38.21040870110454
21.921330604924556,22.393214444273724,56.769928295121936,1013.195440354597,35.975338180345325
30.51886311775268,22.156151740454288,72.2775597927079,982.3396071741118,32.16261565177561
24.649200392012073,11.898584399968081,65.21148852726424,1026.1284017353435,36.7833244776661
41.895850309422514,64.95511839914658,28.5965076909308,1037.3252877586349,24.298580433701773
45.00695843049121,74.63435099107117,24.564670694546162,998.4185638966158,16.941988334157575
23.48419266837996,67.67939100230562,50.16145517731309,995.4928766272576,25.73731556780268
11.987399017432471,92.46564576191528,48.92402380365741,1006.8796982952105,26.472765250033493
47.25962097296544,14.567880871805416,73.90384903751251,1017.1984196150225,30.755725639560882
36.75193215254613,31.98453733850062,70.57603272809294,991.3377477195085,28.50646714933169
32.00635430269399,34.4572809702456,97.51527427711954,1028.1984798357726,32.58540318767507
37.2706866811988,23.208210384690464,88.64796022172573,991.9120888010247,30.77764408340082
3.799089119846144,14.22049441569666,59.72660206202303,980.3284531990225,44.26908230743052
3.3813163818836256,48.67034759262637,60.00202820501564,1011.4550350151345,37.66085804952504
7.65603262904937,83.44396280474284,73.93033832901554,986.9089826699548,35.099815813521516
7.372548372026621,95.4539725603318,29.127246621862042,1021.8943235232239,24.88998408507749
21.033523742470223,12.934063221849767,99.9912451705114,990.0481997521103,40.19170518563365
7.870204114268208,82.3157228072736,61.50464809948992,1029.0428237312021,32.11265624404192
42.726282213329824,82.45811229652749,92.7923899127176,1008.2220879725598,26.92929694151407
28.90484654640129,38.897812155256695,97.38850677217664,1013.9766742769998,32.091377820045096
18.413094817512572,11.002962414545415,66.53141919218123,991.1951099181628,41.18841528981581
3.4811269112633547,99.0008006756898,28.267891801982028,988.8012846518278,27.762515889472823
29.551389797956258,65.55930305288187,65.86766467359769,1017.8775479912127,30.162611671074966
5.826641029606316,98.21956950415804,67.81139497327894,995.3276369205012,35.99132787729794
37.16101252013031,48.36555156846585,83.13545094186648,1003.1555340990654,33.80179705206046
40.13790483719107,39.519299993672874,23.858341359592494,1008.7669492362191,20.77554596154126
27.19881289799206,24.718547597045383,57.30522937560751,993.7780163348564,34.3932483782193
7.480142957042873,98.35720017720195,93.82162066694505,1027.7254286335822,39.07052528159948
39.343136187023276,25.325726946227366,99.30392629429227,1036.3654645345343,36.97532747895661
15.391389462966698,2.376275621805035,35.31061430073901,1005.9135897236137,38.483181571140435
11.132657137672991,51.24684135884778,89.64791941880281,1035.0529030693258,42.822361180222444
23.527832050921266,37.70504930509154,31.700044930451526,1032.9609690405416,31.50748041435229
46.13231206914589,26.13825034292645,87.29395476543176,989.9628337232075,35.275674603201224
14.868664603726184,63.46081164811734,42.182218197413086,990.4029167493748,30.154688890823856
45.27892504863102,36.426861489782226,96.7700212839314,1008.644303688223,32.37533230085988
2.682665436991394,40.22508883168728,75.63974007205097,1011.5514307539172,43.94729166628174
4.1761852508973405,2.304560389404431,51.92884811118076,1000.4677835391435,40.52000979807025
34.92805125676235,58.907092855305756,42.4778663926533,998.775258790317,26.16288348858656
9.529633072408778,12.207102984704276,38.819002197955626,1005.8820373880927,34.92056893621941
15.831034159831269,21.38048588954218,74.4633861599668,1021.428756883952,32.61223410891428
6.818649049028952,71.71178206126382,91.66328020615053,985.0636179807128,40.76761341034826
16.61241345662742,31.324272618391102,80.39535756914749,1022.6349202107405,34.489809728990224
14.022999694623167,16.321019743838093,86.78332304132338,1035.574415697928,40.532636505178935
36.81688194944918,57.74241470624808,82.51070141076298,1025.8104025304617,33.27354242079044
35.10116940945219,21.49044949379406,98.33181331984154,991.5006113807696,39.13567624712083
47.74635882141827,27.097821395870504,80.62439414610598,985.2488713266285,33.03076242549995
