windspeed,cloudcover,humidity,pressure,temperature
18.727005942368123,39.363552027744205,49.89126547733588,1009.9802146237432,28.849821228104958
47.53571532049581,47.34356593750214,46.63296769851226,1024.8048063507556,26.165928936786905
36.59969709057025,85.45473932021804,34.092313000228806,1013.76000683938,27.135066406270056
29.93292420985183,34.00043860598922,68.58133360811904,984.9981549867077,26.212663635921345
7.800932022121826,86.96496848121713,58.12993284069031,991.1348142070133,40.806948397320156
7.799726016810133,8.813443097669149,89.25607938592029,993.1596910418551,44.127588441989545
2.9041806084099733,77.67984372086308,22.56876643856466,995.4718552186907,24.520406590856645
43.308807288746756,84.75476330547363,71.5094342044101,1013.9242035170303,28.065554584871645
30.05575058716044,18.181765283733874,81.0359102809249,1010.2379467895236,34.03297138213245
35.40362888980228,43.03465323722004,80.75892553506456,992.1896023018526,31.364393505476574
1.0292247147901223,16.54997746636556,90.88591736764201,984.0532906073412,44.068797035159136
48.49549260809972,70.66041289942177,78.32269942635952,990.2859322684831,20.595744827627
41.622132040021086,53.534776806165674,94.2248049318157,1039.062878757116,35.4348461843013
10.616955533913808,63.5323346708321,46.61252798567132,1008.1128169874884,30.924308395872178
9.091248360355031,19.648696695621116,60.256753340123446,1032.0407302821268,32.5438244680962
9.17022549267169,21.17458620524195,21.126373062631252,1030.9251480001305,36.41423327215126
15.212112147976885,4.149732550990636,20.556606984263297,1010.6911734477724,27.030795861984036
26.237821581611893,32.20675351957297,39.21012963612159,1022.4012625076326,24.211222005753733
21.597250932105787,55.97446613336749,28.06457577112682,991.5651206247627,32.66739791008237
14.561457009902096,85.79349139973289,40.81690943486029,1021.3038022956144,22.359126722146353
30.592644736118974,66.69274474586807,34.163463562271794,996.3430747557974,12.36208884939677
6.974693032602092,43.53963233997514,22.28160198709186,1029.923725805249,35.34865109519809
14.607232426760907,95.31201143941378,92.74433171248396,985.0234479865346,32.91943069722798
18.318092164684586,71.92452005758318,20.65785051111132,1026.3883203731166,24.590288723274753
22.803499210851797,93.016520286255,78.88657154696683,985.9962143941171,28.577706261295326
39.25879806965068,52.75879732721657,32.171830953561326,1032.8713542136586,24.328032268784142
9.983689107917987,25.89042747931396,92.978369759968,998.2522710881002,39.30405519593507
25.71172192068058,5.282668636472199,91.42367516719086,1019.2636018898345,47.97761424585275
29.620728443102124,72.60848514838504,72.3120917095406,1009.2501367172168,22.243597041459296
2.3225206359998865,12.130299800553413,73.77873198404842,1001.9781887157403,46.160961984452385
30.37724259507192,30.277512827196716,20.427131357575085,1018.7265099910098,29.24828086159814
8.526206184364577,53.24709078838974,98.78972528908817,1036.8513788330742,38.614656631709465
3.252579649263976,56.441658777974766,90.22660828606516,982.4761848424773,36.18490294079355
47.44427686266666,60.0583196987136,91.60849805840736,1035.1311713529863,34.030654178000255
48.28160165372797,16.625533034970065,72.73956296406976,1016.5448993012608,24.880494860936707
40.419867405823055,37.97374048216488,47.58295429236292,1028.4388580461432,23.489566331061063
15.230688458668535,61.71942271169667,91.49189192723847,1003.0324972060566,42.21982973673541
4.883605700319194,96.98188646337847,43.32135425209539,1008.3105784902568,30.41485051888096
34.211651325607846,72.76311376996887,65.01692346737623,1032.1310451080699,18.609634309443067
22.007624686980066,92.26037570939579,27.97847778751059,1004.8908781885893,31.94155997763234
6.101911742238942,76.2212058314177,93.75645041062002,1012.0795740049451,36.942311141978614
24.75884550556351,59.171696889240046,31.261636621697065,981.21169538506,23.694869610830615
1.7194260557609198,19.202336913634454,37.99174445843258,989.5158803502825,39.07193902931065
45.4660201039391,66.66856518925131,64.6507326502572,1018.501190478488,27.626355142021843
12.938999080000846,62.337956595990704,81.12744001703852,1023.0186140638326,47.05951435669044
33.1261142176991,60.24691704572665,69.54810447490391,1014.95605620707,21.20847007846611
15.585553804470548,48.978586798824075,38.57071302401249,988.5986021765366,34.85381522053876
26.00340105889054,52.86566039892756,20.075443402199227,1006.72432571467,28.513265137313756
27.335513967163983,33.44425271181041,80.57204642459513,1001.3056859817914,34.621016667624275
9.242722776276352,51.931269264230316,98.8165860728875,1009.7396806421053,45.72770623855041
48.47923138822793,19.755590567847825,84.79304962448724,1032.2197420732457,36.255393900067574
38.75664116805573,80.51743973603767,56.816529452529224,1026.5516863195191,17.204962895314253
46.97494707820945,18.577695469870783,92.30138091192853,985.0393700833496,41.08457339741051
44.74136752138244,8.496628988946641,52.787813849468,1033.4185518664738,21.26065869374957
29.894998940554256,43.62460263571574,61.9947267394774,1008.3060290689895,25.197788240369686
46.093711751155844,65.83074395060619,58.17038139165466,1024.6317286931599,22.238065494083543
4.424625102595975,43.771682493354135,55.809909813241994,988.4023538758611,46.799680335324595
9.79914312095726,27.67541319513086,82.01526154351245,1020.2431715424229,40.19858525780814
2.2613644455269033,55.817118389044076,62.14151258155936,994.1795610565674,37.52502748554872
16.266516538163216,34.700233541219994,45.33736976201729,1006.3028538284559,40.47707724482356
19.4338644844741,93.28676901266331,40.65265341267826,981.0117722049263,23.797706496564338
13.567451588694796,92.2645139603572,23.01978535739467,989.0966382758286,18.786030131828234
41.436875457596464,50.23718199720955,66.65561295064367,985.5248295874172,24.907883521153426
17.837666334679465,32.78839940182585,38.39691323208274,994.3846503762956,38.611049320780786
14.046725484369038,73.71324139566391,31.850713761310647,986.0010854014594,28.006611972624366
27.134804157912424,3.671294348306664,72.3063971062142,1021.5146015971737,47.16197221095251
7.046211248738132,47.47690060436513,74.4967406257239,981.7423941325532,42.37748017276247
40.109849037701984,33.63233942703335,80.17239138061328,1017.0644300374998,28.48691397186064
3.727532183988541,92.05358851025547,60.28615170708732,988.4424698495344,33.48353516915707
49.34434683002586,1.2003027272682543,91.52436841631092,1036.7096874306737,30.013424098616134
38.61223846483287,55.28148757183491,94.90742027185823,1035.9856443865913,29.24184047863336
9.93578407670862,74.0663581066626,84.58967518339915,993.5301861512578,59.30710522198497
0.27610585618011996,48.50179875240413,70.84747856065498,1016.8652778933817,45.86453826004049
40.77307142274171,8.540303016272166,44.29767628729509,981.6803191683475,32.23779604304486
35.34286719238086,97.24613900279022,98.6355937296177,1035.9073125830705,26.810109676570466
36.45035840204937,51.801043137609796,41.93089337535507,1011.3792384915026,32.98992727316292
38.56351733429729,61.41862443190114,36.21255375923448,982.5933890850667,27.609911211071896
3.7022325867045183,23.660978270750732,55.37232910292662,1000.5499995804882,48.98818820075119
17.92328642721363,48.34980851068038,24.547245656991077,984.6109677116741,37.06791016554226
5.793452976256486,42.914949195832186,98.27955717374326,1003.5766663624016,36.12848965036175
43.155171293779674,7.489584200198374,67.07468451331398,1020.1955805296794,25.960407033087414
31.164906341377897,10.616035354746723,64.55616733313403,1008.1933944824864,29.15727847441361
16.54490124263246,83.74725196187745,72.46370239197759,1003.0233304831672,27.612123182820316
3.177917514301182,23.981995220659023,59.76189182217653,987.1494227324279,41.71295927292073
15.54911608578311,19.495827149863054,22.565081367563327,994.6963427416193,28.570354258766557
16.259166101337353,50.49114512501392,68.98490310723174,986.0085972643011,45.244035772280775
36.480308916903205,76.87471313625129,77.29391015651444,1028.4499238993997,37.79492042317726
31.877873567760656,6.194651857898792,53.33992484992425,988.1143896790834,32.28814129455703
44.36063712881633,57.680791963825584,80.58364576569544,1015.7224019929336,37.84235565043448
23.610746258097464,11.921044284057336,38.16010394707365,1000.5644248153308,39.640648918733696
5.9797122969150855,3.6461050825618457,37.70212728529472,993.558703079311,35.85443616116342
35.66223936114975,5.274395216221739,32.913359015005916,1018.3681063695262,18.7721779295465
38.03925243084487,83.41641082084413,49.75958078313295,1007.4201385626164,21.50908115258075
28.063859878474812,11.797248362806156,87.76096283112668,1004.0087280370735,35.16232553019505
38.54835899772805,4.515136441229195,86.23296497192514,1015.5711202935333,37.00287393394726
24.689779818219538,43.789988714291226,50.6259366370803,1009.4760577094,31.183620267228815
26.136641469099704,84.39934719420248,67.12949887841893,998.2090525130936,28.80776701637069
21.37705091792748,26.240837648930192,77.66530531799324,1013.5436772659151,40.241894009641854
1.2709563372047594,42.17126175259164,39.29654197024184,1020.1699145930417,30.376856775558124
5.394571349665222,3.9922532563751223,33.45128687157977,981.6015895152112,39.42892947835265
1.5714592843367126,44.907851413487585,97.76767945698488,1007.9523037344605,42.40389430150214
31.82052056318902,57.761308063713365,69.40458505676948,983.4609970750126,30.497531724006063
15.717799053816334,57.090705375214476,98.51325774669311,991.1843248440866,43.703314131380296
25.42853455823514,33.242669217436514,47.020478970578324,1013.6305240446784,24.990856171160978
45.37832369630465,31.55331806631355,76.24253599793052,1031.971334915935,28.64050991913768
12.464611457443747,10.662361893659789,37.80829092329902,1032.9683407513091,35.67231965677761
20.519146151781488,36.67983206462684,40.896013701913034,984.1966406083179,28.16326295760298
37.77755692715243,9.949466887296465,60.952169701569915,1005.1463051772024,36.15668527256894
11.439908274581123,76.65959447120517,45.5694500406457,1014.9803889802731,27.1751515622051
3.8489954914396494,96.62742977481858,33.40972510724676,988.8241942730206,25.933499029421977
14.4875726456884,97.00744566667069,41.030456159146084,1025.9259330046864,23.816475058831728
8.061064362700222,86.50710993753938,22.859871557269173,1024.6541155062343,33.05330979834506
46.484882617128655,60.07921493396191,76.35388971819893,1034.2004608224076,24.46148583358212
40.40601897822085,70.086569724388,59.36933256686893,980.5091607250066,26.425347388043193
31.67018782552117,28.520580268041407,27.539445312362048,993.0010546393402,36.25634902133099
43.57302950938588,63.077042017262066,33.7355194502793,1029.6312028547193,20.63924681834138
40.18360384495573,45.56495494398774,28.202763049011523,1020.2348030496162,28.323837270624345
9.328502944301793,48.20173397769325,69.00742466207012,1033.6633912219095,46.50242766315448
44.627949924498886,75.7776560375158,27.536829088999504,983.4307792718159,22.708947167887068
26.967112095782536,28.191835559725163,80.34258664281728,1015.8178379429866,36.11442099068634
40.372007758203125,31.803961169451988,21.640873545631294,1014.1427944936205,26.187527272304035
44.80456499617466,92.46417911286366,39.95006303967137,982.1404649816319,11.250638379767853
15.900173748593193,5.622429485097225,91.25333407135257,1010.811324614749,39.41171573916042
5.502596226383838,48.56342984133404,77.48250544977968,1016.5712186785954,37.16330243083071
11.396758127097083,91.28008004078617,25.83746663405502,991.4775904521264,37.10119696281444
21.355389431312815,61.0363007818157,85.69008835881438,996.3997749874798,30.948339274720002
40.90073829612466,54.64070742121321,59.442809723216385,1018.4208407778642,22.153162286771874
43.036529162817175,24.974417922935523,87.74264217350634,1008.0980568559975,27.435352020762277
0.34760652655953517,34.327548906444825,68.05918195603147,1031.4808194540997,44.84051564352817
25.537365128878285,85.20484158046929,74.5466425626287,1000.5429059605513,30.46426777023933
20.87055015743895,55.921813176845816,99.48012483165665,995.9995795032921,43.162458835030904
11.105390523536512,51.47421937567799,38.58684367392145,1039.0919564206906,36.18712491526004
5.99326836668414,9.957971354002893,69.91564598091107,1034.668146207805,36.2249829422669
16.8807585701814,1.6028156455123121,56.82571120459187,981.7395646999388,33.637749989030056
47.14548519562596,96.36851886870491,23.156156233815317,1026.243716918394,21.784444069261006
16.160146601037763,37.698616728684165,21.157651320229203,986.6200864295122,28.011652550560854
25.939531087168305,60.32130620995043,29.538286225428692,981.6491116897622,30.927694310554077
35.15094794475889,7.971507318728499,71.92733924308385,996.4217309579809,33.36669565074509
18.1814801189647,68.31142857230465,65.37304703307137,996.1607527436663,27.345303075471556
48.589104136048036,93.2566708705961,64.2743648930982,1029.159125740818,19.545635032573536
48.122364747105564,57.56652529974197,22.548541002260805,1022.6400347565701,13.541470913616177
12.589114791268209,12.611532237541056,57.54423970880056,1038.896565639921,36.28391579597181
24.86242529461927,58.172152747347674,93.96982542740228,1022.6907740187091,37.01797496419021
15.043915490838483,76.63472131046524,51.80734954485173,1005.0953331953629,32.99438776918205
14.242024718873381,40.64165365740187,69.99379758307651,1021.935659656713,29.390053432922038
1.8443473677266398,87.98377479414678,82.38549404985149,1039.9675440311842,38.45865326082325
30.478216698994842,64.86829533573645,82.714022331351,1022.6085129537516,29.035900387706825
25.133951161443076,89.92489182892025,61.542406591621706,1025.700881358819,24.710630039800627
2.5739375624994674,62.35053112473372,88.6361556321869,1036.3019009114155,42.41765007749852
13.932323211830571,13.128797200482422,51.31024746909976,986.819075678701,33.92808258689551
45.41329429833269,30.96917111051891,91.09545718278386,1022.2870576068636,39.03984430323653
11.97809453334862,20.17949482524569,39.218173311643625,1031.048357478047,41.57262468503363
7.244743604561155,90.88264977168623,42.41731255924569,1037.2627160132536,36.495304615325146
24.47263801387815,76.04000672874827,24.24964993592009,992.6581573827019,20.81026758355227
49.282522705530035,67.6398368910006,83.64654692338263,1010.2357404634547,21.13046217242081
12.10276357557502,30.096631963162167,53.36441889861645,1020.8332908586689,36.9309860299177
33.606777370293926,18.40447720502135,38.32932911291192,994.8480637700802,27.712137879316746
38.08098076643588,75.64510879889119,38.54322220932637,1016.0283717950165,18.809129845362573
11.881877199619984,47.41579458790797,92.11199529833866,995.45472694988,34.2810789817368
36.41081743059298,22.578955215062912,86.71332803688296,1000.0074212318989,34.358417033145884
18.38915663596266,61.66219781652751,64.28247082857467,1006.491121790652,30.808879036395332
31.615291529678974,4.0333852138451975,69.28886403325768,1011.751405924794,38.92216692838642
31.676485538044734,32.61702541282535,57.94604564402328,1006.961952297509,34.13202794746511
26.788734203737924,46.85569945911347,51.33332343030471,1009.5917311872757,35.41364195837208
4.514488502720415,14.795833410940585,93.23815049746652,997.9153253772976,39.55362143085556
41.7651247794619,98.46544775908396,30.049016281624166,989.5379056413578,18.66731988379198
16.03900324858679,20.909736458961426,53.475743177298234,982.8409986396103,31.8781782977464
9.325925519992712,13.035313004326554,47.564952639030025,991.7587233495001,31.506537352358613
2.038757077738196,20.35348738868964,59.85205762009187,1014.916618490347,39.226153965886745
29.54464715941209,76.90611331597242,56.610549963614005,1027.166926868188,32.564440453158085
33.87821809211412,42.55056592718428,61.511162532086516,990.1548558465737,27.489657708539365
0.8293914463928076,56.541593975253804,31.19351817815953,986.5133214663589,41.07359062440344
25.60465291496405,2.1009156986360744,61.05132012106217,1024.957421632955,39.24975158406727
11.324788759896897,3.4431308573314556,39.39350511097687,998.3094998322374,34.90301365468618
32.25863952047249,44.582554982701616,34.746507919055304,1037.089966353641,32.35817030505125
8.718321450249572,81.66552432016235,25.186737502895298,1022.8590782366224,30.42012718364706
34.546886905123294,88.52388787075652,81.01220470049128,999.6053628345819,23.00468616091916
19.33676731502687,8.670656759564022,54.195353668524795,997.3725648676223,45.442671655069276
46.836499436836725,53.836310210102276,70.13149466494067,1011.4219031762785,27.350975526637807
6.876047207299663,91.32296862792705,78.20746746437948,984.7486800966925,35.06496365653562
17.053317552512926,38.797275439788635,74.34533322508429,987.0605907587179,32.35962563967618
5.673676062029454,82.95658314283686,57.640057527174584,990.5514728789716,39.09696829180179
46.23468091392814,13.36956543994362,51.031882316138386,1026.4834155982735,30.30346697801996
43.86696766904905,93.53944896677987,50.076792771253096,1010.8314415561473,23.100303450894415
12.89708138575778,75.14233175313026,71.20390375440451,980.6340273664666,31.112251801820804
32.999202301708955,94.13343927869016,59.58354839534987,1020.4109916483266,28.943150333437654
40.86111001006079,67.66172335525064,87.93057983908085,1005.4214107196299,33.57257781956543
27.760040579973115,36.3403931999427,89.97615874613697,1010.6511418978279,33.14350396198528
26.482528917800323,93.81811725247225,33.64483024052148,992.8469746047762,15.23214292918147
12.092614545022585,27.556677630917846,30.89869212365805,1013.1069337036462,36.16035566271769
4.655138390294961,33.21725220617326,70.43207408287996,1038.7491943850894,33.49479351439928
44.860787897666334,70.08084180017403,44.09805984498235,984.4066814603457,21.33660094582586
45.02090285816652,76.53162995253862,21.48565750120791,997.0350439798658,14.50789012813815
31.655072863663396,92.94034838491538,91.0914135490364,994.5798555716498,35.598078500142506
16.951489552435035,20.48024090562095,38.15206137950466,994.9129586450708,31.263377969698467
17.460478730633046,79.7998035219224,94.34245213486473,1002.7223814539226,41.26405633794503
36.297783943511966,73.85460533969635,77.39475607026029,1029.08658708465,26.085102213393686
44.85551299762886,6.379455625359787,81.01227919291874,1034.7715213978631,38.492627870368494
44.354321213255865,38.722314121020695,36.11691966345283,992.1329052475384,33.123375997574016
38.99377729288119,28.27654570600986,38.73555404934503,1012.5769962768868,20.935849582642945
32.10158230771439,30.44904243540304,61.70142030592526,1018.2139383299289,33.14429148528728
4.206998249752441,98.29468795547008,33.76798821198897,1011.3096484618306,42.68373501011254
8.081435704730689,64.27774134799279,44.43453541464258,1006.0445836518152,33.00681127352881
44.927709426353964,71.76761577934995,45.716998235824356,991.5185303515543,21.081787287711798
30.321452982979498,97.66176373150091,32.77039466022113,1009.2931615519543,24.92130489878341
0.4598525808314824,37.72017824576387,36.41462667161286,1004.0728896626797,36.579082515643464
5.0735771433016055,80.1840168452806,83.08414736066052,1027.733801750136,29.6806933387305
33.17508845540279,43.45309633044954,33.37566836378147,1025.8162615497797,31.626276190091712
0.25307919231093434,86.95336718149798,22.2765913475138,988.0399208723402,19.056284574404827
8.040402570874933,18.06575413113032,70.34839541031508,985.3111431537841,38.69582773455572
27.436689468329305,94.76861770642796,98.078649551396,1034.4892365936503,38.47084229922406
34.59475988463466,21.877170841087967,46.49710516984971,1012.1305033378699,27.60831864952173
32.59806297513003,32.622050698093155,29.492456255700183,1031.4680562369554,23.28312313842379
11.21346547302799,75.61922341067805,65.63098602940246,983.4890672339841,37.72478679194664
35.6089610673768,39.37551415654067,92.5083368876517,1011.5909369912978,29.972255602934673
11.862454374840004,60.82113767664467,82.7249423862783,1012.3655908745742,31.64407449735699
16.269984907963387,44.45735010694285,69.80126947301727,1031.642121952529,37.88887231438628
37.32457025590121,74.23699370897819,45.20451972860795,985.8565998937825,21.70212301743571
32.48164495236073,22.833125236861086,63.3504138620976,994.4267338205545,25.884925175387195
42.4611705247089,5.8457987236877,27.299587304340427,1004.3922988332208,28.78461574250839
32.88064461501717,29.992939747306625,74.31563394245359,1031.9504885251965,35.985305530522325
28.415430166773582,47.43086648684303,78.00768151181207,1036.332998904234,32.10132142311195
4.683738391404624,16.80200521926786,97.2025298327935,1039.5634771756177,45.569666948458476
18.385790152971676,35.47972896563887,40.83178869960573,1037.5516091875113,34.904054256281476
13.260118384086272,39.998301829356855,21.47651352344181,980.3565053506612,35.54254853612826
12.199482168954178,5.739184368827354,63.64867715417205,982.8625004872323,38.29682244475484
48.65052773762228,58.33072481842046,76.54324035174515,988.8564091494553,28.843825897662878
19.65488623333802,88.43434279712875,83.23259807063904,1000.9317258062164,35.3296251624289
44.602327758855665,15.174291295305242,35.499114641984846,1029.7950818592176,30.159177839839742
31.556931299863145,59.7808013401514,40.94022952296189,1033.5593717201289,26.303608332590105
39.74056517708242,66.47392049108463,61.00727402138371,991.2100643776749,20.584103218196077
25.131854655259605,41.93346804192883,46.448064797600146,1017.1798490971826,28.005407734813062
28.845194231317954,70.109758736427,88.8409189269956,1035.0417191039166,34.81670540699783
24.625884690943195,41.0731543491012,57.90081229909762,1007.8239041558793,41.178840977697114
9.762149389902225,50.46372879774349,83.96629152816024,986.212614317167,36.66408020284097
36.12260576307526,0.735304455442698,66.4495808385883,1007.4688190050775,37.97043854905994
14.03861812204279,69.17201141346888,81.84721132936896,1002.5476941372834,34.29896675080749
1.215798321572692,66.13426789447244,46.613838922425906,1014.6594797639605,35.599442927154726
32.27361479535839,3.8400877326344562,86.51332975442489,1006.3195210644262,45.35428041889926
8.855533970352447,36.82501073951331,41.96578524408173,981.0407556112231,38.13798454088182
47.02292921764572,97.90318407916673,63.68790464026326,1039.6398640048203,14.982289439220722
47.696428850129365,42.07365625686168,37.12056905390994,1012.6124142638342,19.181664243580244
45.743219511022424,50.19454051318417,58.04212173009547,1008.4178453290766,31.1533619836775
18.50793501277222,90.99301581597186,45.45401676069625,1037.2770422902433,28.36135148762293
0.7728308264433714,71.72618758657563,41.33627445097714,989.3516220552247,27.578805004081175
46.415928129386266,58.20701311242236,97.35880144224299,991.3542561527149,25.33066336446403
21.409207415865716,79.78046813410725,32.80592843893845,1028.480884943767,29.347165540101525
48.33274095218348,86.43662664559733,82.98606699659162,995.6498648015005,28.929473801392128
48.18099885446264,45.68880717372669,98.73319675865719,1027.9536263774917,31.175148175047823
42.650472773368,47.51083649318354,21.592118699206225,996.2920089745102,32.7350015077229
14.722444603479284,38.60509356518358,75.9221931233676,981.9912578135,41.6116732044912
19.254886430096263,96.67061400184606,40.23294444450297,1011.0208834332029,24.33442665796151
42.556833575842845,69.71662542903503,23.239025946264356,991.8011860476117,14.244634756738812
15.846100257813884,8.322306620807229,52.23116631653046,1025.4707775759482,32.62360823637844
8.474637334304624,86.29596233130185,94.81742481367,1018.4719779939289,39.83717245090935
27.840063122917506,48.05599408362681,20.941207549359817,1035.4161600786751,22.988000764172504
46.80773870803905,6.875390642248746,67.03085535438254,1026.979301435944,38.9730724251568
34.80148983374865,54.971725516331105,60.11171828762595,990.8465572904436,34.96762840178435
28.50305850446825,41.716427897570206,89.8707331496838,1028.0094941998877,39.22357225283896
4.8588246885384265,87.7749404862625,26.72013716165005,1018.5042226888414,22.987982708052076
30.750361334958487,20.399460360938736,74.52208239093203,1020.1370985056375,31.694905529409112
49.50269250521316,82.6464609492183,74.40877587466218,1029.935773158209,29.662965626583237
7.004200761826201,55.768869118545275,73.52640134898266,1014.4294441513364,35.56407094599623
25.916482618186837,5.461030321346905,95.38675959480295,1007.9602108611808,46.49687900845094
43.86865359639777,97.18453013254846,85.84700232055043,1018.1984621215237,27.474990113512664
37.03843088771022,51.26152441031999,23.357818099480482,997.8774457375016,22.22212934639298
34.8507870497634,29.08768542315825,57.68662805636105,990.955827865226,26.333942043836625
35.12420419935546,46.94068419892581,51.83624449610668,1016.9952702842747,27.15279318277852
17.97455756098776,85.7857783517489,44.81177768726417,994.0309021451286,28.319679366895468
14.679592213224668,30.49031243850635,56.10693801232778,984.7949065607964,40.56172441675267
40.46805777392568,19.26763964867003,50.7355347940782,980.0332510751152,23.45513594040055
40.50566973395904,12.907124693088146,54.586711990293225,1016.4991640840041,28.501492478096964
43.35361592900519,29.785939839021125,98.3409492486914,1001.7289270088143,33.765157824537745
45.66202762782356,78.00480870400435,27.09063797996646,1025.1386582404073,21.120671491486437
25.56711994304689,47.16263651952617,93.77846958709839,1002.5105838987862,31.928260793559915
25.07581473435998,22.748160369353997,58.41893707768214,1009.1602068942937,27.305635277858727
39.91475894833876,16.61849996097492,69.89937963996329,1004.425098368923,35.04695699132408
32.49819653888826,33.27294765103791,86.41463732941551,1019.0344874665608,27.416386047239758
35.098343862885166,93.99243728857088,48.837042331940445,1001.3683497208981,28.58907503029723
39.789633471805054,34.30267125900244,54.43375264703735,1037.8260589965384,27.514796422130072
44.50026709087832,98.81240759546354,52.76147842229712,1036.1688191959117,12.40862184908072
16.89975784257679,48.523045576535615,49.978481802860784,1030.881674159437,30.530072746173786
18.7791476319972,17.916391829015087,94.0423457317516,1035.218016234365,44.02094687729556
4.69909699204345,89.11400917935094,86.31439129544097,1006.9483813075634,34.84149086714439
28.9140070498087,46.03553731348269,28.719999189038088,1012.1858238073695,26.11410925233396
1.7971136898371043,70.96713435045244,28.64986819816768,1024.5255555534948,35.592535627325105
23.27990090662301,98.37115832091517,54.229561188239295,1021.7687554963125,25.477771507145626
27.13223173537883,5.0175350319974,27.892590138624726,1033.4407157363282,26.265991429376214
14.32706260641422,9.669455978756714,69.52744762168957,1022.9798616354017,38.86873000930233
29.541663028450536,72.04567414627562,31.49532858093871,1039.8730824937077,31.26889529614854
1.5250124969524714,28.1825003295472,61.78986111734409,1000.9103479898955,49.17625407202499
1.8674094374607209,18.430139695009906,20.57759576029742,1029.979864534365,25.923368984281332
41.13002803298291,3.9361879819729495,45.32770787301174,1021.8580893699599,34.69883030621617
18.009532070563143,2.1846711986201806,74.17525789381244,1021.4831867129011,41.92536425747571
6.353025632594239,77.4485603119791,58.723115218227875,999.5501356906999,38.50861967117275
26.112163002740218,13.443342736955,98.26155887991905,1027.1361075453813,38.091531507039775
38.499677654930544,46.77206159711509,89.92830368529687,1034.0225613408559,23.84126977591354
10.791051374842159,60.5896815179483,48.7256623234521,993.1129076912338,35.537267881332326
31.144523790950014,42.835180056884624,23.638923317781966,1017.5298102270023,20.304673252820287
4.2673732496884,2.7106652336233106,87.6501040092015,1003.5280897461665,39.46533674061045
2.584086058430385,78.35015025879089,92.89874482517371,1039.3728871576927,34.26002171115437
26.5677315784074,1.0513224541653488,85.65019147352294,1008.7299689499009,42.69124529316438
27.031756080505325,76.1889894377484,30.23599527358119,993.6992104278165,24.11822006181306
31.871495074910328,89.33044937881228,99.83321075298302,1002.91145751331,35.19104741223269
36.30456668613308,43.28399210571723,40.686737724221906,1019.2303033889975,29.353223782483415
48.79260397312673,53.554247309779825,77.9363930246696,984.5653622809746,24.023892453485104
25.815017415059767,47.698339261765376,92.64279010685772,1016.2161152132743,36.0940338002124
16.1478236470623,38.920861862343884,38.85496914645675,1035.873485550734,29.99209415871742
39.759309738435185,88.74245353703603,92.66068437416529,1031.021767259471,27.405860861752604
13.541612563103712,89.39335106699905,44.75852633558936,984.060412199479,23.296894628791637
21.948571035281805,33.581636464153455,98.1130577907245,1039.603392724344,42.258713035467345
3.9228190671132976,61.5069754014698,42.50080163043797,1021.9236154222327,39.60165303763816
1.2675371707728755,92.69075621458641,96.27486598062681,989.7368494588414,35.24356496447541
48.132420733896254,96.20584989413516,24.283572071413992,980.7449653501654,20.34347213513973
41.79900602561029,50.895904042204755,76.74176093358504,990.2769581775291,28.995118574074482
34.798710304684896,45.28248052843268,62.568890706960296,1030.2905552411444,30.968678448647257
20.447647220713495,27.869431592852578,58.23016616981845,981.2983594967098,25.682107191870067
8.664716003542289,95.887187319041,37.8795451404672,993.9888382170852,19.077263454616325
7.8218521335543025,14.281430447286736,76.44766318211936,1025.4383357200925,43.6617993208232
12.512144908229766,57.9829576047725,35.264759315704566,1015.1666321538881,34.729767930647306
27.461333235306025,28.255026751863888,64.22734367878147,1026.9641426216115,30.492579540246496
35.72979613500312,27.90082903477966,40.259629043220066,1024.7690302296073,36.115772720011705
33.009868835886564,40.496858737618844,96.44971038250848,983.0360832273083,38.59021156866616
13.996694847297142,99.87929358156545,22.290495506852224,1033.5506851456491,20.025943958055205
47.743264033159704,5.4966306839822066,35.97826240889893,993.6219100569361,25.290778619394963
36.89484583478843,57.85418182035315,39.384848510995816,1013.2035464137858,36.44257194107031
27.717702625570034,8.257215803527718,53.125426061425316,1018.6572893916667,27.728107315024825
30.58603731171761,15.452082999051896,38.61841934960428,990.1176926531057,32.255446956657806
20.980003121389494,43.95629417728987,59.30792722150282,1038.5738754020585,32.10431347350404
12.386549475057873,51.04601313464413,89.79724186068312,1009.2893573652385,43.10928872501802
17.798633932563078,25.8792408364524,76.96507371273367,983.4585617358437,44.362786259804665
37.892305523218454,31.645713087441617,66.39695844280888,1036.2357226866704,28.960809810888204
0.7196744314877934,8.696702025593305,27.120254238614372,1015.176070591596,43.620548374154275
5.803632025345812,30.32197838442505,75.51936867114205,1021.9515918788826,52.83966666356251
2.3001321010876374,96.6558439380544,33.31314274487519,1011.5105473960534,29.94293202224179
2.0364401159485066,94.47073816724817,82.90939087693584,1030.084277286618,41.64453176323429
42.77302920055036,33.4878290136985,40.004540680812255,981.9880077315927,21.24754574420236
35.18289296900118,57.08539362787616,53.36389826567207,996.1027019166289,26.49952806985148
23.70869145436626,90.95953911109443,48.03761618543423,1008.1789013841616,25.01728364453783
4.891708032550074,0.6183822640896675,88.70511317398854,984.5962169788226,50.19302030779373
24.58079375584162,81.06835703375918,30.12355669707265,1022.3544001595994,30.247927356409114
23.673588539028284,94.83695527889189,65.25159059078308,1003.6198048433384,27.46608835029926
8.660093495500758,9.132573433355706,31.36492875544498,996.3600794160886,43.52876973831734
21.692582461898652,16.144768603292103,76.38366689057493,980.2027308085047,45.329590258665675
19.92523671986867,96.07463027713554,92.40625022355849,1023.1898187049973,37.71396857985906
30.792504902610823,53.75401436403463,54.76861230938027,1030.0285585323718,26.362577451259128
31.75468254338219,1.4196634471723701,59.04738082119807,1003.7024321408899,30.943640574566096
2.265200488602226,25.763199876352914,94.19382691862099,1013.8530786220019,41.82834870256704
18.73063073132356,44.99436742688596,61.67931109194857,993.6611975557759,38.49232500401294
31.29299578571182,69.29089110247676,59.00787504396487,1017.331858776808,21.561989548722842
25.156812929004385,73.31603781367996,66.26632821634433,980.7282474989121,32.80005479291561
42.824492059416116,99.54215129254561,75.13837890903616,1009.3186338259255,17.990020026673974
32.93468158094725,28.7511199383759,28.550670006962513,1018.6523289104415,30.757861210341307
8.146721354071484,53.82201018684752,85.68884221932129,1035.0915063937841,40.55503694952048
3.528437370021492,53.332354785960504,54.84040219626074,1002.8801490273371,43.300089429682494
32.12096391031578,40.56452594472375,25.78788079179884,1025.9114121788618,31.14094148638631
1.3255655270810907,16.91618938424202,82.89461353585705,1015.86122179661,52.577454929772784
29.288779063673164,97.74565631838425,50.15599773490177,1035.6207267755049,31.718708436250548
47.01151207124788,85.3317186666586,28.029399607604315,1003.9026605395659,17.10399183383273
28.77370889379395,49.83330282942372,70.70232316346005,999.1457203923793,25.918854599163016
19.408496310326097,60.32454226840298,90.41050827469134,1033.2285199216485,31.84852824471166
32.16441092211766,22.72610535596623,91.02028075311891,982.9546640844974,25.695958935846175
22.912644524575832,54.37870703917469,96.61307798471785,988.1831235760206,31.26563094079741
27.280839465796745,69.49701331214759,89.41643678133504,984.9442660750427,33.061515956270576
47.07324043882626,51.51670283865888,20.171273547638016,1030.5865973945843,16.30550966039781
19.305131890038712,99.02851705849413,50.41929331307122,980.6364454022191,25.32055361009478
48.05952819119571,61.13416562477262,85.48340639244024,1031.6994293298228,30.128801622933526
45.26753209780318,37.09737125921691,49.300240479877935,1007.076067722276,23.466234380835775
9.789556739464821,77.21520276158381,68.1238805103765,980.2415167312382,28.295881111120494
3.4680650437582727,17.046251158164203,68.50535578996256,1004.0987106327225,42.086564614387775
5.038900068871333,38.451581370626656,49.202024323105846,991.2080504627021,32.09518406613164
0.9110912825774864,34.69589503775858,92.35791418250301,1017.4640292483298,43.846118338897625
4.72214803779642,43.180709510777724,60.25826763088941,1020.7615273952988,45.1731401522377
34.150338670817845,78.17798259287262,57.18273647500006,1009.2516542243,24.087017174722522
3.559432423011449,48.41730321634075,99.80109965295168,982.4311715263802,52.30401609667157
15.948781514688065,79.40144502659628,59.48002912580933,1019.3677282620321,38.48275991173584
42.24376554847273,57.64889031398659,34.271860154286486,1030.5223270163312,19.156680324633903
1.1635967867912933,34.206943465755536,61.04555382907505,1023.2194566395841,35.03582999246112
40.72342412944679,80.99787436834724,85.12133884159441,1029.797475137319,27.524564843715815
14.092738738669997,23.828967055309157,82.14882615186252,992.0305714130533,46.058855840892974
5.908241381082813,22.43829797997955,83.08654120867769,1033.333276379389,41.40238996542319
34.836858268207536,50.45029240548358,76.64190271983294,999.3316070388778,35.267282319052576
31.4471423389942,26.084924596208893,40.33742632533506,980.8042888551195,34.40626451026394
43.873600676352645,0.9087034951216322,88.96672686721851,1030.6034987797443,31.57400020144668
36.75355219019429,64.82975272988016,91.4754772301012,1036.5092761378837,28.302210735783618
40.17404651924243,51.1093821472398,35.53221572948392,1019.333491845041,26.856660186461735
14.101728628565324,44.55178144931612,30.43645092411151,993.8861978278055,31.25673260987948
8.871977188986142,96.69685146183153,98.04839748712897,995.1046678569518,33.587767044610985
37.53073758204292,57.11991839629137,89.46591709202943,1007.9955724061372,29.58768365708721
40.3417369633632,86.34315777893845,91.45889177679574,1033.8698647760853,28.046796431501164
49.52525710003366,13.945023620516018,90.91011076995161,988.9758593688535,24.079682186030812
20.630883845571326,56.92064631294277,63.33494592269827,1029.5584201750091,36.778296039352725
18.600904289639157,86.7979626730903,71.71213893326397,997.478168522309,28.792855711539044
38.82064803709984,58.3105757279898,63.629028170691335,1028.515170165746,13.458824525999193
17.040177012650894,71.80141781270015,24.096507935226327,1035.2162718560924,26.647251900793247
46.537866280178235,37.20435678122074,79.64024682822182,1005.6496323196592,25.40937781398337
42.92063759215059,9.244951703706661,60.426562666870424,1001.9030392463319,38.48546969845474
21.44970136875092,45.79002951270714,71.81672598321839,1028.133279138278,32.13403601375249
37.54355338957487,39.44793908388575,60.211184398042825,1011.7689729427636,23.31098037540761
37.727143704234116,86.70601823789474,59.34490578579648,1021.0669429077918,26.61399314077568
5.15619344179663,24.399530235247223,33.743128758221346,1017.3697542176708,32.85981650198499
45.127645333978336,96.6734227535108,42.29709721129191,989.1733307386878,13.765114314661803
25.262618622392857,95.81381198044961,32.708215355516465,1030.6874216173737,25.647320865034153
41.322873305387084,24.76316430714387,35.6533036500274,991.7465066847882,19.847410719421525
16.002480051530586,34.80519554773205,97.83819043362439,1035.9369286442468,34.56683527669894
44.77616142481003,89.55557408738851,32.249075661775876,995.0342774853289,25.71963107326279
19.460083936708156,96.66222208961075,41.54163394441661,1024.0328583964244,28.845148557620682
0.541882574014918,44.3439102836044,67.2471726190868,997.0793236096155,38.85066013951858
45.26909882096318,32.099704564089784,68.81428609893135,999.0671245152118,28.23539925393633
4.564333839306678,52.6094013251542,32.31793037950632,998.6001111669383,35.45877328653807
15.965681879520744,68.77692063657348,83.497394062817,1024.873535241565,40.96137043480737
47.50309835254025,27.34745153749798,82.816229433026,1013.4089070781636,26.665061440430236
47.53035734687781,73.64731746190728,38.98541633631129,1032.97714735085,21.454249077038032
28.671894406164306,5.165735711464103,43.093304214036834,998.4423631522427,29.52118012110348
31.591860608489963,4.929449276441645,95.03902923675976,1021.5195513234047,38.510836079227786
22.42227609891599,38.628770514554525,86.05371567835824,1025.1769159797866,38.36550012754373
14.660538584903227,35.34731920607206,75.8237626450019,989.0889267817975,37.9290565710447
16.4332272684958,31.56332153671523,26.578657720848042,1004.0353614391887,34.39904004420357
33.62592280385192,49.101976266891,53.46112647220606,1008.9690496610247,30.376008291784697
37.618726471884,32.07335823115712,64.74414976614617,1001.3412433936625,22.444647521253373
39.578952186292426,19.225791846809194,34.99290303870215,999.3267557581482,19.39008969507243
39.48090713972769,30.946954908860093,55.858126568657966,1021.1851936398585,26.754871801495085
4.560305152434518,97.4904272810235,68.0820701990952,992.9519838595693,42.837342245432076
24.721015235129073,41.11134169948486,46.19013440923194,1022.5634447150677,26.334391152690927
2.877938000832214,44.47127768583358,82.47558551603898,1036.102651783444,41.48176814617794
27.476444116186777,57.654498995114004,87.23596653110444,1013.911851270665,31.41351873592892
22.07652506866885,98.33407684142266,45.88875755472566,1016.6860542043685,22.7304475921129
44.38520913791499,24.160127643576303,87.09257235939657,984.1359621274454,32.64622831025154
17.545750627603933,68.12821105324338,28.2861252882412,1031.8686142170698,34.54763116495031
5.853350821380293,71.59846935417241,87.01832788981251,997.1268672319919,41.09927634568333
7.149584102641793,60.73244167930659,32.220034533409326,1016.9030699317138,27.675292372787016
38.07553158587361,8.857833963664408,26.63417220077808,1038.7467301846882,40.967765115697986
30.910903165813053,67.68722758275764,71.3420323552809,1015.7301560343685,30.106780370765456
5.0561338061395125,6.409471103617548,57.75498926042354,1023.4825692478627,38.82900773990661
4.205340305749871,59.61426495498969,92.63124803302662,1006.7191770934251,48.60652403298651
35.048456572956,73.95811772217426,49.055135687267935,983.6219506109035,21.51500753148494
3.6381503182096764,21.096989061995043,42.9721810750103,1027.8559609693873,46.8563706539141
41.09300296451781,84.1622007542774,60.05879249153587,982.0999304758392,18.29348256363075
35.31211135782481,3.0353805533004263,56.475694861492904,1022.0394697332713,39.90512410581872
4.067439032094988,84.3812863658306,47.55424369737506,981.3752943889782,32.84752041758274
4.241885704259596,46.032905064276505,75.49930389586629,1031.7383141946002,47.27906681407858
49.33197892505877,21.75879399316445,80.76494671311266,989.4581621499789,39.17726071664012
18.713539787806017,13.3778144993968,88.23871752241092,1010.8562897265531,35.57805358400494
18.532107353344546,95.33071675823726,97.82852837682742,1015.8290422689888,41.017015323868414
40.63997836287513,7.266558758115671,41.332495370600355,1007.4527244424047,21.125759887637017
47.36242886919293,19.909341993592566,77.28747859919693,1000.4458093609333,24.90645334073993
49.30005319114355,34.7822347433046,51.54065883965962,1008.0688577708584,20.3471892507304
37.66890926294708,62.023484896112045,74.16655775608865,998.6849452328695,30.85384448046467
18.81297927654579,54.480108527609836,58.07853522793763,1006.2873408248518,32.65070184963726
4.175035834933438,12.564349241231398,99.50184822143453,1001.5347794598819,46.35134672699546
38.85734579637184,28.972798373821462,78.31217086326,1013.9722894104287,32.94296423651568
27.920212486790252,23.875177108602408,96.19930403474596,994.275449734699,41.24827108947592
21.211100462348814,21.354285449034137,86.79756395849486,1039.3193932948407,43.38850439576976
45.3177192547368,41.1144336479987,92.23208089306968,1010.05219720293,36.539931114873795
5.559874115307567,70.40314525916568,85.153535777174,991.6497246448706,47.73792216280188
24.631255214542957,21.745293221723593,56.73273043007291,1008.6240049740363,33.75167191524903
0.5676822383709534,36.66788797029814,40.14307626775075,1031.9849077714894,34.958621316396716
23.433032099706313,39.09174268411623,49.625614036041775,981.3084075874638,33.93860700475796
2.8151637840918675,97.64565294354102,21.618898611196038,1020.7732471464374,22.06791122370339
5.940895813403596,95.46663568790689,61.91945339717337,1012.8780678076357,29.56302639235889
5.876312338855244,80.01375827520759,60.4046240216327,990.1734796622081,38.836798399275686
32.460515105803175,24.165892081918518,62.020037186439055,1029.0485863582953,31.848591691110435
37.30224396327117,6.803731409166969,97.9224979977651,1002.1330773424403,31.559027624825333
29.168438254857982,31.690413772062477,92.91632027638714,997.6281217289304,29.261422295547156
48.10862742372709,26.679454943383085,32.93702226640864,1029.687511511414,23.417353245702177
18.743528976185203,50.59258001463939,49.51060172447114,1018.3115027714998,37.55998630462121
14.285604314093037,77.7727910067793,53.916494357060955,1033.8955450204894,37.08515354671902
43.429956409473014,85.8322938878858,48.84263342813182,1017.793022220272,21.364441661458915
11.179791925972632,84.48640854105085,83.87967708831304,1024.449059475927,46.052901416349265
48.161126972030566,35.967556122306775,61.923013589406956,1030.1867537755768,26.06299158038042
0.6077237344908171,68.72343434606829,65.76798535773,983.2843781545962,36.5233866948103
48.493941335381955,31.283419752422002,88.24108471903403,1026.5629375321628,17.993717533946572
2.1579955975288057,6.090554323518271,84.47425227322869,1016.8223889109746,44.25431676178724
44.557155684903556,70.15652656029422,30.576921825623977,984.1704677909116,22.887223442703814
26.385055454314994,0.9827552569787845,77.11316672669074,1010.5146753121229,46.32328303755221
49.64823980596502,40.91825874584886,54.83489031216284,984.9474846790372,19.526712255694356
3.689828236769943,32.937926930207574,43.571912245000036,1024.1568321033933,39.669443961231366
27.69271422006604,69.33775385188524,24.001505672174908,1012.790102833873,28.588833417911793
48.46512678095495,76.62454727603789,58.97996482763608,1037.2144122447378,22.185330973129393
26.15489220850744,30.409463597128383,48.43493445796251,990.9881222943062,19.521186304679283
31.469931906763126,81.16270144448535,40.12104317411207,1016.3620071512227,24.764596900535054
34.78743444923086,29.391676050493377,75.5737383677566,992.6949280742294,36.361714497133946
22.727053238388663,44.63263599865612,81.55883098524697,1016.8438990836439,31.29220858298542
31.377904004203174,72.7018527014134,39.58316152235398,1023.3589821416514,23.190324745411896
29.21571559615501,69.29202292247886,23.95579493434778,1023.3382597597723,17.328737253609404
45.057900524549446,98.73684723122,87.9002160452188,1028.9044394409566,12.261328572213351
2.2723190170728937,22.51610242159319,20.796779296344265,1031.213013677499,40.68549327965872
14.048159479611517,66.23179135395823,94.96899951371776,984.6363035760306,37.82170635028974
47.520574203827934,60.96819082757774,70.20958991861647,1000.5960294243442,32.91874271589812
44.51318919454582,91.509845449003,45.74773081610562,1021.2273512215884,23.808376303114454
22.782837639285646,15.636214164487505,39.7182327661389,1009.9151772434727,30.726516943228603
31.006629890076837,75.1798163586933,20.720453141158018,991.4405568052875,20.441005203865032
13.869059149056634,56.826861626876834,38.83771336087017,1013.1625742100018,33.81639153477675
9.406057986188065,27.46658697879054,31.01826412137129,1004.4461391659686,38.747603391568305
23.18492024699911,47.44349141471741,68.97329765785165,1003.4022966592584,35.0675685200015
17.66761140130264,33.37765970697978,33.323647087504106,1028.5852230461398,37.20016785940707
29.182805592543602,57.931340278846086,62.29038700292954,1004.4559000299308,28.141356662017998
3.8867318482492417,88.90006108146659,67.20931378755766,981.5872703288254,29.411399078160294
48.71974038330833,56.9304984412202,43.84333586775316,983.4838003334655,20.353158159912116
49.31053722398014,63.17224183265841,22.805195921497496,1031.3746425014972,18.703811341475603
34.90808570098726,51.874784711470944,22.980310449135686,1037.6360486007513,17.27218638424567
26.80481831720602,5.116550644547591,22.10778657551341,1021.3045601873424,23.24554820972418
15.476380814316387,23.285855687609423,79.1299733709237,1001.8620976460048,41.91216962786993
40.68975098534743,49.20017294320827,45.44077638514385,1036.3160189476837,23.12370998994808
34.23655862769397,31.023528374470477,83.70401487741309,1019.7681851825441,33.4884409811976
8.130846967244565,18.176359776119423,54.538625907427935,1030.6600129519602,37.47864074886396
45.546359224692125,50.41328419184383,56.23984806639711,1025.9511382422206,32.59276829702802
41.12686214615845,32.28097934478503,61.0306082007659,1002.7483589463556,34.69220763269095
47.4899956645962,25.810764317341473,77.04251651000831,1008.7221320510471,23.455976536213342
36.285975419418,46.39854174403808,41.88022926637657,991.167929262086,22.65578010956676
30.670759796789493,13.328425808217315,29.726987962682152,997.520846026444,32.865415934920584
20.912151814530944,92.77457330754073,64.48458681531692,1026.6875396771914,32.40501712624422
46.63642416770066,86.7702097919239,46.158209859419145,1033.6387035129865,19.461267508021084
43.30319447502042,70.76205857405353,55.39930509344299,1023.4676253950847,17.76408304718549
2.2609335053094703,10.621382758845622,71.75573666698443,1007.9104217993983,40.508450377790496
1.3183487248626002,77.5877254469693,59.53005929130165,985.1905561363849,32.63520501653578
18.82316834390248,80.7957328109019,69.62230536806743,983.4168769219069,32.51013121498282
40.52766653909165,76.77646177143377,63.53600016909023,1002.4595338767713,33.00228033751428
49.363806465747224,11.396588711924116,79.18370975488793,1007.8293031260598,27.390940540897166
7.520844555176409,64.39079570677647,76.4749294169296,1016.5472373327979,32.716674984188614
29.706535767606756,83.43247957493986,62.73519134468954,980.3893712832198,25.9599250554521
19.044542831551077,57.73534012196677,74.31224166877655,1039.3833734279783,40.34630175978434
48.49571989073016,64.6407375228089,89.88476818180902,1001.8363330042425,20.01223733405275
42.105946156785436,45.83634794263062,54.581703023053485,1030.8856798280672,33.597721163095414
41.91643523555689,52.87073198840526,53.02104581990349,1012.0980023399243,24.212956339698067
23.434657989748516,3.4376858351725215,81.1396496681904,987.8263672720008,35.6217088036599
20.74097511688326,63.89630219732846,66.60430696335952,1027.8539331520712,24.67485551893673
13.670353596535312,8.14472128911592,25.680542417807082,1022.5896244951925,37.660899511805866
2.8187748325463557,43.50145943402234,91.36896125528651,1011.6461650957536,42.62663312083424
43.23611881275266,29.265509766740784,22.46264817901121,1010.8731854800268,23.283001729724873
40.64505045650388,54.54279502117131,79.87170849677945,985.2487763450557,24.273878457292916
49.98588366430653,13.341633552320708,80.70353141634503,1019.3509369144324,29.307139824961254
49.831841853695266,69.16434019733182,96.24888682255444,1034.674709345258,25.57193440267287
27.771585280131372,79.50115369284704,24.33075267218566,985.5946951532815,21.316950323678324
38.44937075902553,16.33544497431565,67.74854886275928,995.8106870389342,28.302378713174303
47.238286494121404,10.431308735188216,54.227245650164235,1034.138478406526,20.671334790463803
42.482369533870575,14.551548278735915,46.450636388763364,997.0606345891875,41.091441188546526
12.367405087159883,87.71275618985017,27.225484823925843,1019.2366203307956,19.910036748384236
22.527206765504676,52.81892617563562,65.01232957370473,1012.0890898965887,33.60087162148521
6.457970757574749,46.72609960075026,58.32325805396909,1015.7796563002317,28.333941504632335
47.70255136293612,10.671181910235427,28.36435665208194,1004.9473340946352,13.730479396710745
30.308731722544003,64.95560067569618,68.99916056776667,997.9994882332227,29.950816724757978
11.432140275173136,86.799959189509,79.03624962023508,982.9120070437801,35.01587752124954
33.58503422029283,82.8185869323453,81.38226408429186,1024.6568563576498,35.390602734486315
30.90641202289479,62.60547089808013,92.42985506099419,1024.7656077316535,35.565053922184276
17.908135901642027,7.527871665167362,52.75765935110218,1020.2435444047234,36.184238260021495
5.677879609981451,11.239702717601297,96.24582148977096,1018.6180272871773,41.97389839412959
33.57865977963998,4.930898710982468,89.23435240661489,994.6230279300515,44.94598595577077
26.015385045189664,25.74792164924693,43.72012568191512,981.3406960259774,35.18968132457634
38.61591958678196,13.566146716037775,32.74264298795668,1028.5229238131265,21.048816988075536
26.00817505559967,26.004804025243388,54.83115169024107,1009.4683121417496,32.940924718220096
42.609075015927004,38.50580557189617,52.15189663647733,998.4102878421571,26.617948347979507
27.595341938724278,94.29827840711357,66.05754442649635,986.1159144068342,24.934251246754148
28.046898576769312,61.03760597816921,66.67089858621983,983.7632954540833,33.7573229552009
43.832680132917254,83.49737856829623,79.99895875039802,1000.9320033077106,29.417607673749995
20.17414331061985,71.03515007123322,60.791195856448816,1028.2842238860164,30.316177366852845
6.700761422532037,11.250313052663174,28.385811275261243,1035.1234249600298,35.16073422947556
1.4391338156669486,73.59204063739489,88.6633068442485,1033.8050818767838,48.41944576907103
37.75686278368095,27.509888155912442,44.78116665481497,1035.2000500849792,32.747322811037485
31.015477567673233,63.91078469947063,97.70379682452736,1034.4635205877605,34.7509201447272
35.20398840496118,34.09619736429885,29.428808694381612,1011.6334850960237,17.270129552759208
10.648208075445536,99.76722632646592,96.66009377860026,993.1649383134143,37.65112830930325
6.818573779338488,26.355147949677782,27.280944550601358,1027.8827949702093,38.199127977813404
0.7272332833940964,27.913047077426967,38.48289103576476,992.8227784911547,23.58680639043502
17.529377940329848,93.06722555623983,23.726395366923327,996.0324366053942,24.913419341013576
29.495884342731653,2.464440463632267,76.4090517311196,993.995259309353,34.902593662693604
19.612202254986617,69.66889878731969,88.02389892574334,1010.8989442217484,34.20674176742075
21.873746101186452,72.53263907358782,54.725686545278435,999.3096504901448,24.582753490063336
45.20793472468742,83.63785774103994,94.28176600339438,989.2493629775205,26.00013951653114
17.41277335116502,97.44393106384753,67.22392574044797,1007.1904047136329,36.959129724512245
25.69947445799054,97.56019191566524,70.40057083572185,1032.43443432711,26.250920288859213
39.18265063705715,6.527675756646389,87.6335361360616,1014.2331712969983,40.58999887353333
19.827139116063506,82.18393227529025,43.74401640414711,1032.7001363532552,23.757414130941036
31.104335011393676,64.63099336573814,48.341257706210065,991.7523311047482,29.82561640131475
43.11818543733726,64.73421343730912,92.47615353557154,990.0184324203533,29.011193981920464
47.4760311828821,12.83499266146948,92.0770796831011,1014.5346275419053,35.0760700262381
7.353674046451896,65.01871664456533,98.11862209606967,1007.7997340927764,40.94158039836131
46.32938125807472,98.24825806012478,92.14706531533369,1019.6103584988174,28.43875294604755
24.60581465397691,91.1818569539447,30.189762882668873,1027.6776074616068,10.484160900376134
12.912219414947918,43.91306608048505,85.89794289095899,1025.0784377391305,32.76216118860573
22.956787811913067,3.994797328609434,52.78707824876753,1036.5356704195137,38.18766155931377
49.00162876427385,36.229349000020484,99.26410847567503,1003.8953845494207,21.166408663574284
24.63090469964348,82.63903116005552,57.78247714630409,992.3832045348909,24.948959358508787
16.437580514375412,70.1499101465166,64.30688660017765,1013.0547583968731,32.42915878381658
31.67004271583629,45.93436555939564,62.38199322054388,986.6445872114712,25.595040668556067
12.007280938909654,5.510153515883109,45.73896238866222,997.3310673998978,33.93645905956721
3.7931664054331957,42.68947278233026,26.001767111433452,992.4732833157886,34.440744533935764
6.443986095532461,46.90249397178835,91.65209843215348,1003.7938230078248,46.98672077803999
6.402291947888622,92.85555328941359,84.21406500210294,986.672994500133,31.10707982073611
7.595134675614718,64.10861035821594,31.162142444773544,981.9105046728858,27.487839040730893
6.941358632470507,31.16529166546489,82.14146170800583,1019.4076402778019,38.59413043883404
32.04373724016073,52.53182644507214,70.0677332840488,1016.6149386973883,18.609256190613262
9.094004219957242,6.605530782216007,52.73150303340978,1022.5015361623197,40.41956078563663
17.28336416619316,97.25682356497369,40.32169192764502,1019.6231864162806,30.94361464025951
44.839420495300594,36.0059901930726,88.7783026801786,986.857680868543,35.82468988807962
23.69808201314362,47.78673549131358,76.01506074352424,997.4647328825388,29.849623733901275
33.37788692605136,35.52839742369226,63.81919275753095,987.7715965940212,24.24361478272472
8.615993560081492,68.25117301162001,68.76548271187713,1030.5783441229137,36.36450165801181
9.614450940433539,66.2232158329593,27.28529456657448,1024.8142193213314,33.968790138819145
2.043430813323943,71.53223105291356,57.91358087289535,992.0916201750946,36.27686942669958
8.446753153608228,26.814322961192083,35.49602342285616,1000.4785544293936,36.305039539183426
13.92951695159793,31.566848116406597,36.67069432070603,1037.996899535853,39.3741568803841
8.85052421383734,12.525123109620795,72.90431698294934,1015.649561472779,38.385286405631184
4.43512668785278,65.55099718461126,92.90049214674305,1028.0693358380695,40.25097238059074
6.03179355503004,3.979712733565255,52.300528838267724,995.8754620861238,48.4681067864031
23.038938401636287,59.768233552345905,36.61994184097523,992.6031752107583,26.212494289147838
10.316685920289625,86.96958848516338,71.89975497893234,1027.035015730793,27.937014107019635
18.213493052403773,89.08321482896335,89.69496370802543,1021.1523473138864,30.898141622612595
25.170863542742843,44.90377603699617,79.86550408979926,1020.8586757527058,30.404463205895325
34.51974143146826,45.930368821307376,89.50057844292698,1013.1580749097516,35.265101881569215
1.9656069920549468,7.696918300801736,62.92437368086395,1013.8147005665929,38.6158411178209
39.97051994545213,67.07650254430358,80.15009954953527,1024.1418503183752,29.901716965038016
31.39501947454539,82.12594203728455,31.205164748714918,996.2001488672718,18.033351550857354
4.087951597443595,24.465505460471306,47.86196922905532,1001.1661079514173,27.652788826115298
43.67893120533886,42.13008816333647,51.16393315852179,1032.2982062312033,27.27696485537664
46.04362002659066,83.88393367652704,60.90365969968276,998.5319120607295,22.387026228271544
3.0538979927431873,87.7120467662288,94.3261088205459,1012.778574282758,42.045902812835415
13.843882407360187,24.317998026422593,89.94372481777394,1022.1583678404011,38.72482545879751
40.31006398965307,55.057063454136426,30.762039383134763,1039.9954896099905,18.65776778056358
37.41298451918292,19.249315063582706,33.82317215059706,1006.1174798897199,28.794332850678536
9.226050967818866,10.187876413955655,48.611243967112905,1005.6855725974966,45.95389297793055
10.467466166835514,91.11205013919576,43.25950927125391,1030.55530276602,29.644427629569893
18.5236051395691,82.05075042321091,69.18167625250098,1028.330186675592,34.04462406743089
24.226149259551065,76.00349018031739,92.2220838211636,1023.8645529040729,32.574471413230405
30.912738576514798,4.876631881314042,96.98332333380694,1007.7937782445417,31.96373669450761
18.445681978488622,84.37287927102575,72.28823620281813,999.4363472096429,36.4381169497367
23.126735806657393,43.804407590538375,87.05273611208693,1016.523828955091,41.35199669029461
37.37354690668783,34.23951232958596,62.01617601846377,1032.5733975878984,33.611749175438554
1.834160144529895,54.647636102537646,36.66615574880318,1033.0266474925152,33.97571746684595
12.621847217201038,9.135324272355582,61.97507296747819,986.5099007042263,42.05165286550309
35.66747929422762,75.66465493523988,64.40660811501209,1005.701017028789,30.71711126297447
44.76034188435997,58.24350768882959,79.39660513708452,1007.8833173719249,35.655497208593765
25.583872105783307,18.659009687316754,37.59063917658793,1038.6569220514252,36.55330224028724
26.605674263265783,18.82321997690456,49.46483056693854,1020.679880914555,33.02840405182989
5.358600566988803,18.424865157267423,49.122197537165306,1004.4347850357242,32.205692368344046
22.370618341172733,5.700238755193398,96.75516765929319,981.5634731591356,42.381626722564235
26.630863322751157,58.77984493716848,55.51559682613751,1013.9231096059517,30.761445204744
12.123525181736483,84.0348177588508,80.40751738385171,985.7645585383013,38.02102832452927
13.462161547469048,1.74982139873886,80.06491050995513,1030.0669974408659,49.90690521781311
18.864208155231132,4.900464497127355,41.24353478425931,1025.1511196342217,34.80449115375736
1.0035598888863184,57.27702766869458,65.74957514973858,1007.6305495944907,49.2312124798808
16.103958279158913,81.94956853860523,91.54423146549185,1005.752646772502,26.76410821746274
10.572400349827232,32.67388905686336,58.01581755655596,1033.8403379341262,39.77677974383954
16.374867608895734,34.96143988077222,95.60940058740368,997.3075010250877,36.626353876946226
5.988106590962561,59.63464974967759,37.156658345932925,994.9411977264062,22.916315755717523
44.52636403699475,27.4212889124147,25.93272846192246,1036.3518459695458,22.248036204843597
29.679622677702433,2.660836607768413,91.31630985157994,1028.5547502052088,32.55270752564881
33.95511595722448,73.52285181015961,87.81449583697733,1029.2375355840318,30.150965628879845
39.45856193036691,62.56499129414531,99.40719007470759,991.7116288565555,31.565089620284922
24.922109946452863,58.07559990556591,74.3514790489941,988.597759485856,37.973191119253535
4.346014404371185,74.16841289918231,94.93503413337196,981.5617729890281,32.352919294737084
26.85532709092739,67.52308375620375,86.15592200672887,994.2224905351208,37.281157437042026
29.342055901043956,20.588198817832115,87.55410664960695,1026.4514295028596,38.0311101868008
37.271973709216496,35.24810469433511,65.53132563634146,994.402305125849,34.89558813381771
21.58297731148397,12.6110141678625,50.589167833336866,1023.7461970156926,32.9085486299273
6.379015139778188,12.985701341788102,94.76464580346254,995.1144959220453,38.9834891790308
14.188795289936223,67.61957463565392,54.56937404927156,1003.7175498770403,25.89366442330595
18.154114819931756,85.86001069824982,63.105549379973525,1038.9897373946844,24.494354370749626
32.295862066580064,96.27325838611391,55.68914457001502,994.6887038770482,26.060132069061083
28.538915233445593,62.834711754944436,65.18546511681578,1002.582237637896,37.10892888582566
17.80483629489231,18.410132336095696,57.64040631938617,998.0652308279128,33.34014380911282
49.32576243964898,10.56503454489307,23.83740468635807,986.5774991798002,25.33860499145463
30.288740967844358,81.28509715367578,90.56385488061589,1009.3936485278495,23.68010890625039
11.861339586799724,57.875647635999925,55.55150551326158,1002.7214397999801,34.68279422923543
5.089123631020187,61.82850210137198,67.1154918805879,1021.6932251484368,40.874414067299305
7.642956959216601,78.14620887547092,31.13502422063896,1029.0556728170927,22.64323523774128
12.297886419225406,70.32772277324516,20.271027838611133,1012.6549828697383,26.292198285195024
8.034068662977784,83.44582528560966,39.623207491491435,981.9317853252402,33.14689940520204
9.328351202565289,5.621390545987848,76.36688257066803,1017.1353413740833,28.50824156156611
14.254758434692356,74.75206367465049,27.93556240903029,983.3234438012563,33.52243464801563
8.66867976473774,85.08527573220954,92.71099523091743,1016.9813794159415,39.645542249769406
44.83827123132126,28.613504245831432,37.20180554849477,1021.1017969561514,28.013113216004434
4.011687283082111,64.04472739932528,36.36748914334206,991.8660576570511,30.360869203811344
26.225569478512732,31.416206383697208,34.52063692971964,1029.1607689233063,20.878407028173754
20.519841349483077,95.7971066482454,21.11853703770918,1034.6651078944428,25.53573442546053
49.11893084543032,3.3423572435503757,81.74443747825876,1028.7852178468293,32.09450337360871
5.601945108402617,57.97928438329551,90.00276249962069,998.306551412725,40.88861070950887
19.892779952287082,16.65035470495151,69.1330162092959,1015.1985807467381,43.219089516142645
48.473521663768445,71.22202051771586,35.05599853438898,1034.8889089514737,22.842238777598695
43.275356294699016,17.589028341866207,42.82223975527038,999.239883573371,36.01281099760972
40.853603547464,23.538326189835757,58.074135789197065,1029.2016693359255,30.194511216242795
12.895141352246991,49.43708110457581,96.34767612986407,980.5685078757018,36.53520887190638
8.544379369503291,91.4834949996878,39.788109745419426,980.2188021670805,27.65884495979113
33.43216099622155,21.171437214797084,78.53167231359105,1025.582699620338,36.962929681792275
46.46879945637929,14.424002111810353,55.155857863433624,1025.6868549276273,33.22335832493766
27.83814465069649,75.89768318540307,43.82778786880174,1027.3386312711377,18.58455933480017
28.580634473494992,50.0619532333931,56.4732749617691,1035.8016102732897,30.389325860239204
13.998954683014208,91.17851123817714,25.696537403298603,987.0743787092171,33.066138941149
38.47464665959684,14.661455715984228,83.894989674429,993.9190990990213,32.9930465086547
9.352187427876169,64.59278930230393,39.46415423863737,1034.2234952224285,36.73421715599646
16.183961820212183,23.287914615181503,78.03296985543764,990.6341718663413,41.53923654414069
21.27182193082084,15.67604286516393,25.467869715855578,1020.933756054595,35.809007745332494
25.38051893422275,68.34294151572705,96.40788449325488,1011.8277800024489,30.940485734198013
12.120486620754011,59.36846199087332,35.44119883245589,984.9916206110904,26.15601170144875
5.741841236960177,75.48274583623312,90.61936609656644,997.115819716492,39.10575381471487
30.53100212208163,30.946257644618235,84.75785676923476,1011.222332986458,27.763089837826506
14.431527662012789,44.79716563821899,97.42879392651328,1031.14100700103,39.81926133351357
29.061911071130613,40.547167633041845,58.23125287565997,1022.4523093768804,32.41482732182157
7.718135763710116,98.40894639665142,78.19178350767612,1017.312989687296,43.58186998586801
24.057005092740873,29.22489567393879,49.656852563022724,1009.7619733964849,34.25776720351607
26.629471627579292,29.481723834676686,34.749459041575506,997.9210390288481,32.09996811943734
2.5911768411213454,35.45482088286074,55.44607463467591,987.1546946791557,44.299549183412054
16.830213909696027,56.45940812903215,33.25992123107639,1004.5445620739657,24.301586495853467
6.720733846948712,25.232274426374524,98.56356982291072,981.7111096346775,43.79389675755316
3.168748523638387,91.52899403792739,27.69971929125731,992.663353356011,40.77176395894403
49.49801161949726,26.56855648662635,67.13693787620963,1005.9490025523596,27.02765048604428
16.117692248736148,89.58157315601947,70.11710842032447,1005.1163111403149,37.14858123954321
40.493722292731746,10.347506364658464,63.04636342992434,982.6577258598195,35.48593109326521
12.732032738188192,65.65627023996524,72.9748708569467,1015.3436092115174,28.217297395380932
34.075136111196464,90.69855184382438,29.294462000951278,1012.9810553511942,21.653790774454862
38.011392994484325,16.874943839822954,64.4014819364233,984.6862582412548,31.73677253398713
29.781937030392214,96.8326960099255,42.977005690188925,1036.5897831476263,24.95028974557282
23.57880942750792,45.28833604155117,95.21408506408453,985.9629667370516,33.36833326299092
20.592045707363425,94.57151084410245,80.96573227517806,1031.2900490742402,26.29129846658144
17.443413327149766,67.6820043630047,97.80115857277941,980.0185839149003,34.62927102966526
46.476457212391296,30.158686987355154,23.004485579215164,1032.936865702723,21.40162930306282
41.530970389386454,18.83025249171064,42.810654014456695,981.1831839322588,32.36786765282826
48.251345533325626,30.37350462250994,35.63380693106792,1025.468721913527,32.16824545431008
6.214861174277236,9.301740926267499,20.89236698494644,1001.7014486780151,42.09624080750824
36.54337376018221,14.386796634332978,39.38605841970571,1024.2930080081792,33.0330031855407
46.91702284105189,10.466044034648114,74.30207868163431,1004.1047123254987,25.823993481476794
9.061653308283008,42.29435437415577,38.48711377076548,984.2544753399105,31.20574426756507
3.3248133683388748,79.55783762575864,60.72027563860946,1026.0504017237217,36.46545186925332
37.056032464502955,14.138355421634019,91.02544919719989,984.2751611192818,32.38648013007045
28.723655658995597,13.032043317233589,75.50063362792602,1035.327226157673,39.73736680056008
42.0914388379136,64.34289495173307,51.57032559248256,983.0584421474997,26.677427076546426
6.988618831314475,19.71829819680663,49.79751511296867,1008.7595166662909,40.99785244402346
39.76336559299451,9.76100381089916,56.45886512067878,1023.3820658510477,35.89703404892241
10.081366002387227,16.684857820557763,34.16331528479251,1003.5947878875222,30.720541399132003
8.182797143285224,92.37313958767761,70.72006139327905,993.0340084755461,38.18067979721044
8.213289896549647,82.14712527761908,49.13222552836844,1025.5454576837617,28.46381623560271
40.728736011569104,35.40645623550941,88.18922794096349,1027.0576822873236,28.04559164665489
33.25986103481001,65.58207673273928,80.52421280462531,1035.361699037262,33.65028058865402
26.153271238455964,53.72756736680381,68.8410531273728,1002.5699066258646,37.97818580440095
17.941524206175124,67.7124263482564,49.13617781196129,1010.3751040698396,32.60429628839286
43.86002704065541,68.26711524627594,36.79454653387875,1001.7877065707643,20.414236593535602
19.622255371131768,62.8734015059993,82.09214912844983,995.424909311082,36.33907292405719
40.82997197357886,26.610136853730857,58.91272791928692,1025.0619776922565,29.850278054627825
21.95674542851092,3.900642076281813,37.9800030541886,1000.3791107010173,27.837740355290208
18.84722147124538,45.55667819901088,35.6139692032005,1005.6889665195412,23.772939724871616
23.13398928348032,89.09738846907038,33.232072360108724,1004.2204194574417,23.56515421384674
15.068893708207105,56.94972585185759,82.1728956964476,1022.7596735388047,37.70477130644186
37.380469008812554,83.23910417019079,38.318974824024934,1035.0677375666407,21.707811747112377
25.136019504623956,99.16243429612281,62.1313810820158,1020.0053636784427,30.38327322312132
11.610634757340865,16.361620413827627,56.123708877844514,1008.294955765654,37.127719397583036
44.978728663728425,69.17776391419824,66.36887193826271,1026.752306884333,27.633877847411995
19.19456106866057,67.42935737000246,90.17239202969554,1018.4582794473282,35.41078649917024
27.17764305569943,97.99554473582785,89.41979120653845,983.6366214270688,38.98964852941185
45.32360554822735,98.56007339528003,56.08608574598877,985.7398151851305,19.81818879523695
31.211899795699605,68.66786117241294,21.229300058777866,982.275016644418,33.04315234338225
5.844902035418204,24.361479198219428,54.115504457144255,1007.4089795723792,40.57594468502614
46.991606180673756,79.85558381305991,68.49548299393123,1029.5512060603378,22.453920481847245
31.385402653570893,10.70291342110381,64.62118072784494,998.7849901610812,29.42572489291835
16.745280732854305,78.06993041716287,72.10688846401644,1003.049610985549,25.5720053574524
6.963603633169363,91.01961241446965,32.32605859784668,1034.5686265020734,24.13202756633991
39.7012594635148,38.28333947684352,71.72280790245861,1030.2142067189993,25.965961987190035
31.003637796425675,63.06352949830804,34.612129499501776,1019.9028867429536,26.696532973086715
26.673054598816076,43.01427320968263,80.04191845573992,996.008226925535,31.732281750957668
44.69462915254788,43.776505498812845,47.1270090610144,987.0224889613066,24.698097105505134
39.42986056122654,31.037088910812006,76.79163467051629,980.9635293608068,37.35524054022785
7.583743986637559,76.21296204503246,23.82924791248857,986.4206403562653,27.707338835329804
15.586103389777412,93.61765641665052,52.62880204727307,997.5557866174365,38.943622873175435
12.424456990723288,94.07508592344611,76.40276178106662,1013.1074038147698,27.448661752197808
37.19731462863385,17.478128487493382,38.14964130651953,983.8400049651432,26.479321316066663
1.676621736788969,87.4743649656566,83.6229635837778,988.1736666991069,35.09993023589156
28.494484243565825,73.74314414271221,70.46237864839455,990.8648421384764,33.88652698297278
38.122934287034525,25.283740069028926,67.00494177198387,1017.9189255789984,19.984907332533687
43.838281838087475,6.728461292151455,48.28390833634697,1016.9473879388074,21.28162688269775
17.104087435795375,26.799726688437797,58.5961176304894,1013.0459435823292,35.44240350438279
41.06286523360064,91.22082367815256,67.78794407822825,995.0300854817564,31.124739988521384
5.531586847760361,63.31786748957723,57.79696911319124,1002.267181473124,36.59283536334186
42.32261458672591,72.10546608978719,75.86506591524481,985.8013829802646,19.170719290574354
6.374433116599121,25.715235110909585,54.695754648556765,993.5876362254833,32.34642951227133
19.864364528018363,71.93881555748203,36.181854539362426,1033.862313588355,36.05628205274252
39.86476828897768,2.812150627792376,37.114702624083776,1038.7815047861498,25.736515945881813
7.4958713674386885,37.53213457730138,20.464301507435287,1018.8595751384177,27.470044998673078
11.462569761632075,62.67533485423312,44.07661724469379,1035.0093975214052,39.73223892637354
36.11262841965331,14.609656554132023,79.91341123828157,1018.5645140240855,39.85903281284971
36.00182682730372,82.30035744469347,83.53301670700876,981.9917891663282,34.24950271305139
32.057381644264865,23.503129881191864,36.19740336766,1039.8057550991846,24.247988724404966
34.697422223355,65.22811128184462,96.72351974971262,985.9371381011921,24.409704724217967
27.13622216737981,40.51971425753297,60.19222347841014,1020.9585080867037,32.66099805434188
12.589952945347637,59.604359547764716,93.35829992148021,995.1701721844875,40.585357258899336
17.284799675195973,10.745055262890812,76.54122254893049,1003.5188667744176,41.85462430750422
9.079885840071283,1.6912799921607324,77.79467384179304,1018.7560510880563,51.282148024987634
45.422528066681416,90.95644273803012,26.803489704485692,1006.1892409584624,7.493070130993422
29.169589738306023,26.96300087671828,37.59929015175445,995.0327635358677,33.13184704080571
20.042570838181994,81.96770027804591,20.70518666355781,1000.0667712126995,18.15444692379188
23.100290182206635,99.93503004722002,77.290211238139,1000.4928870153906,33.69847597094888
47.36416698059077,21.143125799891116,47.555063074280795,1037.5594342704928,23.926101949778747
7.66757015580401,26.51707411833556,82.93220128610774,1027.9167809554071,38.71632837399699
29.31149160083986,66.28597876346657,47.1148975949621,1007.512926288764,23.48593427367497
25.2944339442233,96.54486346006212,85.54670018390888,991.9892552204818,22.940922598839954
30.57271177173239,91.58143481907439,30.45586029986504,1028.6609666157594,21.753786063035125
0.9055091910420254,50.28755200655849,33.869852540600654,989.4309482965024,30.4453219357494
43.606195447207575,79.51102825267246,47.27012316671492,992.6277330285202,24.581602830649512
46.60591412418062,13.574585309990105,52.67899111058186,1001.960803510409,30.54211237370685
28.256659179460446,97.74381842040123,47.89622486743827,1032.8208917511195,32.77025723377383
34.83254119384461,96.43532340359864,81.0917626018576,987.9072001180466,28.400251111831707
46.124969058864785,16.372895787917095,27.756111410137176,987.3340515712715,25.778706281895232
35.36193171566993,29.94231248031066,48.09736157107905,1009.638499298316,35.5450625180352
7.626952145713068,10.015499750676693,86.97919996123674,996.5846324656205,41.29062354458285
28.81441800834066,27.17175988981797,25.34376618097376,1014.1236764988896,20.0212460015247
30.335752319142795,81.59557894152066,95.38748061370859,1007.0982010809934,32.93027281942322
21.2065335651193,37.83156071652595,98.90534738176103,1006.097546381073,32.43946954762521
36.82221178123614,8.839696714675839,27.085453906006407,986.7183782292196,38.87624580927388
46.718350738450745,34.22255247789045,43.30180178045896,988.4629814149904,30.844260886439102
46.278425645338814,98.138333424128,49.79205328282849,1029.264714646811,29.91662291585395
22.541968570206606,62.96835952592029,82.11130949221808,1033.1529642543046,34.97256406858044
5.661902292037762,41.61609464061578,67.6741449693387,994.081011973115,41.66542980169819
49.242059948116726,16.653851349727,71.54925603940539,986.8076300914861,26.473160728569596
41.94490432229671,98.61767972836948,80.60078582548047,983.2050003160706,28.46360263855128
6.2331340601633425,82.08490092631287,29.438319954962058,1016.4978568245139,23.329558758799013
46.04209413086862,28.14773024509194,86.656756552821,1022.9211927500123,18.854070126779728
43.49481810310641,7.006869572118946,76.44958433441153,1002.3685993521923,28.552124151618926
25.941902856303606,5.662555737755803,66.18733801570963,1020.7805520494384,29.45751793459197
29.563771787246463,12.037814950553383,91.17882678264453,1022.7775289335716,46.189095245636516
19.95013519350651,58.07685836144216,76.02450831070456,1036.1205368838143,44.15174786548739
2.7380819411015667,92.87634212054924,36.13599701048203,983.8924182701064,22.71454376052348
16.759862082295047,49.674342800598446,54.37963048605334,991.5375033938648,39.19087977364313
40.14267242990057,84.29454824561972,59.52342935485866,984.1115592558193,27.6354139523169
0.23160115023014294,44.588661985980785,24.41741014003245,1032.0796360001666,26.666974273746696
16.67495858455721,70.85835457678252,96.37100106880446,1027.5552296020142,35.707094064657454
19.908434679547167,73.18727372865008,30.28618086375028,1014.4785242373104,23.38042122695699
26.869780146896144,17.396370590333866,75.79690137813814,985.019804603071,39.74933718881591
45.992780820638025,36.121605897581176,60.49848288727041,996.3987415192232,20.188855673000432
17.317299718298063,63.73021565380239,22.050579990753807,997.863190883511,25.942276207116223
17.347660094811385,7.069660818436619,93.97979806914893,1013.644591760925,39.76892491555567
36.87506240548742,36.15401877629566,88.14694470551466,995.4826336422029,35.560479696321174
22.610897044490358,53.479946628119244,61.94063423230684,984.3775918347773,30.503423036942895
11.230241146999099,99.62244930446387,38.31538689115562,1023.845738111198,24.956677001649208
22.62197580663467,47.45335626224407,29.72983125440754,997.9448126993246,26.559959695772427
7.042851018989992,81.60567571143235,49.07139835457013,1007.142450621398,42.150350052973806
8.819349325311165,43.206728506661776,40.43426248368724,987.6599980989383,31.50736350567538
24.918388636973987,79.6390722619709,60.5352960805039,1028.1528982036748,23.73890246744086
20.946272475227396,59.54148016201084,97.31274368987431,1013.9319126154435,40.29468789280054
45.742295053405,88.65954415023984,65.9962794583713,1034.0951375725917,22.015078392047265
18.119694955831655,41.09425523501099,91.19448447120783,1009.72829378392,31.992234881776618
29.02941751390217,60.43044198214788,72.07030699966218,1036.4855403090728,42.68586907975767
31.61321439597652,63.00186806188274,58.019722126976035,1033.5120922628796,26.566654311389527
0.6547228294166818,41.73829418004733,88.3686050186697,1014.5875913875541,42.02744904391504
33.17686860083553,14.431204368748151,57.7094488138398,1036.033606288992,33.52008519027082
8.901798343487572,9.355940691233556,89.49025364082888,999.3853248376731,53.195694816752365
48.053515873472755,1.66715505996331,43.326141566061224,1001.9385297622526,18.296194929521103
7.433136387655647,87.35342642452146,30.30504590103905,982.7286770783622,29.354976115076962
20.731206186351187,23.647491223869455,88.42515714903507,1015.3520544058312,50.16306449114772
4.267483403932193,21.150674928176805,66.99321310341334,1023.315438195736,42.50362161912762
49.843712592297365,73.60354004260655,91.12739185991681,1026.411151414526,20.447194128810775
25.10975051656213,32.00161130873917,95.02617655939065,988.9889771627662,34.9486354765181
29.76925086600219,50.60446924118366,24.290271229715934,1006.64954433875,25.559722036097323
3.3538238694213742,16.25110652974563,60.077544148709464,990.6117927256349,47.58662924121745
37.49802351995889,95.97457214619692,49.99716392596234,1019.7276409312549,20.090583914831786
10.495279654779289,85.15814000172374,70.06867176560937,989.4767823453061,37.50869750230352
44.90271447203569,86.37896229650033,83.48729577618587,1034.2498210373644,18.66253608067998
10.256982024100358,40.67737485720052,42.44721727794952,993.8380787396848,26.62042022556069
9.534386033183328,76.23612137071729,64.54387074985374,997.4841359772947,31.473331941572482
1.827483392404744,14.387615538978016,76.69828639239196,1031.0543793290599,52.06896758318708
23.603347255499962,0.8619002591780278,30.75448662685872,1007.5080566087435,32.68051312120473
28.24205666313082,1.9972932578028124,85.12535247610134,981.4397567480044,39.91430765948886
3.2854319714176183,58.660173740456045,68.48876798823784,1009.6751750721587,39.7455697120756
38.776380834750526,45.53949052479408,95.96299496909214,985.0726001228073,38.19507785784904
22.66444173740138,51.801534890851975,47.162313530455464,1039.1206831212387,27.56617121899821
26.219513466379002,0.7463140417219405,28.651675386975892,1015.2866942273362,34.84442529094837
22.03813734691141,42.268661965742574,60.520096082954026,995.3919570566587,28.73313283365295
20.0381530437663,71.80681612008608,26.86486173675511,1013.823060772857,35.77042623043571
27.982016565410895,44.26937019674359,97.56212186592055,984.6120262029053,32.24306129316511
7.762012296535625,73.22192063122223,23.094796660575323,1027.993478256129,24.70134679673286
9.096406524763555,23.30189643968348,80.28031208858465,1035.5196832318497,45.18167794396753
43.089281050675865,81.31420044817254,62.00819185137952,1032.4666632923695,24.031299840695926
47.305773106681634,58.84312404534523,49.489652199863094,1000.5054561379138,23.7317746475034
18.665465813987648,21.076309942990623,25.267373160692372,999.5460871786021,31.95032595664213
13.537233657177689,23.672047585383293,69.77335393388861,982.105256672978,32.96777237381402
32.19997716195079,62.8030464569537,66.81762635127642,1019.084021522055,37.270821234249375
20.43670855490482,82.99395932124433,42.47066184540798,1012.0942870513877,31.38978754868862
1.269317783017243,41.56277820291552,92.81773611282497,1007.5607822796405,51.0715526636554
7.807629868309518,25.83004291275922,44.328800587426954,1034.4578572000823,34.51152953479479
35.798611442369875,86.70116069106004,55.97803284736849,990.0727340649707,25.611077830163577
32.94619709550757,66.9268291750835,63.50099647349246,980.579976001411,28.287049256064922
1.3547996251741745,44.80854872830765,28.018550254102887,984.398987127246,39.38348065128487
11.098608096647473,48.790019527930184,94.57293753709058,993.4022862696421,46.38664263331726
11.55373982940357,20.42564679363964,49.96289219608329,981.9971329558074,37.33094387513418
33.59463717993642,62.680263006484395,26.46233710994749,1010.1706226385882,14.976589905418265
0.9855268877182077,35.87425105428886,50.983293894026396,998.8454273140147,47.37962889407835
5.2054290992286925,99.56451766743493,68.01620376740645,990.828980484088,36.02086684673132
39.99580426865947,48.01835152618879,61.09221374570637,1025.0050444969197,24.56117131162192
8.92723310271668,48.58856061896132,75.56335792298192,992.2670795739518,40.41552997854866
32.63730539259374,56.58517874106719,24.43871536543285,1021.2563060596276,15.825756191860023
11.909139052336325,91.67560031187467,42.76324882176449,1000.9558943508583,33.710068800748694
4.972069637967258,80.08180998597503,85.53844614720818,1010.7096656397533,30.92909962349285
12.158609549972704,45.113006979784146,26.39149502330887,1036.0320223910792,30.156308678162276
36.11334659278296,71.8699265972796,88.4388763756766,982.2410980889488,30.851929028595364
42.784823405314285,58.62354987807616,27.3516873661685,1010.0158704486477,25.539467064406793
41.51099322834958,49.23670487012489,86.7563371913357,1031.265377619657,31.534513057748004
19.85917648092274,19.231577278435054,48.86307208629813,1015.2784549022209,37.66893360693155
33.40425682853231,46.39362634548909,68.97672506057727,996.6122310179094,30.217279154088413
10.249214770791049,24.581858702257463,32.23096925183985,1003.8608681087021,33.95798269376554
14.657386513050664,91.48421498516547,25.293497738014466,1020.8159377237145,25.8320922144862
44.81679092605599,33.540681349634696,37.275056321610805,1033.4487136588282,23.25583770437605
0.6500961755368018,95.22640145333723,30.22830543269564,982.4639824247967,20.773005249998334
4.2754265427234035,53.30552900947112,44.992471814370546,984.2923293134226,30.719919026176758
10.394312757301366,63.15443786761603,61.15065972088161,999.5030914165752,35.69279737807023
1.3266101936909858,54.29404444893278,67.10075708520077,993.9667810662487,37.61145666366092
9.071771754489866,12.93806169667009,83.18944859037943,995.8958531733443,42.341951245100304
29.152078048484608,37.5821219007941,72.49919145986868,993.2761999175528,31.359798765513
21.0712275296249,9.914611227762393,68.70066601036424,991.7495029313095,33.24926861485803
44.63358555384874,62.29540441833817,52.94256219886197,987.8374380121575,20.353019677202536
40.87217808692205,44.68741952004389,57.90467479681109,1036.0372479077143,25.881892077651976
17.0908675848938,77.79849715709368,53.161666351214485,988.6513678343692,29.605883020901295
12.971171671564624,22.047048099936983,87.37328240491065,992.2642264859321,43.56211230134072
18.984620408363345,16.45660584293349,38.40003620387199,994.7759434388471,32.15172613812669
29.51474712574039,40.63322309637678,20.45767452335717,1035.9808923878252,20.46224630043819
13.403182041143813,92.65853832183811,72.10559177809914,1025.342848016065,25.7854770829153
31.2074453924567,71.04218150124117,36.19697469110651,1027.381965818931,37.23791978905959
20.470582609562022,41.89236247929187,91.20921090478474,986.2854955723099,32.1676053650433
27.602359042599012,51.727216975431055,88.72370637653249,1030.1785925009403,32.60557338985396
21.806326456765834,8.421301117709834,26.138189754256473,1004.4915849090451,33.95153362508831
14.723287977095884,98.4575896376113,28.511072433126188,995.7693815727433,26.473606187362304
47.422665348107834,66.6407304694919,59.613727379733305,1014.5450050112187,25.68641501861069
38.18028970798804,28.540406846342247,68.73781302154838,1029.330974349004,29.11557849552082
7.005658788322627,58.58083942152443,41.99266699857926,1026.7191290644946,34.80629140562529
43.42339879489564,10.948236606899398,77.34381733594965,1033.3998489548678,33.19444460153549
24.371559912475682,96.58366688075836,67.59328167350972,1035.6879311609266,27.062259374720014
44.72761134470457,17.478498788336594,45.985928779884375,994.287324285665,27.584551229307625
39.992762797365764,64.80303180552141,22.02971904338525,1005.4314736501562,24.951783043502573
21.26067522346167,24.545446253893044,80.01202250388141,980.8777123523042,37.41560931302387
1.12346541600587,71.75613826485358,37.180293266006615,1032.7592995559037,33.38184076151408
13.433867969247304,77.68213672402811,86.75789947701027,989.2743290884861,41.08160261452418
27.081710733043344,67.34197289114327,53.62322080434041,1031.6884887405618,33.36534418552903
31.673910991307363,61.44994602551925,66.16619541054123,999.7632393191958,36.93270840283839
12.894384271660114,89.24690939520117,89.83589843272016,1002.0880153988683,26.68298767946935
6.967803703641207,7.862671098975804,89.08984007359626,982.3479352690316,49.39942241127708
41.74651183996495,33.09147657801952,49.72156601948586,999.6127273859191,29.365288467860722
49.22010903517761,24.828747963084595,36.71111141718745,1033.3018209680758,19.235533636311565
26.28450911513429,98.80139620654217,82.01168621828756,981.5328440672962,30.164857048888777
8.583964292415175,38.93897796668735,54.64641628817049,1004.3796483828036,41.81107706527834
13.615366325968449,73.26126992403988,35.36335948472033,981.8839777887645,24.12565197586181
0.9195338273733367,68.47251638810046,92.35402738537202,1002.2554055065439,43.727912576028665
45.71494032802495,21.208123747737773,35.84833553928699,990.3584384468174,28.44589300530322
5.887554144507057,23.899768021155133,22.064573455298486,995.1331035961023,28.441007232091742
28.825823775712678,28.12845635530341,21.622397901393597,1032.6559023896853,26.46445650253286
13.7027610343603,41.112727825937924,69.78522851634114,1006.1629532373134,38.61378413250761
27.708900125789672,23.43250656505268,72.93400485740243,996.4278794841148,30.97208009633571
32.57101941759321,1.9651482746847804,44.88333640455871,1015.3603026770329,27.416119866010295
41.48709018536008,87.93930568071954,45.60087913976507,988.5264175899549,19.435379589770008
10.32106358803016,96.5609831380884,47.15951320479542,995.5634964452513,32.980978103924905
0.5497914329240239,34.15703870315679,74.41268374071029,1012.7748780561733,45.79542882799767
6.844281503440364,33.85068794254729,24.65070328214629,994.2513825108841,28.57721625132107
45.00093209240526,0.7091812774370987,94.32930821530606,1020.7476642440524,38.9939911872901
43.694503878125765,68.02506883303741,37.80168353419572,1009.4894781355714,16.509485165266767
29.870655108515415,82.54398957486288,99.97385641936738,1026.3193442152815,24.996020867202652
30.025843021682668,14.660830036000316,33.72181550297496,1036.894672143348,28.226612002972214
33.25183372731277,15.966634936715074,81.7237165849902,986.9482933608444,40.78015660102876
8.76856393117248,79.00832499714377,37.873003594370005,1000.0799005990727,33.1709496327777
45.72059729624799,61.629074835414464,26.467744131460318,999.1729437727043,18.80667478589132
20.938526244603654,4.486055762771701,89.9946659480519,989.0709751602352,39.20692852779894
19.156926412474874,62.25469904622817,88.70010073527135,1028.6181882400083,34.696020366143436
25.94588526414188,30.891772284376607,52.28563139596811,1025.5927222423275,32.76568087586552
2.3482983387527523,36.872515547084596,76.19169140323415,1009.065528250064,36.61613578992298
8.314168437803971,76.97314182968802,64.56527461471337,1012.2662466676766,32.73801468524405
36.90168082131852,81.09351926726106,88.2364890938999,983.5726482801498,27.389222849767474
4.139933396256323,40.03566268398306,45.20447754549235,1013.3304411396227,29.786361875083625
30.15760547331941,94.71529360063548,61.89379199991882,1027.4804914411782,21.86262637226414
12.267455484066048,40.64627179520722,58.82978969636404,1014.4296544150315,38.160731675446605
19.464780702098828,77.18360352301099,48.3124661005487,995.9183822072251,28.39500219600103
14.434686838534994,48.38772645642591,91.31640516450977,1020.0528963400602,38.125531048307664
17.783635823247458,89.7532326522084,33.27023397300284,1001.6893057979148,20.896770012023822
35.95229525921228,90.77612436501786,31.960691161655692,1012.6923970571441,27.80889972907185
14.85608578115875,8.741680787108386,66.1527628258201,1009.2539217967355,35.32710297335267
28.32023201484486,93.64933313102257,72.59953839879536,1002.8705000579108,29.084301879730493
23.802520109954983,82.55348415204156,35.569540345965216,1023.1326788236481,22.702634739808115
33.18355826813241,79.13107143126669,51.25739538036993,1033.032566719153,25.40248248106383
46.8414869662379,20.091133968552242,95.7251074382995,980.3127511086155,34.9315103608925
36.62860486051252,80.51192087546649,39.72939381525392,1036.0169911538221,15.5286924036247
10.747018929537838,85.01327346850368,73.46885616939153,1010.6909081649935,34.21563234222943
1.5591567530642336,28.915033445415094,79.21195149580726,1022.0439128217959,49.657063855245454
13.113202214991254,95.22600783623237,55.850295957212765,1031.3374739705525,39.09524189233237
29.753896535012743,4.986014639916425,95.00207894076664,1008.0262215388562,39.075995981121
2.5712906742125172,14.990925324713967,78.93253881750324,1030.0984444018934,45.11977601201276
24.818312360061817,53.75811380515143,56.633966388871826,990.6571891673121,41.28359879615099
29.84214244584446,57.579247112230966,65.54681614208752,989.5500520687889,35.32707742570846
16.712194540848042,64.51500833009034,75.40907547400806,1019.4482821313692,31.888744922189055
38.545610187291096,1.6969129315466458,67.37521443433747,1032.2085803331042,30.662162168040094
5.32991265668859,96.03667746221302,90.29580670608607,1033.5455706521623,42.53538818466461
3.756889086790438,4.458809273414399,48.551092982432095,1018.6244275026348,35.76701919381029
36.409437810180165,14.306195272340238,43.99085920446439,1011.5293538125591,34.65439884332703
24.774565810309923,1.401451752605698,37.10711115962114,999.8835852617909,34.402723279580485
34.420119821386805,56.685843329409465,23.02263744516761,1038.80002493596,25.563379656272716
21.74136693018731,93.22668839209723,23.441117150404427,999.181741199975,21.11105446089398
12.320101661955341,66.59471660804643,89.60441544874263,1024.6511664338957,35.16905946536602
40.955115883709986,82.26574684804274,74.27145171247258,1011.9189079943001,32.91595062118122
39.970793948448964,1.3281203458580082,72.8425932349189,1016.5107405515208,32.63886717438039
34.73482354272134,54.20152984797261,69.17142551479088,1003.6088330353176,27.292615057442013
13.607256861498135,45.95629775055219,87.9375315755284,1037.889387528335,39.60992531399226
29.511533343454353,49.8967944220793,58.4213540532502,1014.3009395659562,30.911193117652136
18.04869484700134,7.221318533518795,89.63286628466403,1036.2672578275274,37.619409158200625
4.579103666331708,68.44353610693075,48.75560209457913,980.4554849704349,30.620007831968415
45.86567877311214,50.322041485863444,94.13660034712724,1014.3602349914672,27.265626601848158
6.84093154594807,76.51488498612639,75.8925584064992,1023.0312133835163,41.107141589282385
47.51186769104012,48.52906340617154,40.57417088195418,1024.7048102697331,17.783942349759155
22.300288647897787,14.938163622643208,65.12679373509002,1034.2986129069009,28.23224907297759
9.256646441930982,64.8256954077822,62.642444919060445,980.2640965402272,24.646612380775327
27.095047368917907,17.238636210516624,31.031905738426715,980.0198095555686,21.79090354676976
43.647291793820415,87.23945633548149,67.29943246004913,1008.335807647713,29.991188864507915
36.61124432047806,61.311623906924154,45.18284989735663,981.7576223003223,24.11907724119436
40.328057393072484,15.720388355695425,24.187901344768193,1038.4719532197425,27.97341364665481
32.93916833553587,96.23380574812069,95.89249261652519,993.3239104724835,32.16765966206226
34.613828225892625,51.83654633353206,71.31922952514302,1008.3598837618907,30.318198594849875
42.459782578265965,7.289845187165501,90.15351454966776,983.6682578007334,34.09556656301196
12.483400442959297,62.68329044150672,74.08448040106025,1011.3229049702755,41.28841313161679
24.471248182157023,25.31989070128102,48.55869537120903,1002.7973675088446,32.93636770264624
11.060472090980111,80.36934518773025,61.01504578630491,982.6796017326334,39.186260152848426
49.38340039983235,81.78220735661907,74.05974082777416,1000.1074560017735,25.962019115039315
47.202966984330665,97.89473558546618,96.820186016115,1003.4861612133714,22.293406105433714
1.971340568425295,50.186953102450374,40.29355672973572,1039.3952894764964,33.47617169886797
35.27875862578442,45.495687972773716,89.99816468992941,992.4731523151626,29.31866733250857
46.26241587078329,75.34756054464806,93.92622442354156,1012.686776922206,33.75692849602913
9.028767256366677,13.247065634192657,73.63324117271652,1039.2389329519178,40.5111733298888
28.397261527631475,54.69155137931242,94.50133019210702,1027.5211524764081,31.484924998125372
45.774414879402094,54.624760013085094,51.83028699818948,1039.6020500529253,25.71067379129189
1.697298929289942,8.947312281038721,96.24129408323542,1038.09789887961,48.04839565132414
34.871013362342,41.798408550691356,76.22263017327799,1009.3723725256492,33.19253967560877
14.867450368627539,85.3284798567202,23.360461393504952,1021.782550992234,35.135706652079364
46.21980976882652,85.61536219946603,92.54982654552423,986.6265876164691,30.492880613207753
48.552912258268385,9.9237664919681,58.75782472265541,1006.4689295028081,28.25985474328668
47.213324455671696,9.072088274783086,56.82615878222663,1028.541112536002,21.721422982844178
23.71071083287319,26.26954770019353,65.31732847837074,1010.3201192586286,32.50402115100369
43.10213254946567,87.47660625539935,31.950763741698232,1022.1619419690339,21.852783522982293
42.22746992675352,12.890258507349895,57.53328388539189,1024.7450797990566,24.05242215171979
15.955023662162782,71.99968026274462,86.49017733741965,995.2081484745736,46.3360659268329
41.44577370753387,10.116561961310321,21.238596731001227,1032.541962376554,25.203323261967817
1.850381735774631,62.31378537478254,41.8333728259497,1007.5893458545507,34.624541748820256
29.81349392410265,35.60672991191448,20.19636691550754,992.6111062172927,21.783730028459846
11.500441864385152,78.8913962965867,53.256904731987866,1031.9249529073065,34.51145136284869
6.0283442888639405,23.36904488253636,78.26524083949877,1005.0691283663753,36.645751885728345
3.847660081460458,63.920182938995985,83.90174632917028,1025.0187463027833,51.103783502600756
34.81443879390699,23.568253457588494,95.61518089016053,1012.8819843332956,43.125516359519104
16.993748188403305,71.36602831121537,68.68036903766293,1002.91230513407,37.78705639667354
36.238338576438075,87.36780345607488,40.370149332231634,1028.5925849023142,14.806947150393071
3.2678170399471185,12.680179912676003,93.93183593093592,1015.0681958986768,47.90984255665094
15.764516891530517,86.65956885955035,82.02526031043008,1003.4337261456219,39.762583606132786
26.974564618766863,59.35752544142979,65.95427864025156,986.5758722201076,33.302064307455545
39.53615824194818,12.711049086702397,75.65121725751487,1033.7267188260025,28.619719060723718
15.937625146603496,42.7541855359712,93.94530840059433,982.1281751205,36.167184888377705
31.294568821850454,16.08602934850979,76.99152227783372,1031.7912409020835,33.66789888828066
44.29888741180935,70.03478888665695,49.46996060677872,1001.5976914929893,18.882113636225057
30.79315940911523,75.88681344179497,77.04225618312773,1018.3603258100843,37.48080995530831
11.647973737681689,10.579652027279895,23.22225301883103,1035.331983430141,24.772554603278696
1.220039077826901,50.613985269464436,50.9132449464465,989.1023969302339,40.01122012857132
43.50494369504649,81.46250560259172,52.50584254764634,1014.0170285383286,15.236966409498148
1.063470542519357,93.61630415509966,33.34705875366677,1025.8659717422115,25.772449232373134
43.73508363420997,51.351786674177,21.846838444141614,1025.4550299631435,10.221755773859835
26.4468567013606,95.02792236114071,30.670498931019424,1011.5379148759703,19.389211734855742
46.95338492564481,53.56889704560298,72.36971966376441,1017.4843675943874,34.05589837689473
39.93916178868327,39.419049459990795,84.183105309095,1025.4516196479706,33.27696591904349
49.89670552666687,84.82031285528954,99.05627941815793,1030.4616582654446,20.76482439950808
17.535590772585508,49.2982710458089,47.70908024867954,1025.708785812552,37.30577178909299
38.35941444655634,47.190251056452304,67.95033778088813,1001.2402965908746,34.88702847718201
20.096545680462107,49.03124894098283,94.97159734520976,1039.803584063464,39.36995509000926
23.99378101519544,84.67850018697453,33.36334250705221,1006.0701616231582,34.37366607602786
31.375273160918503,83.19415416880521,77.41164690741941,981.467882165536,32.35692793739062
43.68385570931694,40.35199924402112,80.39829865193306,1001.7570170951277,33.10779103895826
49.20417345996476,33.3299859870525,27.118042869547068,987.6669772744306,16.449901803394546
38.41367069322591,49.19280240391293,88.89995081464521,987.2865569437025,34.51433474081846
20.888339108366687,57.277250973710906,85.0484037688675,996.8921024064136,36.52483217159976
21.06785011385351,23.833721062799697,22.672240526194756,983.2025296506356,31.700304544861037
36.879115079444574,79.39550847155907,27.28675319040412,1021.3107313045738,16.833014137956162
11.938857288415116,48.648276573242285,23.930151511348186,984.4393330521143,30.21231896569068
5.523705656569733,33.40455484199596,46.77948254394898,992.1973733261574,32.51899516587019
17.731107882038827,10.68209929639906,60.743119254394095,985.5739828696471,26.439744751470343
14.361949582704087,23.884516040360694,62.5878182363703,983.7900638541819,42.0984603765838
14.815406022799504,94.92811717559837,41.41334078155541,996.0650999323725,19.42392468303349
11.680387552495496,30.50996868195266,92.92775092482194,1014.3139380596222,42.9462605898839
2.104659481818094,16.885928936703532,49.46102318975306,1037.8811333868105,42.26179605522859
0.8936967366706905,46.06727916549932,23.644012477228202,1032.5333992609765,35.69524799856789
49.386119486801576,30.70877433602487,44.01816892331091,1032.5560355267194,22.691737401396814
21.388656686793116,3.5159250271194153,62.48875380353244,990.5640221622594,38.51246138142505
19.216332357984083,32.314521727941724,52.65774580705856,995.8944316098692,35.915033971992585
33.982364134653494,54.41086239394686,41.907401527940735,984.5835990077184,28.75681080831467
10.912694393253208,55.17123720199669,30.50585998114539,1026.708100394911,39.72631566381571
47.49805919751127,35.65589211768887,85.53316000769838,984.1889780891337,30.60971734940619
39.3172507207776,44.73027562526006,99.69161936993535,1013.4017402492512,34.013819156804544
4.470550115612975,96.55179182347663,46.36337068191057,994.872534339437,26.061967245293296
20.87903878924642,37.73484772303116,50.52968353412831,994.6067380417247,34.35412250137338
43.95591537810824,25.822681325998296,69.44300197415657,1039.4435033148563,33.51319313209116
47.23660111457051,24.34670440667601,77.47531797884331,1025.4067884187123,29.30226676875385
23.370075562493486,45.776461270413414,51.3623627842873,1030.216361497463,34.18307537272315
30.670569460535386,75.9520148716944,92.39436135854521,1014.3189611206408,30.626580133117834
8.35169730460376,20.59881841884732,64.80031913831347,1032.260857243625,43.894837242798275
49.558431306848824,70.92961271407681,56.03120611247448,1018.7294323499812,26.121790470557183
11.58358506917217,2.1149823349416286,71.73382025279241,1036.7704222877808,47.04204706308109
47.136588706756285,41.8932977983946,96.22430785993386,996.8803151627382,31.370167721085
32.482332449618426,77.58650652027869,83.56418355373644,1015.7191727469738,24.885819843001286
30.386839743942957,33.873295577443145,23.201050442809947,1021.4078808762135,23.085368439809457
25.63442555082543,56.37371014453995,46.58479285919677,1003.5762383016684,31.4473316346349
11.533490585887934,20.49792328259108,57.643574796097816,1032.7824789442432,50.77640782297519
8.826401600275414,74.19953911261723,45.16140577672842,1038.7881897862492,30.518496413229496
11.024310453508768,5.227910326875962,76.01500486643653,1009.6261694823597,44.783878342813146
9.321913107212726,85.25426448755003,86.10153198900649,1003.4384392882604,33.621735415800345
38.97922367833767,19.819638642166815,78.50760761482172,1008.3162757133875,28.136900467527525
17.506262958336507,87.43980317083307,99.14666294626203,1031.164204743916,32.85784501434655
2.8921338281698183,35.25292413005173,41.80381183144233,1018.72810553109,26.57984144036867
48.45513150704057,72.26835744744866,89.99915960195372,982.6863423510857,32.89740090499649
44.18929424817129,31.922529778618845,81.32981321395889,1012.5301946267429,19.59038335774235
46.387614159760645,90.59116712346476,48.97430060465169,981.0380073644582,17.412363125709085
49.745391132321764,12.663712551837436,78.72996349255749,1026.7121222602043,25.003108897457164
8.694762460974365,17.85197892725987,28.326076513459757,999.6987364125479,30.1673584974406
19.812100945132936,49.303012515880226,83.1466785872442,1008.3204489270397,43.38709253019286
37.911923785204564,8.193843903814614,62.586448206968214,1027.920686354458,33.49875438234852
34.80103090268961,19.598018470176193,43.38321381674025,982.7869290371457,23.676128739520948
7.694795316992753,94.37663822120143,72.46218414273442,989.5124921354966,30.705889384419578
40.79165624953089,97.64896611478872,71.32959989715272,1003.8776225867069,19.687192847758475
11.222028591833034,37.62593293304219,36.75889781756798,993.7955098127336,32.78281463764134
11.190880741131155,92.32860210139357,22.431793184922093,1000.2740855465038,26.38458468012815
26.84872114467068,54.48246756734317,54.68980695213391,1039.8904842735478,39.71629149429832
29.646996742085157,26.974246587376705,65.56094954755369,1029.5248662544286,23.991612245869874
29.00431039189056,70.23987210805987,90.12842226964787,1033.0341088976065,33.020603616236386
4.574341869887744,65.89018065748571,94.25734365180756,1036.2232780139466,40.06390801866256
43.87304313151902,98.91253191087334,62.304417452541315,1000.4561528188517,25.774362182299104
13.280002129435303,26.50472874092833,80.30427870148358,997.8246174677884,41.88175123254684
6.475746064140209,67.20595026617355,55.14426178623975,994.0437495543244,37.18100645373776
44.43740399344886,5.202375502944689,79.68657252583144,1029.8070146784873,35.16309835419075
47.78257491148767,11.36460386967194,36.384121995133356,1020.7731117371111,20.48189204718103
43.106380863272534,0.3918374951093262,49.68517878428251,994.1703189489726,35.1614126705942
40.475803736243904,99.94606810596731,70.73823990508919,1002.6196297526272,27.258305172424368
32.76209903195109,80.22736971474778,21.452637248566305,1010.4027058359679,24.892231981567914
27.542868530456964,78.67230147335408,77.79690482711632,1011.6884034364252,36.833463938859275
4.349337995570507,50.97260752881797,86.84284010145335,1033.3236637131029,44.119212641186905
20.422660653534937,30.006708290543994,51.93133288751611,1002.833967976833,40.86387228813666
18.6344258506157,15.126428446267592,55.835393374173144,1034.5114418300307,38.59076510184832
12.98768918801631,28.467473884646367,88.10257697732249,1006.4820536191874,40.24668053398955
36.17100568442925,37.597122192913915,82.05237082608267,1024.7823604875412,32.899469356626234
24.79378675393854,75.6310096980294,43.05195912267,1035.8152591991034,26.793643215717488
4.052310795382397,53.96617889031524,45.91808852492312,1034.454542237796,33.10753638539543
11.009160097490566,7.748362655548268,74.31025859124773,983.4171720377409,49.63674217649108
34.162938182979794,1.802900895891224,65.0558473958529,992.3422576985942,35.39752754638509
3.8065429745150094,10.233217953406315,32.97836568771976,1008.6143255319365,38.16744905526609
42.56034570243843,41.049871369737936,44.794392738333315,1005.8932573971864,26.645304485620567
24.757326350698715,93.31929170490183,91.99866215029233,1018.4534998902325,47.04901482833444
24.0293288663324,63.74024812092216,75.05395493778107,1036.6825430495248,27.49029968666742
29.62038923297588,80.18258998755151,98.87794541484156,986.7442826766769,28.17700913853048
41.234048296257455,46.637459450454855,81.36100239846155,1007.1115199080544,23.149565236772613
17.390460395109653,36.16660831950428,95.35795457148721,991.5446622732284,38.8777912885269
33.90080762795318,10.840037271662272,37.29508590963803,1033.6464559038768,30.98053820560786
28.28659819978955,87.5933022186205,81.71878998535405,1037.874811148099,28.183392447260786
13.351413508471065,78.31600290279029,21.617401611823794,1008.7221009134211,23.62139392646279
43.9314993177579,16.811809759772512,73.6608017369227,986.2406178636885,31.365326179648218
39.871301080346406,51.22605638762605,57.54258224961931,1027.1176800033604,24.319205850495084
32.922591732921276,48.73748079212449,47.74080575360549,1021.8284810295439,29.138044020457063
42.52908645471209,62.50915526865286,88.99234818344712,1001.2802495966187,34.675987489883546
43.364710047990116,94.61868939912613,88.34141541260246,1033.2444484381379,29.569971675347514
35.41814883575174,57.97714417624796,21.784136391891487,1038.5499133869625,26.76052639399867
41.8506664181836,54.02172667786186,68.76040979595447,1013.4712309478117,32.79570555264174
34.87357308346418,5.032293293466394,49.42657794567651,1013.9436746806575,32.88169973167225
34.00703858801502,6.290747601802393,53.25288012003593,997.8508103068267,31.060556757341676
30.930568910759217,18.734679132678888,86.56325913750207,1015.0703621589988,33.011992172893656
37.63583197788206,3.247077169174828,44.787181722214264,1006.3785392314908,28.01429991450125
7.930255264653685,74.33528955700123,95.4439048510096,998.1314616156831,36.5881817614844
44.04353795994642,72.3330303993963,34.37070610977126,984.0311117914341,22.78822535747537
43.5921763872616,13.605623443164294,73.01779386945422,995.1624715825475,32.89161602454516
1.4623641517279573,83.60789007952809,73.76840536110117,991.8712789806599,40.32697744387868
41.290837528238136,15.478603484611197,40.175612914233454,1012.5225190732369,21.27999643116644
6.4434933736722595,30.11755869973588,45.98004871737616,1016.1002013058156,44.17295487285287
16.755942712957093,24.8976899161365,86.78387940639523,1016.5143034583609,38.43641431709191
37.17541281458039,37.23070985730478,80.9444203963962,1003.2908600627408,26.571702220236332
8.03799480241541,25.466376588996187,46.32767042518076,1005.2737840211298,34.640501320466406
40.89835120595311,48.8950926438452,62.71652375479471,1030.0543057784384,40.00838001555506
41.606708897887096,40.74078813546854,24.934423700247635,1008.5739688110298,20.15696711588692
25.373386688041812,98.65694907793265,36.69967059189034,1039.2663999282274,21.927085315787664
0.319293585841679,5.592635012822567,58.86564470883193,1006.3770338005319,42.08181240215228
14.351906658745639,14.218137638735161,26.877898822336928,1018.9748566770703,32.68069427823747
30.84634591878711,5.282589390860249,87.466588391355,983.0217799396038,33.830880813766896
49.059308901371175,62.58411949823758,77.44049680861183,1019.2003954651286,26.47994322638989
31.59067635083342,5.450927741371958,95.49069365187958,1031.0855836649005,45.04099458268438
12.99017905320799,83.64397373761233,75.47735247712217,1036.5474703119978,36.102547765478185
31.700285154980566,51.19386306819278,95.23210978097484,1039.8392366983862,29.636302853300574
26.999268985792774,52.70076245815337,64.3610044552772,996.9307187389539,29.24117857684894
38.99226975755718,56.15945077121942,68.01748888495754,1014.522203889543,25.16180440563725
5.349031941347921,17.081370630621073,98.15768437010087,1007.0430791319288,46.556364933861225
38.0513951251014,19.769030311448756,71.37033174914083,1013.8290488345102,38.98206752819762
27.063328933805515,31.88173228730047,22.462925508859726,989.4471774313909,25.84679648598066
48.149600192949734,59.34964158218514,77.90422213044187,1031.3689743557566,26.232394246226022
17.093608301934303,21.011777594021453,92.43749537099325,1034.5741366006753,50.95607088177721
31.631094656697407,11.633172713326124,83.64641998354614,1006.9796997867753,41.15494128328389
46.60140527550087,97.01168864184322,66.70666181003381,996.8257916944146,23.871331069091454
5.125486399533963,2.1981814809622913,73.7042810474813,988.4500056591808,53.59783627885827
46.86142436182256,80.26974053360216,99.21534314013374,1021.0258894866682,30.406474172816505
34.394286115040664,78.8035149575022,27.252967080747066,998.7339103772441,10.671350229506908
3.391852955258595,29.7214113845096,73.37958629065916,1034.5723141948033,46.612015991868205
15.048178347340812,13.56266160073134,42.671815565647506,1020.2607484906922,27.71522535479234
35.40860443226408,14.562864670542341,71.20723172689361,1018.7411195104544,35.97706619542191
3.367530073438585,69.74316172371925,68.6098860707151,1013.5641269538944,28.749472384635457
29.108523008813663,64.28065910861737,32.27654656865297,982.7465803657235,21.741513727106984
17.294152847647837,78.27456742513867,36.53973165921913,1035.9153461411352,26.104641426847998
31.045775888373857,93.74811723991047,69.73036624345708,1017.6762495979676,23.013939901815945
2.2871016906256427,69.1927363266592,30.258395784301932,1039.6437190029867,30.72196962189541
43.576840307618816,15.585153655144346,41.21447001042583,1012.2413842863732,31.698239331294022
48.67444845886985,24.344261676541066,86.8196438190402,1022.6066535143727,27.608554377030657
48.44389276428458,84.21937308731145,46.16732048013109,983.3725734719733,21.103148800995314
37.48259158714624,20.93060758342086,59.044812501573034,1017.9041706094047,25.788718854901585
6.504312006531599,7.252231695448142,95.29122681166723,1025.8789766954214,45.927248902193575
37.913159796451126,70.32800540422505,38.17192710695571,1026.7108576911535,24.21245407214583
1.2293458229400755,40.2526355490142,51.17008138864083,1026.2066991338172,33.562936806096225
1.1061775764498627,92.00400525459035,68.51662204348365,993.57695763762,28.7981764963275
16.18051095747706,65.02550710936616,80.42711436031777,1038.5239086563136,38.67723208188865
24.432159520233288,9.041897779166074,92.13227093701641,1039.7109272374964,46.735623548018985
38.52037089038966,94.78565672536607,93.23783900588121,984.5357525096961,26.986388863985738
34.16476883032526,25.85572636402459,82.13120594980984,1036.1867853687054,32.66184878156202
22.295135318837417,33.72124904062858,38.26646692746483,997.3669516582621,31.145020511012817
13.681333314083293,40.2260413683542,21.984746403405264,1021.3570449050579,30.61524832137844
49.856225007885556,5.122429640431325,50.7019144284499,1000.286655244168,28.096422506298303
21.30906511179865,49.65154222306049,31.323908079025866,1038.0652594023873,16.20079214248741
22.569351216483774,12.331849107529225,76.83101179506384,986.0902314982121,32.63694466769594
8.181191059583458,40.097032668835176,72.89044694605735,1009.8648090173825,35.18065211031343
39.740477437496466,35.07097879920843,23.517731329716387,1005.6828675165244,23.706414081175982
34.68411128907443,77.28400834265034,86.92750233047609,999.5614071366791,30.566108689428958
11.03848063943802,80.3170511632731,39.89946130329458,1018.732039452809,32.93721311981182
4.119052280792134,15.3412882389088,54.578166039283374,987.8633446053001,41.20205603592217
34.02496510373565,36.65511873792262,73.43469883645939,1022.9997450880218,25.838522970379707
32.72556071405676,37.33531610318317,54.353502948180264,1038.8355274282872,37.35355925418274
13.662976349910466,15.141044393608505,55.30302422399547,1028.2735228681179,44.34751826373952
47.543178112520515,79.84535050511906,25.25023962685923,1031.6010051745727,10.621081113117654
7.552894589045012,70.72283283354233,52.1154839408003,1001.5782045907401,34.91426149473803
21.616740052130094,19.038178629703474,81.18783145759868,999.4931963888731,35.54207684159282
47.18079600837994,36.6721908593799,93.21410697492782,1011.0229012814079,31.815436129418103
20.986365846306114,10.580502485651422,53.07977096506974,982.7435968857363,40.26942897822756
31.92629738320428,62.820659709304394,53.88686615032631,1036.7214880673919,38.34802582960986
19.879719898139715,12.137192454861967,76.21016850589217,988.6271103809715,42.522820794288194
13.710760117433502,98.59341686249178,95.42176008842213,1034.1807823500856,37.23898361433648
49.19888239799141,78.06820746878623,41.364875219148814,985.0149333200213,16.37943864145522
20.46670031575215,39.023854958399504,55.21153652303495,1029.3574956607135,34.4771591561598
44.70496018395672,57.85639322793544,83.6778594841841,989.1177515526929,34.67576604234248
11.497730294554309,91.13418162164088,68.77548554992308,982.2878968454884,31.91579973506993
10.655235201254165,55.40992803958261,28.846907517116378,1023.1693670155645,26.36229684680599
1.556704144225568,17.44984863979552,70.21861884498125,996.8159180104657,34.89866575212615
32.58334126879425,37.87033555811593,34.93970276778615,1022.869769167061,29.441554199110524
18.426317186188058,84.31448650297455,60.81727472627233,1013.3051150283692,31.40579033149306
43.21791249198185,64.42130159896179,62.328261412835076,986.528443413804,21.182763306399117
23.66049533457786,65.07243843338003,90.09626897799879,1035.9278043980698,40.49767461948635
48.40967139573608,86.68214856884892,56.99954192099505,1007.1388504858087,18.13270770032156
9.276275785156058,89.39730574625047,42.35539377887154,1024.0668366679213,29.17881203089332
43.43115839778054,91.97925717794362,38.477307857282526,1010.0612343209375,18.402226961392884
38.829842639587085,9.48491932531561,89.94015013474689,1016.2616884976723,34.20404785506735
38.5460922322026,54.41260019631009,33.68086835345827,998.1664155414015,23.92969620330284
42.239161405844385,74.05095212183186,54.0694848706515,992.021618240207,28.371587191130367
38.05119954714994,75.69268451270138,34.97384919415576,1012.5542122044841,15.540123817205812
31.31101608157077,60.67162019700039,81.86432320915003,1006.4131383782601,34.13004509713648
6.562243884119379,16.678733518367416,57.94981119796952,1003.406792806036,40.724854366775794
1.6263089745625958,79.74205539416643,48.091495244544966,1020.3540317056774,34.667525836733404
46.04239239078434,72.01113335149458,48.887971250117346,1021.4303979206682,25.84719544291666
30.832515726036902,8.613577154903629,88.17713653783835,982.7552033654758,37.75704924076963
39.826864548808814,46.380982467437626,64.30191634355505,1000.3246696546204,30.20676954276777
24.076117575627503,17.39773995218036,77.42942809050109,1004.7058730135826,41.06524555379626
5.865409448119724,33.74770457129719,91.76308130005476,985.8135296698501,40.56451349493655
6.259289610127522,1.8081092205685434,92.13933408325136,994.1540520018973,47.88130065149952
34.27826436144857,40.032986841075825,46.28072434702905,983.0985078333654,25.80336278012635
21.515294744973133,54.987692115621044,96.19610105171083,1039.7745259170213,37.34813914244352
10.026236335016836,61.95825928270868,21.990070561168437,1024.1934321781907,27.708375416571503
24.579727337071844,66.34903451287101,50.146844881293255,985.2470093901652,30.313547288073067
3.2104468537567046,83.629131310246,91.66390860070733,981.2149627874055,39.19606190379387
29.09857009571994,21.546290727573002,41.970950385358634,1023.1572680091368,32.587307988096626
13.449670221754884,12.048182243846794,41.84651602570547,1006.3515299409601,35.81670189728513
39.87795503185941,85.15371718979256,44.2097828065511,1027.2078025438745,13.416260180971452
15.518097946178688,15.661281489264988,68.98507078775378,1035.408562269103,39.73121641126356
22.76100745409006,97.47600813361953,55.06662204914831,1015.9580233409823,27.06094050038701
0.5810269954050318,84.2538229398637,78.1387869082674,991.2265053750352,38.89863743690024
3.622344389727944,50.08766058895991,91.59285140517326,1026.931642162787,39.95344520978865
19.62467782033424,98.14214249220252,73.93594999542884,1037.3487045904624,24.89840041247549
23.996941735856176,9.737672910800422,36.35733761580604,1014.8138772235974,35.44006159947735
30.001027405965186,30.306576117510165,94.61455218884018,1020.919846836844,35.95158114885149
14.583128935465162,63.822441504061146,41.15942986779828,1000.2484817022004,31.017921521593063
34.74909430632713,35.00068684731787,31.99154362625265,1002.8916616796187,24.264467401458866
43.00611985946023,92.83725519807918,27.197382308876872,1024.079269871184,17.08532213724125
38.99254944466749,6.562608817781756,65.07069925329324,1035.666265904409,30.613477751224703
1.9809412674178573,54.941183206096454,29.100996998452146,1017.7393032334611,28.5311169678329
24.02534736289145,59.08662673951145,31.10207072901046,1027.3908745091207,29.205519520558692
5.246508920908743,65.27281237772242,44.00243844763973,990.2981010449224,30.02949343286894
12.102250793126373,25.566622333181442,42.532240774757106,992.7175454154784,35.60660695774113
49.333129663357326,36.45664275198644,68.33916082657139,1011.9220812100034,28.836013683490325
7.124777145075662,84.36805296649777,85.33962235781452,990.5932515345704,33.8445063661757
24.944407672567802,19.494276897015983,80.9079724962314,1018.0997042132554,31.786011795362953
30.907786715905956,82.68678471733621,40.99875637731814,997.499191123682,35.42921086183121
35.1232485272052,56.26554229027424,39.624839838878394,1027.4919571200135,22.431176951315912
27.982434174345705,76.21875111940821,97.26332240855741,1028.4866207968605,36.99971120598209
0.48854237095918296,71.36073662634715,20.65889932735681,1007.8272473453212,40.41006121993809
16.323065412199593,20.7511495384879,90.37764264481726,990.8486381022581,45.09112331552855
25.885582169235573,56.88127364338729,35.9782815297924,1018.8064976649159,25.55685612352002
4.393324957241668,86.77231528050923,95.78274584718143,1039.5672210958153,39.56794534609455
17.53134656045904,43.211623680192936,47.38458278620158,1017.3554538765515,28.45119406061002
1.6601554395683282,96.65907702233167,55.228141911460185,982.1464814428405,36.91167871626087
3.928924857751037,45.221510010171805,76.56964911555048,981.0376385460249,42.97672522020402
19.846163810079805,14.278563666788468,67.01352411786083,999.2217182295384,34.82262838125839
6.635787702153017,38.94346800776732,45.43514637654582,991.7470284116243,30.294255377799498
28.37704241307791,95.17024063905372,64.30647326942588,1028.7830724285984,20.325326962838645
34.47324845686329,31.97208493398542,78.4565507490309,1030.68834002216,38.515636401361306
40.029334955454146,86.80981598670628,23.38679567219937,995.5171262786286,18.07044543587341
10.007512212240504,88.12506816818897,20.89594442045633,999.5386866169936,27.12532759658103
8.374129112953488,35.01865243319611,56.6453551258313,994.1748180629069,32.99145252361539
5.228392016720012,8.325765805063213,30.546929424281135,1034.5029528422758,30.293488768443332
31.821512477181834,72.45579091588182,73.14754331717715,1010.1589600773369,33.93634573793874
35.32378632434506,31.1512299013986,37.124196498194735,1019.3682226449212,27.193930225170412
1.5793072412821019,78.29236142575724,54.628088543653675,1004.9289252019762,39.26593677091532
46.81061231218449,44.26548482604331,35.813674949941515,1017.8608516102719,20.06987046585917
2.5985641825736208,48.52667423426216,63.87868685992996,1003.1513226033042,37.568503587672986
27.06481676505352,77.79094067485369,29.284276750765514,1000.3807062637535,26.808207423991632
35.453025972545824,38.23633310616279,21.84854822299842,1018.0688043904088,27.580857617130533
43.54845618730428,44.31273453229145,24.090531048535773,1015.4637246829393,25.154871954948494
35.70434660662139,37.619046876962216,96.3406753212248,997.611677250077,33.19411990798914
40.08640415348959,36.734051527728,31.382897488874868,988.9609070191684,26.60006255314926
16.972509627140305,52.594657690145944,76.67826025094682,1002.1146016302882,41.4783097404747
40.74125568732561,80.87994445011508,25.434096337826098,1004.9118583485146,17.81912040802734
4.005742319233757,36.176831192256586,28.652828178814573,1017.7210600054763,32.00549779306566
44.74083280302638,52.42547205377367,60.71010011274677,1034.8717258182119,32.5928905035748
27.37961880768681,67.07273254426008,57.18967441234749,982.1710878519755,24.768485354403044
40.864888498124685,26.9439446303655,96.12642475518956,994.6196607525106,37.24487840142708
22.615914225915006,27.752280490239258,95.58683624165899,991.6229565367736,39.05837069758658
32.178884759826246,93.34131270234548,82.36869140339721,1010.137664521627,19.1024322203369
26.320133046805662,72.35345733310886,68.16814641018797,1005.7820484225896,35.5924476200203
36.579476087766594,57.71866762233089,56.396825391440885,1023.7422574292113,13.139391221000457
4.081499101529479,64.7720054420612,48.49428274627368,994.5449547526919,24.282750898541877
3.01760419952819,2.9299443103418366,95.76700375804444,1015.6699019449856,50.8568233091171
12.355161700507322,61.81029655616969,68.23270491397484,1033.0314358159976,38.38331228103759
7.977234005659417,50.95088732242019,66.32580221487956,1034.6406643950984,34.70552539680637
43.589178329610085,54.574967977943565,38.552089741513186,1037.5270762835019,23.478215141735856
10.960699367902215,35.94238268308171,23.735825430809044,1026.3956691247993,19.288688889548485
48.79326279095657,8.14738977129419,95.61508638076356,1034.3592743755348,37.85160795256184
16.844789588555344,19.33392336120522,45.098820707572315,994.0718523191165,35.64805837509904
9.105895784434964,95.07447132126717,55.4071218659567,991.8548566610286,30.42073527898789
39.484925357123956,40.8699562270934,29.171195486856547,980.3892850268315,22.89519920440745
32.935388775043805,46.66831558308642,86.95394639274336,1022.4106614457459,36.1501278779698
24.90978582265695,5.270978985343899,22.21054662847445,1036.2480312688247,30.652001356826883
27.76817754688156,3.756622954398059,86.71926096792772,991.2161207025006,29.495818486078797
35.96008891361319,71.71814470467577,31.22280102303734,1018.2166145256127,32.80957247202893
11.422737066564936,53.80946641211113,90.92512901049217,1024.7875855533066,46.070757398601614
49.816695802837096,50.87059842162667,78.38181098689259,1035.6568541088834,20.753616837423618
48.73965810733915,24.312453042266867,33.173621000584404,1018.8116134410333,21.313446530096943
32.516284317346845,74.47507316299222,65.26543942875745,1038.2176239649252,26.911604831328635
9.977122546457256,16.82365791084919,45.01250514841756,1000.6803884607529,42.224228819000416
34.01141212156457,18.993474366102003,34.258647912926676,1000.9957120262844,16.99959567778628
3.609920448958792,46.07121713482755,88.73457595288868,1012.5807506008607,40.11666223463118
1.5326251102903032,28.62798621119409,52.28182132057835,1003.0101128669544,30.516707084531824
12.884144425560685,24.746298123314638,51.8834971492306,980.085543697252,34.35888472718827
23.131147836965816,64.52376445533316,33.5909339845296,1023.9063215052192,24.50254126573624
43.413625270419026,65.09717452185446,50.645254086862295,1025.103022488709,23.703513866405935
36.3584534883154,82.45170697999292,89.72934770630802,1024.8184762812061,26.518692942030494
37.13532605999905,41.77085669729759,49.05029683917087,1000.701239996628,23.038768881126096
21.27466672240377,7.308509102615024,96.12828499998304,1011.3373683986703,45.37102264980396
17.296749627348145,27.366638492145768,95.704711936671,1001.5984110906002,43.475349979606534
18.551938149230136,98.00054631968169,31.591892744587682,980.9621840018388,26.48938322887893
49.38247818680289,59.62585752327021,34.18490028181159,1013.7469364762851,18.48084411097534
2.005459570624124,70.97370848010203,89.01392562655113,987.4256399650407,37.28290001296009
43.35157480612243,0.7357829625414536,51.42087351397754,984.8024794454865,28.47586746781163
28.93377042861967,51.820573218252086,20.349918582640747,1025.3299441218073,26.942708569763415
21.930770959479524,3.7528657531803122,41.90974557642968,980.5703721450864,22.799452911345046
36.262883020756824,56.9230212091448,67.81031945564479,1037.5405066165235,31.061750675389952
24.333447071235142,92.07708496360753,83.94127727679745,1010.9153218467546,32.5874463473974
43.67116190408303,96.84191305004079,30.671089367460766,1038.980985842369,17.64549777616614
45.035093200562926,54.055267538892416,28.84330915333883,983.4798543483626,19.07347163655158
21.08604634367277,45.8204805252216,93.76741228578653,1015.0117729319547,25.366888416221013
13.841389861752578,94.5017094248494,80.0918694258066,1000.9596221585547,30.97111864052934
29.61751642966811,67.3609831996695,67.18236806224627,1030.608949568857,38.75537450723356
45.61816728083455,6.489927953840946,81.53494319967425,1001.6733641140572,32.733772260439345
10.533109450283328,46.57255776674975,54.30834890453107,995.6292547434409,33.445199625414915
31.148329178174137,24.02450184643039,80.67645978473013,1031.4531876259948,35.8081147600847
31.578011004626028,46.98043214486815,49.744239301962864,1002.4791854991956,29.85363743254376
36.65565112076405,45.54655720063617,39.52756579940819,981.0099991916337,28.03208502089839
6.57838425636299,58.2144802814742,78.32107370343749,1003.41734605036,37.617143855676794
35.79124823410443,35.677049034925126,53.57378337258147,1019.2713361406566,30.981012866944926
45.45162603328205,16.427044945592804,98.51016834609558,995.261572328383,42.5268184077449
8.984155443512098,50.37194345899563,47.95881458464808,1005.9192555455095,39.35102031681779
11.877166246193882,83.0202884345762,93.73819364248527,983.4029082969336,48.30510957428057
48.56975470208198,66.40122280676023,94.63700388536635,1015.2855674908375,24.746361449562503
9.048847635474488,33.836786592521584,39.348235765179695,1025.3776954316236,43.432403861024994
42.71925466847895,93.55230227588572,83.85769452704108,1004.7987536840666,21.290254424992263
24.613892822401738,91.22075712491822,54.64596041156521,1005.2139579680876,28.302760395586503
12.361553720158852,20.934839938409876,93.40197817842784,985.296949915095,46.31666826136792
43.53749506362557,3.9417585120362975,56.0099418108191,992.116451870719,26.97450997922358
22.265262750133274,74.13087083507622,79.54429738698929,989.2805181876747,32.80441045062566
25.74086769648451,82.76102613491533,57.35739273310383,1008.9012661196923,32.07557682218174
17.961668469988286,96.78645659513553,38.22406045702849,1011.755332457045,22.090215025625596
29.64754257174637,88.98363940883107,35.948010315574905,1036.9364078770557,31.425220290208564
8.176193629251138,60.053476820641485,54.03449554050765,984.393890256634,27.151863241732595
19.554076832588034,53.00523392123808,80.4395725611372,1015.9920783893028,45.657488223698344
48.470616116764376,2.784105126258629,68.40571881446135,1011.5899116396945,35.41969138130588
12.906671635056377,24.665644684477783,75.09034319204346,1010.9739858761498,39.43583735572593
32.83683322706461,45.96147517329264,42.586108058555396,1032.3895572429697,25.3151688120104
16.259503211234744,62.85039000835678,58.51482767660844,992.3323082417292,29.66583903816463
38.67365628433003,55.725183331841066,23.55162119754616,982.4463964604823,20.068077689073384
6.543683035917491,74.26359896816905,85.40259327664965,1020.3362904580515,38.32517068532219
48.491052253927236,27.976693088704085,99.19137297918996,1000.7094478481588,38.564041151965995
22.68947706918196,56.49526076524732,52.55032500997367,981.0553949727515,39.63055795559468
11.802523167323198,8.814224339079214,20.877092250523468,995.0824404374248,34.347932865492176
3.6748373665006326,41.366552358320696,33.58341116407579,998.5596064530087,30.281454917942263
8.487895254377037,75.0160832954601,72.2021502200335,1017.0103026070545,33.133921476106025
25.988697427800883,69.3400853429044,68.96634545630874,990.3551476429564,29.24598308561831
16.850158821564314,99.0642737172179,83.02917756684352,1004.7832608772039,27.177956307895638
41.44416829413047,27.7891125987756,40.310720876885455,1008.94852666507,19.85870990618062
21.544376183090296,49.81892991739792,81.09055324377073,1007.5542434818454,46.09509807140077
12.435713629381496,32.95304137739967,75.03872172189358,1038.436446000007,41.25158658146103
30.8572493302015,44.060311405917474,45.82515981710746,982.7302542674178,23.439507449860546
35.33886084427229,85.6950129869388,63.63905184455696,1037.0580911871439,29.93887790023942
8.352095395047494,68.42090751884867,31.781904679866138,1014.916232839642,24.566160364339417
8.380960814415882,88.24411913475817,56.20516027484661,1027.7436628981902,26.906886902034948
1.8335713466771486,20.351110833188645,90.49578716445127,1005.8235570809645,41.830444723643744
36.82010075328203,87.3361117841438,53.69531038603127,1007.2302728754188,31.431827015339245
33.190226381090255,5.976227417838443,87.16533651803375,1032.7595899409494,36.65090129152126
23.731543787490693,88.85992804371524,67.22026922077555,1033.756069777514,17.284170903535454
42.20852244845986,32.90737794607279,35.35013704818854,994.3213328858778,30.025982351678564
40.28350764750266,31.458763341406648,66.48849957583171,991.954512715077,27.78952974147305
29.267718219837608,51.20885766986639,60.478666332565076,1009.7741104321971,20.859040896198753
43.41356402566293,94.06901877232318,51.89130681571072,1034.0166216276616,19.189639930161594
10.292060501838412,4.778136468140537,29.570435161285626,999.3413056043706,38.2019790719392
5.595980969886394,35.22309750707453,53.33669310777839,1019.1208769203479,39.94206329556519
13.487480575849482,85.65719886833357,25.820990099170167,1022.489101264436,35.443041376400146
2.854342804465743,39.60544774354668,27.901524111900102,1026.7204798936493,30.37895128611396
26.5584764000516,19.9156897597067,53.27332263461728,1013.8354674752578,33.28219645003646
46.830284614748074,42.47941813314118,44.4305185574771,1004.1473106967381,19.692650406925676
1.9671770334254823,38.55525014916693,94.04354606897788,1038.0209593279383,37.450308501025
6.10549570050134,91.54162014667034,50.05646443042164,1016.6798451981712,36.02389270523901
22.609951414171764,76.19343757430971,80.62864976576802,1023.7139126979962,35.22259438288023
46.69375087639524,50.51155557440063,62.41980210929942,1000.6989707417526,26.476061159365596
15.807805248837525,98.8370566721571,76.32685349138683,1020.1969508601848,34.10087076533797
25.361740434419623,46.527753127592334,40.809278641231934,995.4678597298475,25.08208728425452
2.078642952519605,5.823783082027523,95.35239782706633,994.7058150517182,42.702529344544715
7.417160048104443,26.22743218149849,62.407079753153916,1022.8833321085656,39.89907423341002
49.33150614794234,43.60704802193126,86.50592570281998,1011.2836841757761,34.58746290442076
48.25593482180228,15.690262414612011,49.203655478089075,1020.9965966253434,34.535059243486074
0.24699904672048079,94.7565126324043,28.016907924041963,996.1663094448855,33.2932749342846
47.590589271161946,76.68488978177731,73.8969318176679,1015.9234004634038,24.343214156232428
31.95599689077502,26.828720042777267,20.62077186699396,1006.6360189821868,27.045084735182275
43.39591472600111,59.08045335179158,58.02343812524066,1015.8176172107317,24.891017606648102
22.736992781692955,72.1449157109572,35.42415221331674,997.4527839346532,20.83737240658983
25.77980142896251,94.1278928906798,70.19004035482897,1022.9270578189474,28.703554382899274
24.44232901284601,88.16353491754107,98.35358985102818,1028.355761969568,27.236967433495213
33.34321287730522,51.51922261382137,57.152232505651675,995.5949884314634,27.449462389388117
6.982562737815645,77.46526197930176,85.39986052205333,998.0372335913386,45.8499542838415
1.4986794936338976,56.2144753827585,60.62273495608969,1019.6692561831455,42.2700400946271
15.396497079559545,55.27038900455401,59.66720248832193,1021.7351104582126,29.363198636906628
35.23403813683233,11.47419583381919,94.43387945430223,1022.245981063847,37.27022516677924
10.092672606147419,12.613765801615207,91.19726949973452,1020.9619102865502,40.37776870991174
33.67162166624587,52.95336150224574,82.86403721503795,1003.5684630171523,31.531583351614355
48.49560230536352,26.886154497900662,43.70046026534273,1003.6912204642207,29.337136390309517
4.69503578947092,2.103690246046863,63.60067325791525,995.2890574186629,45.832042067164096
33.630105911256315,72.28392039002122,37.9117786644548,989.4100219937818,35.31826383089152
22.187510965228558,3.248659669016496,55.51333584372318,1021.5546427638144,42.4793609879024
43.40711271887527,59.52768411040545,58.73704526078325,985.5913271583388,25.307483010969595
8.857489472369295,53.91937941273144,86.53120321354648,1036.267537207207,43.78159631385864
34.63129761130823,96.88146905778045,91.68226922599945,1029.601178220287,27.994611888218465
41.90576448240551,48.421313934764164,53.16960499171823,1031.4503443974354,20.29306566307589
47.230710973701164,6.360143637779736,21.416355605858975,1034.4001288769114,30.364111153966352
34.16240141448229,55.16879678064617,88.94190718314837,1004.5162982433944,37.45096932458908
24.858738200421364,84.10961706161014,33.942294280108854,1030.802043401024,23.373530770779567
30.892362010060694,99.68492842814399,69.75055711123147,989.483678017499,27.125734365858786
43.44524922393591,43.034317368907246,21.997672034730495,981.2985076764942,26.53331039159199
28.530487331941483,32.02987424967425,51.96051802084514,1027.093483679831,35.545570883203624
1.519352984841843,90.66532969519989,98.87682416922799,984.4877988798164,32.423434481759486
46.54743477534889,19.124212907612137,28.055488088304248,1039.3114800395554,25.07600119811999
34.476337551578055,61.542891503292665,53.895452159971384,1020.4877857760933,25.898725496273073
33.82566928886233,40.57144241809477,44.57199601519618,1025.2069826145264,33.29009752179518
10.783757619885858,4.108236495555529,92.40704987106115,994.7482313766719,50.0052848665846
32.94427351163286,34.72884743056978,89.54720863258841,1020.4319236351813,41.81759211193528
19.693220282707923,26.52285225026746,39.0159008244983,982.5931962352975,26.094526044940537
32.561648852074605,68.60911539434869,26.495022964034494,1030.269543195416,18.769680443175048
5.3296515153995365,94.87904976919181,70.1710715248894,990.1774455818943,39.55282138950945
32.8922652301518,26.804718737863777,46.90949695069678,1021.8414840100262,26.706873703260893
49.97068628853333,81.14659391516817,73.76675124848504,993.4688300739637,14.961359106103679
2.4106019430278014,5.535981693840952,22.569580485425156,984.1071901655625,39.193784561902916
48.858709211065865,53.81210100398132,30.67193881419915,1008.8896207129636,16.74366817134139
20.345398036143532,7.055006370989458,74.90977862181147,990.1571726163673,47.919444049199065
43.537672516862955,93.40329911306394,36.98965242419982,1023.766639299593,19.843071753198867
39.11927420291367,76.63512805573902,88.60701406099213,994.2539506030091,29.318132487969326
28.35081304933339,65.79499112045923,24.687271016810833,1000.5483533741498,21.523095235079893
36.92246046256633,82.38963816246643,37.23855862284597,1014.0463550758684,29.245185609562583
43.9257780650674,64.75197955701631,99.88481987880549,997.0980966546387,31.80452583914085
20.20701608255165,96.89443971742911,54.64608820694341,1002.6792869725977,25.196452583204024
16.351658078161936,71.39579478647715,76.23725308357149,1028.9373062624231,30.738838652660654
33.379669278179236,92.46586095822468,34.613043908561096,990.7525909736615,20.119156253660066
40.39229709706293,51.713189201063805,68.78949879884303,984.9320953689161,22.57982449220549
38.11425673883079,11.706441298186265,78.08848546955348,999.7014671079811,38.9867682195195
39.89068244293173,52.81777214230171,45.15813086932084,1005.4626060208327,15.332279533583923
21.77916574064665,12.68728280630933,86.31176895807022,1012.5595569281941,39.43790833778414
40.89171080875108,59.249347917640506,68.27340627778267,1002.3454217705005,29.886139068127704
6.010452768530422,48.24930605276629,51.12984076920242,1027.3947020133683,38.03990082036025
27.224454898042477,62.25753978327817,64.61139146745268,982.3591692601084,26.099386792501164
0.2879330249060785,1.0046981054831594,66.14086779487394,1005.9060522919135,47.89369503058196
16.229291495013516,19.484049165536412,33.24282341550928,1002.9353548793842,28.537741302926847
18.323076743569892,49.13304319121309,52.21858958935729,1018.8547094484115,32.4277320026955
19.80863458046277,95.05035615891349,47.47444704155945,1037.9765751138439,30.43228042838239
34.773360334493105,38.360904035515844,52.07221780633009,1010.6225243977317,30.8097485524702
19.427905063517287,42.43720260536347,80.88884707882063,1039.2126108165032,34.21029244146429
22.43468113112653,71.46960890066222,58.603072597333814,998.1349636947918,35.60326751691355
11.877206543716373,60.3792757286118,95.22529225914114,981.8520879525477,39.4932189193737
18.662589581467003,29.892615009833325,43.49411306867489,989.9397900485848,36.189851440545254
11.363481363157574,41.08163955674278,53.25628626279432,1003.7074930864741,42.930889469893316
3.659796188422182,21.769979885723245,82.95654483832331,998.9800345513131,49.47574831554882
30.172429669068894,96.60214591302085,63.68196746566002,985.8232478590027,30.89746361666152
33.410639927750815,13.063438155735973,63.76225171395582,1005.9596064614431,34.05739374167075
30.974517300480723,37.18367845664194,24.26721304041468,1000.2869462995737,29.344773450797817
23.17470219002862,2.583897222001119,51.88797301747647,987.3571532274464,36.12752151078328
18.989289008961492,22.17794919335464,41.6586985937386,997.7670278367145,26.9829413848791
43.16668247859126,78.04711383801549,99.94680982648923,1033.1861633213234,31.154747575546132
25.954089256810903,20.117523228887947,44.66840565058482,998.1229319293604,32.8865453049352
23.95909388148655,8.00634025289656,90.75972278350908,1022.8373253945231,43.74098954329029
1.2821032903217844,47.44531798445233,74.0986988032382,1016.7228247794653,40.42011365446629
17.06239138130782,0.9969234734518495,47.273312735367234,1005.6308697445023,32.91792675963835
19.009780939292853,8.476615442633317,63.482750269929895,994.3415382082202,40.88117789447884
19.941139044845023,80.76258695629751,87.2428703959355,1002.1408819607567,27.244286353260954
29.008618461366613,77.14733448596064,90.66946384247295,1015.5264328082626,39.5277249248125
26.680127336343922,91.5138820404896,32.83151000049162,1001.0451928849614,21.37311364679587
30.39525463967223,85.45154359107495,47.16585129665357,992.8937860144539,25.236663524058788
38.244163077106414,68.3175563239818,46.817854417085734,986.9877649334979,25.99021967211057
40.649286935804675,5.233285730066283,23.363583686075575,1032.786016274574,29.13558344887574
35.90615381132472,78.28486179866574,67.85902078815172,1006.4187785451144,19.40197486610238
47.77618479774674,84.55108108405605,88.38560423937504,1017.5124993045758,29.680559976989468
0.9116291338180815,79.90821457719545,50.525951026041426,1009.4246216682083,35.75884403128677
9.788899284177305,50.847903530802604,79.20287559873415,1032.3539911014777,36.06974410071317
0.378143748907106,23.290183864948165,70.21603308805919,1012.8160911468926,39.33793052025021
32.37373570773015,84.53299756887267,50.051898839440064,1008.8468850769468,22.58903664796441
44.90152744749935,72.71628097401384,31.284783959383766,1035.4760594253028,12.90644401770997
12.174114828814965,98.07611743888516,76.74590822207739,1023.1813757627212,41.86700451096815
46.35172723981533,15.569259775593292,88.36521351529923,986.6929944408114,39.6969543923239
3.0133695144780424,22.566458305205504,74.86835939211934,990.6622676718089,44.881343582269814
46.72180134027572,21.17981498815027,21.430278722785445,1027.2273717763665,21.24757526133695
17.58113436198172,79.25397676213368,37.2986315512793,1030.1510792707973,26.752538393612976
5.071041422460826,18.690729645011817,25.558398790682553,1012.7114497454178,39.22793195314115
24.29358795931628,6.665982982330609,65.63088796609814,1013.2673136719984,45.684439279836496
12.838828386025398,99.85608065856286,80.518214307233,1017.9159777710867,30.486811421859063
14.243645098096142,2.4817211445149145,28.846334965492755,1006.3469464569583,29.084693316966124
15.364498246314328,83.52440601588657,87.06702564747081,1020.8119474090342,42.99270658779471
40.15129489163317,36.53668415506528,64.44071827163866,986.508875453985,19.501535428906763
26.958063833762726,84.16154597578152,75.197520971338,1037.6767545420432,25.226935447571364
15.565384957800182,55.4620491211145,97.7121478886917,1025.0092894276952,38.44689810985189
30.51668916554592,90.16312294863602,26.694479059815784,1017.8704522405404,13.128094520230642
35.80753371115968,92.61929864146266,92.09792183822314,998.9793234205688,34.090830080683666
13.631200036676688,0.9098181280775997,30.088215678992746,989.6573292474037,39.15056346551172
20.677455076267577,7.541217599278827,51.43670453093458,1004.5605778297366,32.71539281735018
6.0943046668473775,25.035872957085548,88.11509570648914,1019.6946044344435,50.41734834478821
9.057467476734015,66.93154163635016,92.50033893902946,1018.0225846053867,46.811570268326065
34.05589269824914,88.8272196511506,60.50973388361163,1002.9584693039343,24.210286452580313
9.071917384781347,45.994195129396275,67.52837106203401,1016.7971836299878,35.630863715690786
26.258169183353008,60.697311627426544,76.65178676788457,1028.824897734053,44.16509419082758
35.452313086121634,18.849985279556115,86.62069347621713,981.5770863402564,38.44976240486636
5.343846154737192,80.49668338816853,29.72089356301329,1007.0372628758165,30.96768037157458
28.365610981445176,96.73281113534698,84.8055446583382,1025.5133137080074,36.60586329814069
12.828139185068189,26.85989329145975,58.50209204092934,1012.7686682278027,38.74590926104413
48.14634376187899,49.48259516005463,56.04987400865352,1019.0885652757443,21.608986832647805
24.177282335996235,8.61161105063738,53.911980159759864,1011.0005835563205,35.333261691665555
40.299627488757906,55.91366564629684,60.736926819683404,1039.5124726809386,32.152805101912904
27.511327107813088,50.27834418466806,95.60404427156828,983.2772921893423,25.503992101965288
2.170626642740958,14.44364841550776,63.85630182337213,1009.4626893063427,40.9719925280635
31.657568779701116,44.2066213118075,96.25420306105114,985.4849929468711,41.88518454591203
47.570167110332854,33.410465208656326,34.42321044925124,989.5871337268143,19.523785582490895
30.08059100731656,52.18308753051893,77.93087830661065,1002.9823010250957,39.97733451340369
40.95944297133951,58.565433542879916,84.97916308869978,989.3324054900293,36.202865424214764
44.21032316742039,0.8495578607209509,74.33030650678896,1037.821229957399,32.970272261423354
11.403988597446624,76.10059829495553,68.55378241812323,1036.8073866035095,31.88526216161413
10.602241995411333,71.30142918617408,65.18502248689458,1000.1665787732362,32.773475060509924
30.549049442549585,36.62863862065222,88.87443860629568,1018.3848627222608,48.93435681056664
20.551423490335235,5.2935935568818255,85.73172777316,1012.0251992356272,50.51759898256401
41.99306514333602,75.49325397850504,29.78309769444796,1028.935218830946,20.265878948968496
45.00115616990056,95.51751604781325,87.88701256247025,1017.6467365890165,22.18312040229733
17.671068965135905,24.015159602201418,53.1254895552354,980.0151472694338,35.19149490681939
11.843527948724104,32.35246137370379,40.295746399664864,1025.7904631365843,35.731001333777634
39.026275762193094,18.381288948181496,89.58148544111407,1024.810887277767,28.910635250199604
13.740301777406804,57.693612334483966,54.56198397069933,1010.5833623339888,33.64471942169054
41.13071592568392,15.484139464745494,84.66917521414533,1034.1751383939832,40.848271949880385
21.18691268243814,35.619394346137945,41.07228895646756,1034.506772341424,22.676182144871014
33.37749496457352,69.70130139342629,20.314345713777424,1011.4347006022638,25.165387066083444
4.776765691733409,56.01159830093484,59.636735432235554,1016.4792938717923,43.854896504931574
31.19296623382865,38.64625643279352,28.01826053143074,1039.7913243154803,23.713263327124427
22.588383936861455,42.02496018075419,80.35007644199277,997.9292140886851,44.24296333989404
29.330423158773705,56.21108826232295,42.08601088555283,999.4770345386886,23.170521237500566
8.400710387243171,0.5864727887161303,55.4916517282783,990.9664341598098,42.50962935669539
36.843687247209104,7.8509868453609855,26.96268520732434,1033.7520163494721,26.087374826071112
43.13985387716143,88.12580677630116,42.932739875780214,1024.669303396956,18.38377842271459
10.836990004538782,7.787898909129076,82.51921946068576,986.3385709322146,39.72827209668238
4.785727776008086,70.68035962105051,32.12703295218556,1038.906041071878,35.326298873668016
1.1819293023168198,92.00381641090526,71.7727648901566,1023.857702489667,40.6721356401885
32.0985750221633,27.06836043017311,93.3940682243601,1031.0313265762984,36.711217217627734
30.35470180443904,37.04914370595142,74.38694078061762,982.889047350392,25.94465608381226
27.334870635703503,56.892140584471626,84.88173514337815,1010.29765513653,35.80438895825105
11.597354805798771,88.17089696385847,28.717730344313264,1021.9158972036223,29.299753154647426
19.545299795275735,94.19055872604201,40.058546080164355,1012.5767950743104,24.6340969453918
29.72381675930865,73.9563248111268,91.56310817924728,1019.9988479419567,41.897822112724995
24.83834294295847,8.661976085469403,77.20844908944713,1029.0724438154284,30.765369423787885
49.38927601074437,66.91541555348508,71.1643061101849,1002.4602237776118,12.86910748224031
6.8219876278366565,41.03037218726621,73.101338889736,1030.9201205371226,36.51979523863688
34.75722770237969,47.07009994910616,53.13604434437147,989.7749662859175,30.923850342206794
20.215938405214608,4.914839034517704,23.56453052941226,996.2531633015825,26.364254233258137
21.409980746280738,19.106213934635818,82.75532336565831,982.6007371956396,33.566843038783354
35.87988828290881,79.05136075336478,74.29705889722831,1001.8656086801151,32.0078751288682
34.62180756621848,45.395883304785976,57.824357129017976,1002.7945726894473,30.85615403678625
49.56279968510942,30.166224163114887,91.98076922946059,1028.316235832435,33.10328232736548
6.419714472706262,38.401907396495815,46.89277319880791,1019.1878402173794,40.29871230003496
5.205482469208317,85.43995133256801,43.54573953849887,1006.20335348934,29.16432336017791
36.216940856437056,74.8999017404957,89.82370600635542,1019.1268387174249,28.346099874030163
28.919345850320454,27.231539718108277,83.75901238071884,983.1670010309415,39.61713051362682
13.708033327990293,11.750184021237331,61.19838485186758,990.8162921611025,31.72422126657537
3.9709684494493303,25.19982216440717,30.458779156627998,1017.6168713145053,25.23628231651606
4.282912479821527,92.07564510547337,37.205717717204195,1018.4820091535181,28.031638718017927
44.70954373320591,58.15888378497554,72.49823923270453,1026.4480795224456,31.569312422223717
9.593366235937145,53.34802087447829,50.80329902723293,1004.1799855432162,35.50908110165431
16.16857810577604,59.63935996924615,86.9178553332777,1023.3532457969694,41.716691307888695
11.3328201113494,36.60282657465152,95.99640074657633,1021.0388199536113,32.41863626807287
17.749815291596864,80.71070203195127,84.45095402199345,1037.803602702191,36.34518440828611
3.4711921373046684,52.32862493002498,50.203633839644574,992.9078135854808,39.12380373667428
25.95298954541352,11.674790276879554,83.09491433851392,1013.1007738251584,31.75888962291482
3.380628179610745,12.906512482906296,48.11533387765468,1016.1058665266281,44.28486566273964
40.01782539111808,53.685914650261836,33.36800702125071,1039.9188730960532,22.612044950218092
11.68560409552165,93.65702180708392,22.67145638926859,992.0710485299991,40.46743952765539
27.00059573022553,30.835212167619876,50.8573370208816,1011.3930811980375,20.526581896779668
44.00395437807291,86.95411688592183,92.28474429578255,1000.7711184628183,33.54710784998345
32.54386845235971,76.40955865788793,39.11892702045412,1011.5535781147399,21.46400373123584
26.647889327566766,24.781244290690687,36.521053194382716,993.9277161261864,21.53846250214182
16.21668765576878,3.6340748316242455,97.58566281928323,982.8567427056493,41.17179477928745
16.650095652909897,10.184726514238275,22.000329028047368,1014.3539272338613,33.70102275827486
33.474347759909506,72.84939338474402,82.86257203150035,1000.1512589516499,35.03250066513601
49.706968061058376,19.96697380406467,45.709596459269626,990.916484104906,33.115802792925464
33.09195949246893,37.12709205053938,22.999036549572747,999.436133964682,31.64774655245665
27.889170868501246,50.16991660064248,93.42420321676668,982.9568120868647,30.202113700115206
36.532525511962305,72.54681684501628,31.171386416766687,1037.0265340454062,27.592622766663396
23.26028061418591,11.323122325912538,64.14234269805563,1014.8688748983956,38.5047572714336
3.0071171300392607,40.636640527746145,41.92433659436382,1028.8861208808214,33.36755861033967
28.11484079389549,48.50729091426954,25.215424174775283,1005.3870918528638,24.285321166290565
47.88126422526901,54.08270639715397,23.993798853070327,1034.1988800539712,15.70118422452025
8.765147117882982,81.83606413952167,29.244535906907103,1008.9990932931352,28.678973412263982
34.50024454103329,17.16781950432169,25.709361111150404,1014.4367193320402,23.169993829100612
10.046684432952823,80.78314518266222,80.84464924159383,1009.5076388037594,30.824559948074995
26.791384223654063,69.28784276966522,58.84529618267433,1023.996697752059,31.47612447729345
4.8338224823359806,55.58708141989593,47.43136730791838,1013.9993646561237,38.26949024391803
22.518546812909257,69.95278704025719,53.46951281056057,996.2959354148238,27.997517881524008
37.80816644476231,41.20177389516564,94.31573884580986,988.7323718793588,40.037637461193256
17.378576211949103,13.839758596812457,92.86014501905177,1016.3674633329787,41.0966693637758
33.2455862243609,66.57652402653673,77.25411840980615,1009.3507976928222,28.36993271973773
39.77249803948646,52.46723066856222,90.77459019373502,985.7585418017668,34.19533179812192
46.358890973972635,63.93748005427755,45.57184220700998,1003.7370479475961,20.686974067667187
11.732104092772676,33.799878102849,50.48874608066263,1010.8865853200272,36.05541322551395
19.965795790465407,90.6866577339836,69.09697454833824,1029.6135940295353,18.036221199208132
7.620800666520871,58.736986857557696,69.89007578378113,984.5660633500017,36.83843067254505
49.62417510791876,8.540248429087383,58.53598704098728,1000.9097208947602,18.66133541140263
46.35004839621477,44.980399070442864,52.052627875036265,1029.359367362623,18.62727424760483
26.99785651402798,75.63560547436343,98.89442492869561,1018.9054359062948,27.612742262007973
42.10166471882106,79.41345617322723,85.68989008941796,997.3974993082272,21.75667269893906
26.04789886360211,49.45970527637588,54.79841583104361,1030.7201073213585,28.06955503620423
31.179284400137984,89.4747570831301,78.18339817916548,1009.5976148337616,25.92573791746822
4.456221605800831,26.766843719429755,41.56493546019676,1009.9011134786276,40.480587756204464
37.763521024840394,41.05986972382666,28.01354609898639,1038.595240352023,25.390832512727115
6.3856741817617415,89.859691056897,48.19448204421925,1036.8269901941826,22.298668606208384
41.303381512626416,89.62567164715789,52.23782400987154,1001.5119610021907,21.668804390754868
39.101404383519295,68.57127688246808,21.322969964853662,988.4347477197849,20.710867678738285
35.43723488714882,85.89805471222202,85.18336013087168,999.5400039366856,26.644495579732823
1.8080190262381057,8.877326695623267,48.73547219113452,981.8289956186833,39.952332479076574
15.15641779726643,86.49949762077763,66.43345326241176,981.2460732026235,32.084614979141826
13.155628495542143,32.061990655022676,25.91705498167648,1003.7313281750852,35.372295184766166
18.006820373575955,17.833151242821632,33.999746300046716,1036.4611893618342,25.509424558575073
4.382137338191927,23.936983634204633,91.17549802620479,1032.2814404739324,44.13202875533308
46.84789115155314,41.79685080138871,68.69500223062406,1010.6865700350573,34.56560979997859
27.690112035618814,25.119200460446724,96.02272401363885,1013.9135828702498,45.68603314421029
15.276215532901178,32.0567586016499,99.90000275130535,980.3560098047634,45.798264727634624
19.849075853714172,13.497848607164208,49.74880922664755,992.930069350026,37.44053857394536
22.360127025241784,29.617676555899852,43.90424512666197,981.4864476160631,39.55873370016848
30.029716668030865,57.22838145420012,88.66848441272774,1025.2723719617234,43.403206963347685
25.783971384824888,44.185370809106395,99.88891416299634,988.7387477615898,36.69898364308887
45.96959866072087,34.67187612359112,70.37129873859658,1032.142826148609,23.833321906744693
24.848174145291512,74.6452128857114,83.61125780092179,1018.5994588205473,31.383242726268143
49.607900741165636,89.3509971393318,82.53966870522196,993.7651205909428,38.66226035017954
42.571247887254785,75.6789222902397,48.427176657563756,989.4632190249949,13.607292570308088
10.42552571786679,33.200070211767915,65.94163042056698,1017.6574820553832,36.184033770008796
46.52976073219581,74.44421678375537,86.64455530113709,1034.0502188169394,19.95088201101191
5.818319894273804,15.19801824740512,75.04911010088443,1023.1016131348629,43.8179202991942
40.87248542455958,13.031798809129091,21.69310511856306,1000.9127990962027,18.43384109695339
19.031164673829004,34.562703703615895,46.93645351180268,1015.2430157161189,32.3759534544144
43.898716022253474,80.7702369044057,31.55805572756843,998.6457017223453,8.449508096371762
43.40283450537252,24.634824724230185,38.63777696624312,1039.9489740067195,28.938416526459335
40.296270005881055,6.325340889867959,92.43915819930605,1024.9303513077111,42.494791947638895
39.50152181535307,13.170953520635509,22.951463112861454,1016.8628983854052,23.43270742765056
15.23395695490204,85.87449685295802,37.5840569569539,1005.3955485659498,26.652232707717157
4.045964152562609,63.37832847472876,44.76554817905851,1017.0891374155734,33.42795672827203
20.149008938258074,25.320116336997668,69.35072575731158,1000.4969637480401,37.48038719950548
8.676225749325434,55.52958253281813,62.72813520686924,981.7318903674818,35.43718417546843
34.747554445123086,52.75796224253504,37.461558628270886,1003.705311341398,28.57386222543163
17.304986326889278,65.54359784406613,33.13928537785236,1035.828849174792,34.84680977495502
48.78051004299574,23.31875544216163,38.9438427676895,1017.578065686432,19.896753059306267
32.0486038672666,86.44029871943977,60.202370136132444,985.037342184254,23.665848868109503
41.124028181718046,30.936856208001284,41.694222856896275,1033.0996168037016,30.733328933916653
6.6262336370924215,69.41316539762369,95.80820012861777,996.1324909604909,32.996347967317234
43.10072411363113,1.612464637221489,57.1092177143078,994.6261695849637,20.253835941806102
46.13785952566972,37.26571298941472,24.703681323570965,997.8254581268193,21.96571196892204
24.353095940946794,35.17098179588083,78.34131246693067,1014.6321341675574,38.44254464687109
30.312646887548873,54.348442858301446,46.307623056719166,1012.6812856060386,23.799629878765877
38.24049004514977,7.27362617771965,72.2791145646598,1009.4848252773729,30.678798788327263
8.741931363020628,79.01313737261083,42.36754964185856,1023.0522118107576,27.23132192762217
25.12830382317212,21.778080176756852,65.6594993386656,998.9922638800975,30.517844817052296
19.933151388615656,67.70378148820102,81.77220038459717,1026.9238712943459,38.2614630211947
7.318699608112455,80.32121232440932,94.24069934196432,990.5193007027159,32.55626736548611
18.376721114576572,56.18769562415131,40.890171554646166,1026.9572473446206,28.95327047613449
3.4086154692746784,74.08832067219855,46.78855607991849,1019.8286063150169,29.19675799271159
1.2905953474743492,66.18603122150056,57.141313622875174,1020.9924985728552,29.448820408989942
6.758314457741138,35.55297971520076,94.1739870188791,1008.8932038276356,47.81206069427601
48.15575557945869,80.88585390335653,92.11094854485256,1020.0200919608519,23.82260594590397
27.476476794750848,29.4701369885528,27.19026240805104,984.7878227935674,28.266539481902257
48.291108057661,57.12129177515172,30.554386060304868,1031.093067022962,12.205178255686452
21.6248939165066,74.53977391415395,59.64073418645106,983.3328340092587,25.701623973003084
15.590806654262979,37.89559098125076,28.529541824433878,988.9244905922899,34.11155939458194
25.307093142012206,30.276760761742505,47.646469867895796,1014.6073825098342,44.495671390829685
21.975584431645505,45.934601017282276,31.87083025739821,1024.3646873274015,18.940702531984325
5.283234213087196,81.79634943491536,70.88322841055087,984.5750938607752,34.293841954933306
32.04131573451031,92.99217631456648,95.95963453913294,1035.2458888473393,32.98865359672448
10.80190912547998,54.50834128598901,99.73870162355053,1038.416458928042,38.69722678965411
30.97939774489148,66.14662053236519,50.019290599753184,1016.3570103804626,30.909162355838884
32.51005461990767,90.32736222389141,67.92101096916898,1008.8746073226102,21.986227830164545
7.601242656432405,9.85468514129424,88.5014122819265,1024.483698336785,46.00828279904874
3.067481355533408,23.207857786616504,29.39696582371072,999.7014411396324,33.292183988535776
39.03807930342199,70.89000062515825,75.1651528841572,1009.5958660463064,33.50342181478115
22.99002118846601,82.37444619122996,52.70749293800546,1034.9690616088642,24.829231682037275
2.9081897752737893,85.70290283305779,36.49169282241313,1037.339325514492,29.758424236331308
49.74331585848836,41.51071768549326,52.220289499795356,1035.624146963071,28.93990502562067
2.889028049818332,8.933990229186684,26.07682295719335,995.7468840178304,31.66616039060713
34.75176144292766,43.778147729961994,75.63257188714445,993.9481424130058,31.504255709275153
49.18394626317068,23.07345902070538,40.21941349987625,997.8598703557589,14.554907932641866
11.959005210796281,29.11964549966242,44.91245160359024,1006.4786667433076,29.667107669054193
7.112468434359808,77.22675568375058,29.68650385931702,998.8500447675178,31.22421675501893
6.069246971121444,7.552708602588687,89.17272911119133,1002.4527677443435,40.635432222289104
15.163757378379778,82.75812174807021,59.475542342619086,1017.2382171272455,28.45829164649786
5.052290550532335,42.76690858241691,65.77175022291202,1025.7515406256387,41.79384733278787
34.6080670847066,59.60639311005951,65.55461464758837,1024.133491896075,25.816871892907166
3.1145899065031344,8.9652231235679,52.839449163307336,1028.865414024749,45.52653673676515
25.471106407489486,33.735907835727964,35.40239323505116,981.9310641929242,29.752371500726834
49.83484269264884,8.970091901484578,79.61061987987199,982.8640273807254,32.66982709127471
40.69851347530094,96.15437228811096,30.164501228613947,1027.3629776413177,24.191771459409726
30.760971911550545,80.72616493262504,28.30990322230484,1011.9847293394779,23.524387316477945
15.312681039330583,45.963275435646025,76.81160300772027,1014.6884404257272,45.05961385665553
31.194791814581922,22.36025483236711,36.70696163615871,983.1552116128627,32.87099686525889
26.35207319558258,93.34551052498522,44.54182010822659,995.3188280702763,21.470214417293935
21.304169194518575,34.45965957269718,58.01819736013922,1018.3012582931286,40.437278429364525
6.535518837009974,16.098443168737475,55.948105338363696,1031.5509134066406,41.51206420542536
44.330210762023334,56.31643884539549,76.68633000519993,1035.0190038308842,26.039223920948608
22.489232441066125,94.37741203448161,69.87454347546887,1010.0251697501049,30.629102457158844
9.731125591038253,0.3830290500322575,71.55169298254926,1012.7284539642918,48.331316566304835
18.38796754386448,23.812484325399875,77.12434645243658,1029.9829778641395,41.28589830066005
20.70648762644635,93.84476404104076,43.40901819387723,1012.2574760448413,35.01204372069741
41.37689477834371,17.108596685716204,45.786664944037895,1011.0115115322391,33.13695465966984
36.6807190280701,11.324345163981986,55.03981983164433,1034.3050422656572,34.161223762251375
38.46524468206699,57.01872157998045,44.59697384268209,1027.3959632633528,19.605679365345438
0.5515632214323607,86.18438232948299,98.79502951766908,1034.5443515816776,40.567571689855306
20.807699908988077,47.71098176939261,85.12415411371437,993.0948232868692,36.71543213191311
24.06720758176618,99.45642566845248,33.172375060482366,1011.4625291993214,26.26245950777241
0.9596138411528343,67.91716995379929,20.44753247054956,1030.5483277156015,34.525160483529646
12.99066043725171,7.407490721044773,23.42266145978143,986.6688696480265,34.196531459739184
38.01449115610675,99.28321316819753,39.52507608343402,1027.6797292576377,20.491436910901932
6.8554852864499525,40.78942367801904,29.143302866948524,990.9784030048921,36.39776001178358
26.765506572629583,28.740253384548254,62.667049191405766,1028.4871252991193,29.513191446299622
10.760093600861875,55.787918357788556,88.6396178181887,1016.720056253412,48.04110297800841
0.6060387321946636,30.43075918208643,78.9400176730582,991.594159489092,32.95216387705618
12.060072879977074,8.645750712015232,37.24872504657523,1008.4012507599681,43.289784247851145
48.79368774550269,0.14283430791767193,51.94394048206287,1020.9143099876463,28.07155987549397
40.07685559414948,44.95833529202623,60.63153676250221,1018.0311740530126,32.68936285934609
47.97883221605167,83.68634222265922,84.81646796026683,1005.6348317739023,26.632085113899716
24.392702196318123,57.231518563007654,87.12972824849318,1033.9619917352557,37.177908611336896
5.4868099338751755,99.92072989434408,92.77746495262208,1011.1558048692707,40.012892250814375
27.397974448684646,28.68466456472,60.739620040230015,1010.3520379117213,37.015396418630424
22.718866727998044,28.04550647600553,75.54197971486903,983.7350353964872,34.48163286622393
42.2178541369808,15.97494602339442,28.94402969871497,1035.3272233878583,30.699293731761916
4.904129039212229,16.40635882653352,65.22311679631856,990.6269941207024,35.80177968955089
24.41205685108891,28.51865960100478,39.89534475769081,1011.7006816061933,30.75617946371971
7.502433234699213,79.28400452735272,54.537350802128884,1028.2140560840187,37.485602940216054
16.233796344503,90.57567906364478,70.72404066453755,992.9271966173386,36.25453112039147
36.86785386938998,97.50871697076813,40.55887502830249,1011.6423973982505,22.54939558562358
23.800906468438328,23.228965409645262,24.174804623740886,994.4410945534005,26.824911913354445
18.794414257288466,88.12975456140917,20.818708512700603,1025.5816998679948,28.406679432781047
19.723813928501766,32.82550892773371,21.772762843561722,1013.860470072389,25.73659756106437
22.97233842029933,11.28405445168844,20.66797900110157,1031.3585516237085,39.20430628012532
39.25082719185284,87.00249255201656,28.828404524630038,1033.673480172643,18.838878381891536
44.60423444701172,63.61056346436186,39.15909716561039,1018.9240089467239,13.551889602206534
47.76673432519642,16.47308960810617,37.69772113458394,1023.5234747695366,18.914381067126023
39.34516931276475,42.98312575130026,98.94372753439174,1012.9532059932118,33.95697806546149
15.770344787400637,28.725769487706764,44.48048841671546,1003.065723984043,34.56883371382758
34.40673530432711,73.6794568710197,30.193662668751927,1018.88707538125,31.805108054293164
21.880156202769598,45.341623062426805,63.645003533420635,1034.4973174092397,28.685991023053198
12.733531102302559,98.9279945106385,88.63659643180067,1005.0008228258863,34.61995813605286
42.04357897129613,5.474498225959512,74.24483014301401,998.8646015824277,27.39638600370558
1.9213174481162498,35.50152661362467,43.686567130836025,1003.3062163131544,34.769287234024134
45.08809960677117,48.19001671099774,64.9292927833164,1006.123857812696,34.67629967096694
23.073873231236707,50.31335547483198,77.18847793603274,984.413661738663,28.37136629254401
31.86007384041402,31.593582238563677,78.24835938941939,1009.9065104260997,36.89321586129349
32.96769611028913,72.9240249097568,73.32307642381511,1009.6588548830035,30.713464032241873
44.75588703532682,87.47470734889747,89.66483398204944,1015.3066296584313,26.200763713197205
31.833484108360366,93.8719301977863,89.60843666752835,1001.7692018282798,31.876594400366802
30.69667923800309,80.50933767995262,66.31492475256026,1016.7864557573354,21.96292837891811
3.332602028034498,85.05801973065994,54.38850952889698,1032.6929786164521,42.32816595920504
25.920401097260203,55.05453006199955,71.32562364520798,1037.3282594297098,42.52806287561499
7.5084500408520825,82.58882264268146,85.45696010963705,1015.016732968463,37.58298488808761
36.87168843607428,30.350390914795224,20.452168387294776,982.5554572382188,35.47791943362456
25.611096040633726,39.84787621092144,99.35976072118808,1038.1541598360266,36.74379121386688
34.01138896041766,31.69130138185443,34.63150178633594,1022.3517236537754,29.011372883996557
2.0836450301192135,46.738733544792545,57.619918852798094,1000.1578189132191,45.246622661541636
4.239600802290161,28.557961623863637,89.76237878742934,988.8294620578234,41.55824735508291
35.81616940313411,96.16114422544469,38.00323192353595,988.6051167341765,12.943876585332028
3.6042167999336683,31.284462800566814,58.143617912030656,990.0646643683762,30.994539326041068
3.56283638826293,9.804453811093982,30.606574414494332,982.7343512968292,47.240509710035745
0.6054237617443725,52.68171660504134,51.606106031055404,1034.1292513191747,35.068578888820475
47.82506991497401,5.7099078445176366,34.170836383440204,1012.4460939696402,24.267351760872376
36.875417972950345,11.054316630858052,49.090219901692564,1021.9975647628303,24.811606833934306
17.66257042510321,21.93893891962463,49.87713734341776,1029.6865105560985,40.064332189787145
14.82677906438276,46.43502498821417,99.45366316786662,1027.492460379992,37.20856316852067
17.485161487292476,43.32509323090279,99.58504234430178,1032.9563374237305,38.302510192535244
38.732676559059094,79.96918620027913,29.182902292848993,1038.0352773514971,21.75902140029245
33.068530553520716,73.94746538841133,78.07750234626778,1006.3442368845164,23.94297474850528
9.259778393373397,42.63182939907013,24.139638373528093,1037.0201280001033,31.167320510541128
8.705466766704218,33.37042075756299,22.41536122697509,1023.397396900569,39.632617963806425
4.919782485669866,31.64687840614986,28.426711539597143,984.2400914184847,36.189457960577634
33.015135985066905,77.3995087294009,97.23885256063471,1020.9069872727407,32.75218742323165
38.218633111086795,5.2072406221269745,95.26908383157578,1021.202999576291,38.542432118042775
13.2523214162502,1.2821649510605826,35.51422562245443,1034.3516338275517,34.70457812005527
1.0472480515456406,79.5544391926648,32.93378684429692,1002.3759279482056,41.438729849653114
4.108583373821367,47.71463759890493,39.24280692127576,1015.0946900163091,30.8634904138103
48.39300174225152,13.088113855357598,61.243759526011374,980.7312530607046,28.769107891724236
14.772238873871013,23.556593459450127,65.57637056283279,999.9245145308802,38.362742698650244
38.46115739190668,93.25039530973825,37.727474435155784,983.7346235695269,24.254239423783755
31.23317844271319,85.9502975624898,80.52982304719562,1011.3123783658938,34.59660742930248
19.096981982644795,70.97850502239726,44.76425355221206,1029.0468590304172,29.048536093971634
10.284363109777756,48.22252303373266,93.77050604235282,992.3865615277441,42.199078366166454
6.069320907970321,52.032362619138574,72.53781651653844,1011.6464627334667,40.47224296741488
30.75064840194333,97.52445352839587,54.90809554428893,992.2405181906461,12.482676544180638
38.7316890318894,96.57704438842872,83.19296013622763,987.2413080707744,17.74161102105106
32.19521267705653,21.526904578583427,85.43317008373319,1010.6598075160606,32.931598948296035
26.515106662457917,81.11045663053181,43.23852844871549,984.7489172569836,22.047186568772094
2.0975611715818134,19.72426661670168,47.17716350688675,1015.2412778682793,33.523292960433224
48.42443887971919,21.35374778839514,94.87641229828827,981.8802476406036,35.69427321166819
39.93570958272873,67.60930341645768,33.17928306906175,986.4028983121025,20.71389931522429
14.641101835048238,40.50010985875484,23.372033357034738,1012.9998491292415,28.989987712815896
48.99851646794253,93.15444071065203,56.324425808763934,1015.4844447739348,13.202577382808393
30.094079481816106,8.900973489600883,84.09679201949031,981.7392158056255,36.84825760430719
29.121132910362324,51.152564080949304,81.73344850485967,1014.4026072800935,20.303049360134132
37.4036589714766,91.85215304431212,93.5624503130266,1030.3101515194182,28.15947602743896
40.58848940450688,90.41136604795051,62.65605314952322,1023.3389706376372,23.703422303072895
32.823930366575134,15.652921341574121,28.005173725322663,987.8711062352479,28.4953018609809
6.404787318310001,36.663770009645646,67.09511794688129,1015.5484788538168,31.706915255254565
16.91337529972492,61.912140004669624,82.27164914825693,1020.3351500044528,37.34630746540052
46.404182016302485,15.939488477140218,27.466249621586112,982.2338721051375,17.782255083413187
11.230780592192597,96.80221720457386,33.81259208780718,1031.3208601210174,23.326500956014584
18.608351191875666,91.47493287276603,20.98325289245367,1034.3760438373897,27.434667094889868
21.6038441472098,16.695017903446917,67.49220635574483,1031.0271364017356,47.40428726368752
21.970249484722608,12.115546126098542,90.93875135567235,1029.4778880793467,41.42453480092455
30.646979124726276,8.54084828082653,73.65306528016797,1024.6979119076536,32.148262171476574
47.15379188723538,90.94436640366311,98.56320700727856,1018.0059218769176,27.5873775196432
12.034635591625248,19.362380979546078,25.042692199980927,1020.7176202992952,38.05927324803659
6.075068815045903,41.62849285443547,92.2400868121197,1028.383717600099,46.263305273226294
9.873524492996866,44.8851365652003,85.12546299093445,1019.7499075016783,54.168810956573374
44.34624501046348,59.901104421356756,45.13932163996039,999.6636174009243,18.633498803264487
32.2905406327603,7.173534374742497,97.88212414698015,1002.5576661296813,40.330113716934804
14.295339461958006,22.675861740051594,43.0350198537132,1033.8234481023376,43.06012369460218
40.797346948430864,93.1490386918926,91.14437790625747,981.0273251478297,33.908891420269356
43.0684998181718,90.84101072685695,90.45988616593516,1021.9292348746569,16.992526971624272
42.3257169345139,78.12906474056922,80.6126093282378,1037.286653145513,27.050214807534925
45.94632668197772,1.9401245618215435,65.07763790502815,1022.3736901974784,38.39381285817181
12.612051008668079,32.70067684961021,29.600219969351045,1039.634719293907,47.37225934571504
37.75209643731392,62.79587353429078,62.55773875971986,1021.2526943316999,30.46247783472282
23.026974863707,27.519021177347568,48.543700452394766,982.0617817530117,30.16347965759017
42.099927644503076,90.95866950537773,83.37736265242813,1029.6205928988154,21.06715524976488
36.42453385808066,63.38894618324419,80.65033651974758,997.0777947163591,40.60656838419495
38.82237232498623,7.19067173164456,92.84900058980841,1006.7634335398665,40.08054782093706
32.808091884053574,90.9005588835703,21.18641299453663,998.725514954425,14.719654160268808
8.871438473485343,95.77666581762226,84.72825734584369,996.1132463725808,34.116623573851435
27.251345944846918,7.771241839172549,95.0769642499735,1005.8843422201871,41.71763609867196
49.23348697622541,53.23602348613149,83.14403592865202,1002.7250869064404,29.891491955386424
46.869403324855945,30.336428221417044,30.415556789629335,1018.0003149105554,18.069782709328074
2.1586867898505835,39.283907648140236,26.50232838727102,1028.7890720592507,31.644181806878997
8.240740786471857,17.965121795534188,21.667619184616065,997.8253191912345,25.413242034157328
6.586438672728096,57.807210201241254,70.29961806624569,992.8232691693211,42.58356691940463
36.29899549926478,95.79793532488907,70.37381214879099,1020.0137162522205,23.51876163124314
40.889266492847256,50.30726002716091,98.95309713745698,1020.2192039498469,35.02145094496168
10.675568315533596,8.291458139448116,51.84345392832766,1034.0678743571702,46.277351810669295
25.29263464759145,62.000133347740835,46.55250279179974,980.9567411871986,28.653557225332143
42.03515140056,34.022299445125704,69.9539941747514,1031.1824397269907,29.279120176326614
36.64007723831253,85.59251895912978,86.04869380060751,1011.2601303769014,29.290838994642094
27.111860274592413,43.467814831647026,94.94191596184015,1017.2781253503259,37.16247835499125
29.517384522938645,19.28396089422456,84.24993329432309,985.4822864336849,42.53434926590783
25.418027345813996,19.110562269114496,54.13391844926438,1005.9568959723227,34.99695324387441
14.877422565941028,76.87641807211604,70.79313882496513,993.6381444343115,30.358860037542517
28.251099642950805,26.55875983073599,88.50394613728936,995.2535018049506,42.02870136518233
34.44426510250453,76.7233394159223,59.24877506493915,1010.2457068805617,31.979038706800274
43.666145793040386,20.58873107665994,37.334931496431416,1028.7473570241868,19.064816885268023
31.814567698962403,32.16863687013094,33.57787517982984,1024.6268558086913,35.171903820287014
38.0560768521579,46.54869724396994,20.01261956624454,1015.4599975451572,23.80295897183789
8.00358174772865,94.31958496934507,77.45903959850274,1012.365091565208,36.18947450055946
23.077873720989494,93.17314247538246,28.88777670767924,1005.6383625940693,27.97838055218076
0.4665809913546648,20.68718754222878,39.50712797567523,1038.3625984136831,36.38974615797428
12.333943226081152,35.82190412430728,43.83010652182347,1013.611553254054,39.07519623405415
36.32308575565024,14.939938845377231,64.83038881094146,995.2379838987333,30.09452103969381
49.59049756746817,50.998507931349714,51.83658218366154,993.8054475224023,15.039842816070164
4.9589049793607956,46.05825506946666,73.97391936185295,1016.6811818465085,35.08743314491854
20.074715793064414,90.07601624507325,24.45109274629622,1011.3696516386557,26.44014974680703
40.00354843495798,93.00053777910726,29.915135541155156,980.4618681772828,12.808047686347521
10.201781731444942,38.35673910072921,59.93692028266133,1029.8039223317467,45.48078867547598
27.75424746511431,49.173794301898944,46.95718302774638,1022.247341253946,34.931287876714904
36.65356480148374,89.62362491461332,43.665069020108774,1019.7097573806863,28.392719398888413
30.79927251300895,80.67078077450614,25.36224632300182,984.1268394618595,21.54390680472122
9.401236730770806,0.3656311344649277,91.65753397984011,1001.7233510103495,46.955471070980074
17.769228434286973,32.00595641835825,75.34548689000405,1036.1229356439671,32.26435830303664
39.18958922426986,42.17742419361259,29.729452545571952,1031.7553544804819,28.838823335590668
27.71132570660083,22.97162836832317,25.20367661897125,997.1325762721721,29.751809744661987
0.26148067714563683,19.957161589593873,97.98980267449944,989.4235330459484,49.98930882645211
38.04953800140469,3.7784506595679668,74.4938040351604,1006.9452774301146,42.70182874476255
1.7655677470119535,64.33697250697605,53.39648568749932,1001.3498227200597,32.783286812987356
37.286689136561606,26.251029048316564,76.13848326046279,1020.9335826023595,32.137626745929886
10.12402800826187,5.234717843131309,80.50654291841272,1037.9860886050592,45.648377630782235
47.90367400596901,23.097931052806363,82.39697619110234,1001.7800869989537,25.77707583427955
18.397037565104224,80.19139528361265,58.230184452244615,983.7334503591345,28.672951770742657
16.346580816903955,85.14891816465466,54.39062064998784,1033.856840500543,32.62161289830723
7.444402516622234,48.30662451933026,20.882246741512027,982.2769838143922,28.8267871237308
15.280210774510744,41.607067040868614,94.12456921134704,1037.1659538292,47.40218157049153
43.83253809141003,97.78536935017817,68.26463027111544,1019.8747656805424,14.894268682752367
49.81671688136237,20.05646595880699,36.25231497519745,1036.501352506517,29.571068837287257
18.415476525342417,21.535928285460848,93.56827355371493,991.9795811989387,44.24252424496722
22.430531547727128,29.186717703639975,93.19455214162372,982.4419877152285,35.87604840308304
36.10354691013685,17.275731828108732,99.13473314928767,1009.2925986965895,32.61538184932302
44.30978902325373,37.93655982041866,89.92452505111831,1007.0374048742075,20.881421079921655
29.652216709339207,91.08342269897538,99.82275102560519,999.889536395293,27.73132103697816
19.576284908891466,61.534784062857426,39.57489504986181,1037.4593884633218,34.63494142280751
20.631092042431188,41.19465486122637,87.37996681593873,1029.355023929686,37.84487377073916
34.78090732484034,93.44107945712148,85.84226470366116,1019.6949212825356,34.04676238999484
0.16091318021393408,4.846423247582232,38.475228737658696,989.7714974982697,36.67444262866903
30.979466872992035,21.027617790186138,27.875003920079262,1024.0594044931115,31.54136763749071
17.77465052206787,56.5888605101759,98.35364109420797,1023.6207472819834,35.3866868917108
39.70986656385421,61.55526231931792,43.68196412164883,1005.5040904169605,18.506015194449283
4.649531991156608,3.9557506562613143,89.67134323742448,1035.4871545828407,46.57437382844399
29.410113347419525,40.30387579071322,20.33017237396831,990.0186729337406,21.411645174872895
24.04864449430619,64.91539648308728,21.681984577568176,996.0402537446998,16.49285901974258
32.11627629526137,69.80705464034016,57.26970469570947,983.7934603550381,25.47916305525979
3.2426797241484175,63.813990251626926,39.097174714805085,1027.7270574906552,34.337091496783096
28.999189371406565,32.05632243609246,75.18730267487715,1017.3055631657238,40.800610666995176
28.074229397976186,9.352012359790951,65.24514604543634,998.896418340875,39.83125860392631
28.033004720808545,42.71124464193341,26.198863796039316,989.8288198156589,31.88509608144733
30.17438332982274,12.875443736805547,33.010263705257366,982.4088662017244,32.60164499916326
33.82339686131811,94.76236585206671,51.043941604673144,990.0047341175562,24.236494074199868
40.249449984038485,47.51708660226283,34.84832511643465,1007.1970787802595,17.139922155273098
13.491036006410717,31.725917435686757,83.37778777951428,994.8306181406364,40.67273897392435
41.2524705090031,76.63040711189001,53.2856188442624,995.538930645918,25.588808462321857
24.91278411317268,49.79485925822639,27.474549347399943,1032.5345820000628,34.34574262918898
3.8529139567165585,31.003402401245005,58.74743218176999,1010.908260407666,42.945508316938415
2.92754646219896,81.19677423908017,27.26705448491313,1023.7551183877049,36.50913635095048
16.71191593480304,86.7152151001122,30.314984433585373,982.1426569416885,20.085015056593246
39.24484885557338,67.3008166288677,39.16878656225642,1001.9098013406817,20.51788956085284
35.384046737045786,4.6964422407667294,88.76221641979919,1008.7501608437265,39.29123100296035
39.43074823362032,56.632288016653206,93.96900258663776,991.1850113126111,36.97136079620928
25.86345282208047,76.32949119972817,86.10061834656553,987.2114924867324,31.28119440592792
22.00994989777453,13.650301208358218,46.726177393427776,1032.2182267099906,34.01304625730003
7.372626335314197,22.867075138460336,41.79571528870653,1036.3658976259878,40.67388136140034
16.40963768046558,88.24951050681365,63.93245526321913,984.7284018827245,24.6472398365907
21.700968308693763,2.0121721853074037,77.74825284264898,1000.9411227525466,47.74657541942656
4.430021483980862,75.2727137825976,99.46982305281398,1037.4971376886683,37.158457922703015
11.030597635560563,47.37732925144229,30.525656950314097,984.9897039879479,21.378783288697157
29.91126470318694,44.677215883960685,23.943359921904353,1018.6184823727235,25.313107679000876
36.783155711959495,0.7096532494887176,75.54847111962168,1038.3332822580203,44.22531778644476
49.91737556964748,81.93982309664928,86.57806268031244,1038.6934201148824,28.263648475453394
46.65566656717788,35.98249006365665,87.70790238931386,1008.2733998542246,34.222157093980705
32.12825997675958,54.07656313005429,74.27708392617285,989.7649464669429,30.837656023767057
21.0624026647036,67.73006863356595,96.32126432953497,992.1250588986463,35.17707567827961
31.808868235411637,70.26295764379158,60.88038108356695,1033.3760837074637,20.246075753716095
39.282580904011596,95.59800588260723,93.105183866897,1034.700980259784,16.758291036245097
5.916809546169366,53.13399532366091,97.42497095932184,1016.4727786324133,43.57612051253396
20.495244484814414,39.97195509744276,87.77259656024862,1025.9705839681947,44.84227827991372
41.99011428178086,95.37036264917079,44.78068506068965,1024.3958750882246,21.531618235556927
19.1916475966522,64.21102350255211,35.69725209362362,1019.7092958793464,31.42817473763967
28.593613561359327,29.81503562765556,63.849605198545476,1029.6366172923163,41.26917322265249
29.38846804310991,12.646424540357115,56.24118003041508,1021.1243973824193,35.16131634244726
9.223812656681968,84.25545014651813,90.22066737541864,1012.04013834485,36.70793856001529
18.11177208261442,36.21816027941516,28.0025336853723,994.2173817552894,25.676756006935463
16.725564437096608,66.04697213644312,40.61920490492149,1024.633288647117,39.8142427787677
1.3098354266032397,47.08164193658981,80.14391556149668,1008.4062720702965,44.46133684975888
1.2095881945677622,19.892977979503833,27.59893159818497,997.6875010404506,31.76340692461939
41.584852183788676,60.16866086204651,45.661153121736014,1028.1167765445066,17.803348418803097
13.65354049864062,6.068306895068232,50.97243152431865,1021.8028160211817,44.384346844616985
25.90393831194077,41.334245987119225,69.8075037250152,1036.240373787482,28.844118460166136
14.936278679438653,54.661493966367104,32.65061165754916,989.9264984011327,38.75825950369782
47.03396225576702,43.604697411857906,88.84835922797676,1018.9513570781896,16.193308622390852
12.964837943288687,74.86721752509908,55.80337883730194,994.6543680852906,38.74039704075447
21.482840636946754,82.79249545453125,93.36173695044452,1034.2149791180984,37.138932444201316
43.63651252423009,77.1243074033178,57.429593090714526,985.9699648553969,22.863425878398683
42.09667833959043,3.881294781180211,42.00322071525867,1019.3697083866927,27.53345211981869
9.305070892313866,19.41287704459722,31.34630629501399,1027.465143291682,44.712089080902004
40.13216548978552,53.66075092637743,20.299607576902787,1001.2950704218824,23.940412097405684
22.909344336894634,93.48220404438013,62.57259879878685,1037.2482847630286,24.133813765094935
24.14844360426776,83.49567750521169,28.572535754153876,1031.0438410751622,15.45810657268042
6.673998620797189,84.25345083518016,51.33822109049426,997.6770979810942,32.85321651917539
4.0300756878562325,30.32081937596749,67.14174089896693,980.4524655629599,40.17385013446355
36.39696534868826,42.94478970787026,42.05487175221602,997.7994305670836,18.191310611903027
24.823057617764988,47.070594731593744,34.01794338928922,996.8786282282446,27.349319687057722
21.84253513075898,15.737158334991042,81.97772980874733,1033.3978764500546,36.708467462215395
36.475411432619836,3.1068130244456316,95.74329378252965,1038.0272706952849,38.655185090588105
38.275644949555485,94.69028994605169,28.03523342895728,984.2263991582156,21.3077085762781
7.945408383467678,24.07125856635067,32.44722595080063,1008.277689711999,42.44493905250488
30.511257473882065,23.99489037236313,96.80101258021749,1012.8999199117877,42.50972918771387
6.767704113884276,8.337905376875954,23.0227377449797,985.5746996797822,31.433599134338692
37.56875430145229,92.85077519437786,98.21058692403778,1002.6498625482513,30.813457123843193
32.84775781335698,57.9737114939772,20.3715586467991,999.0249450435771,22.440069811946714
47.8307310541729,66.70368571253539,89.8934924521065,1012.1633812596252,20.787058832348563
3.447900817821059,91.15768872630525,44.586014479019966,1019.6714539839163,33.66235605701584
2.8527360575627156,34.56201689007895,95.08710865418372,1022.209106629794,54.4185876140353
14.109353734660008,62.15073111380841,45.355623090846834,988.2053014168032,31.021703281119265
13.085284186795299,3.879945472888746,72.34450572272448,1028.7768621166772,33.88271989878774
12.348939953599992,18.677252823112934,26.402605581274933,1020.7125217874456,33.69357736009196
45.312729026051834,83.12458050899426,39.38638491629912,1033.344495004803,13.3400098839597
12.477309992475305,76.67683563383358,81.89434771834006,1006.9601635661261,40.070506402379024
13.59748630643155,35.06426914571469,62.29486829430557,1033.6333857633315,39.795550111537175
37.969913120898184,37.681062777421246,94.23752494296357,1031.9464473413645,33.50092720688654
22.486992122527,53.35544335535795,54.30011266730834,1006.3045599415561,29.273644797354372
38.83552784775906,0.02410046851345493,89.58498926511385,1002.8685989175788,35.52088045886185
3.268307878219262,24.124433603802785,55.916434998259,1035.9687208982155,40.4952764155687
24.378559683669216,20.823180860821445,98.33986229615883,1022.9098840723062,36.69211592797933
1.6806800091641316,25.048294674976347,96.78675051191014,1035.6947207862845,40.02410811725815
3.132660172767726,80.59058425334413,46.330936444486426,1027.8184867337488,38.94064845765645
45.321872667220546,27.967385654644318,90.87389363334425,1016.5578463574849,30.38193572403595
6.962268555879758,19.152132205014816,87.80890993725194,986.9511666202259,44.48168155657262
26.621034113760857,50.42634607930315,36.854431786205026,997.4888403547459,28.615406488804574
20.554780130035326,86.56450363727319,69.94323206266158,1038.1305444259035,32.78131369345546
17.367166312942135,24.134970383749987,25.81458524718519,999.1653259228523,25.102757387785065
44.99166728436362,7.853624279279869,86.93685764667693,985.5952921871223,24.830371054747673
1.091169838774475,35.64047358496647,33.96367068027972,1022.4532013551592,33.4487536955562
33.189484308779456,74.76518245649778,25.66517611086116,1024.0402552726212,23.615775645882753
48.16972171067752,55.06905446947946,52.0175276431049,997.1274632172291,18.88760711328755
28.008409173092097,81.67933695743474,66.15377108797148,997.8603187607782,26.275208822244018
46.84112310165459,95.9592147609234,88.39335668478168,1008.133579130527,35.14990374748692
2.6128939643011884,79.26624767516171,97.93940204173892,981.3073369857353,31.119444665146336
20.93966595370807,60.38030788437534,55.15940100558909,1027.3593806216697,27.465997209169313
13.007889548102558,49.33415880523805,24.835753838821617,999.0253272364475,39.09310721846727
36.54104824903649,4.006908634826667,79.92924632206964,1031.2257861201188,35.767903972543095
49.064854524862334,98.43219788140412,65.213860497915,1028.157825296002,16.992633607513625
12.82650312221239,38.348112257504255,55.83130758755705,1019.684121987127,41.66946100051756
32.70873007370373,15.222821391686681,44.74151030337517,999.4924920259573,30.38232740715119
9.904881637987007,66.67088553964568,60.19188222748285,1010.9789936996702,32.60826718753513
28.266512728580494,28.428828909545935,47.09436835656248,1006.6897554558775,31.57695828826074
23.19662433441681,58.57782709310476,80.56094941978883,1000.3329131749205,30.723486619917388
48.60026648157685,58.67679078445912,63.511495719411286,1030.8881773581907,19.349273567716146
30.42636363482333,44.572982090286914,90.14782193232895,1009.0104244746599,34.28918984169311
17.475318604340938,83.61186155450426,63.483513171955366,1029.9633858678287,26.203028156017133
5.704789244396668,26.496706155544302,39.0609930671944,986.3131084485094,36.01777029915832
7.562341436746728,44.86325916177341,88.08735057857156,988.4614873160201,42.739336823276474
11.265846497561755,53.76921285909715,64.57752359440352,1038.6392183067785,40.70803995037591
12.5483330670149,66.36247207672996,36.5472830514849,1015.2661077563654,35.76629241265672
42.53080289205689,78.39718505055895,69.88062479649777,1010.5861804099429,22.806175446839305
28.061139414126245,39.480728287825606,48.617341195394204,1011.3893637886467,32.39104684175698
26.169545568718323,64.6046944096596,87.55244898336527,992.9161264419716,35.882473995794555
5.7384435934608735,15.061095306851913,56.26397909172343,1023.1222369701184,42.053492573517346
43.00698466747175,93.26481005424786,78.11530864859334,985.0868374237853,21.5331595853461
36.140715160424186,38.305880642100355,27.642896610898973,1014.3994227861814,19.361281272700626
3.383418095000079,72.95214219764384,51.68194770418769,1014.246127795154,36.97698450859963
35.39175486148844,2.0341081882177647,98.6593149177919,1034.8513054480106,30.880673258395436
27.176910867132303,20.5187142904807,84.67682315817187,1011.5709686062917,36.128800993822296
4.086267287338913,48.7082544323578,32.79526418935429,988.2237617584508,20.558904155891717
22.915032076432823,87.82524677323465,42.22112395818041,1014.3651955548897,19.02142608778023
24.234814356502348,52.72551499506771,46.385264708508885,985.47965866192,24.478717380820132
8.288727008163788,92.98704822938791,72.02924483963565,992.2276301179953,39.08723744106375
47.284907350014116,48.37968965827963,80.55958075917245,981.866515051245,30.878366366089914
42.49876857403309,49.044909673594994,79.96212870463279,1010.7976149475699,26.526476645865678
33.451116866455415,11.974678850053188,60.78992450451223,985.0719569176143,35.97397384473593
23.11477805003036,80.26562441522198,84.8656430270521,1008.1636627118797,37.110238668666085
20.588277079225424,24.69654124670625,54.96624662059801,1035.9767021194486,34.25500954516681
32.548673357547706,89.9612489372315,29.910445223644953,1023.1856847811599,14.007662857114024
27.271593470345273,91.0824220330396,65.15534733230507,984.6447004535175,25.876914314178
3.113655294094281,94.33101118741497,96.18411076808853,993.4525887325306,38.18000865703342
25.625132438516584,52.023048910309,83.43949211140091,1020.4197451936061,28.612202143845252
40.32018086164197,67.70937847836443,66.2960518153794,1033.682111661451,28.32629186385673
22.961993879847903,77.85158800616635,71.74445282792774,981.9751152058373,31.86647253524668
2.597828877713421,13.10146186504656,94.44496216284581,1028.7470679032356,49.61740433214384
39.31390996920165,60.09571949974972,54.267423554796835,1013.7088328202985,26.745160734727246
10.06818910679872,3.4297901303311673,46.51153111541099,1012.7654795177835,42.25781868816951
12.931041744401938,49.75660833887259,98.17932520003592,1037.4687909652014,40.464661102736414
8.235317671614794,15.48426816202274,89.07545068082668,1024.8586767558063,45.58839455640819
16.51075324357488,18.29229259620847,45.843486769488194,1031.0071320833667,33.4655090031696
37.83757528443175,36.50475666926015,57.102447788873825,1001.23973417268,25.40591752141938
25.96929297519687,43.243716671650304,53.20625032062392,1013.2618424497045,37.56226299117397
10.244063707535627,62.317242453218725,31.927654293714713,1016.9243406456662,20.343848091755493
43.89150390760204,7.442841843851566,96.62554590506073,999.2950364217479,39.691797203299615
43.97909274757646,50.36917612374447,52.3449944975807,1014.214887496844,21.542697110698295
43.52892125230034,18.262513025310113,90.02632661103264,994.1993227687828,29.49281688059383
11.939810569076965,57.397517503174186,35.148498214453205,988.6025402640944,31.77051803673639
22.561967209049406,63.74046122611835,63.82966485097758,1002.43821555664,23.772529691697763
49.249482807043755,55.67092565528539,21.916910809941584,1024.3573777247861,14.092631408614281
38.60062381549952,73.82955104783076,81.13763870738468,1034.9712288844332,24.40122990179848
1.358371061277991,33.56092442409013,66.47311185970227,1007.4628430898939,39.98962858903533
3.2602295630246028,76.5106591633131,70.04716667758021,1018.5694212965259,32.968640201525425
23.19656884061664,43.27670817081937,24.137670604372275,986.182227858506,34.80324710675538
45.461010293078004,48.41844983225968,36.88306641668923,1034.2678255131398,31.46275098410658
26.935089897635713,64.81021272610714,25.946469788286414,1014.1162528141961,14.242779668885138
24.890625401714512,1.835838399922396,43.11314526430494,1026.8202948575095,36.81421975011802
5.273684997831529,65.39942214202483,70.19512061457208,1027.6664720552835,41.99386701512741
32.8390052362147,61.858514907211536,65.29487874539001,995.3888315820864,31.11938139382019
41.105158030011275,30.984711675327993,68.97198572907122,1011.750467190911,26.600221161184244
19.021000375378115,8.579428489948949,63.940101710231545,1037.6287850936587,37.298870186006866
38.78059254626638,9.093544991304114,41.84230365406875,985.3780726892496,24.439001464996505
48.22383269504058,92.32237469852286,39.56059978755402,1020.9829938817738,15.29304241160998
10.188322956384454,68.92793212258371,30.964774682926503,1037.7358446821104,24.14031785357159
26.166481559737065,12.710261377074039,87.92566999227937,998.0346264832414,38.194628314705454
14.356897904228777,35.67231693089064,69.31834868329956,1031.6868752842609,30.383180187297114
39.64272095169197,59.248299390159644,34.92088100032478,1036.0194527244962,21.880202208874394
28.879668294057875,83.55717050906487,34.176750385699165,1024.8251725636894,17.100490024505987
31.72912087751519,4.366092871300853,89.84284812209094,993.8796987384175,39.17275745165436
39.895707980794704,23.663313147000885,79.41846910106554,1000.0400431295957,28.921429714098796
19.798523633122745,88.97489902953801,72.75192639242971,982.1485576650639,31.9116148586478
45.75450342035216,0.9165550183816484,52.549128603143984,1029.8871940547212,34.810010285446126
26.651443362307,20.13991027938874,40.95804514228141,1030.9766711906648,39.441050839048074
7.8977411417674,95.90241759729659,98.3560610490259,1017.9626185979715,25.25307448195099
34.79495590844012,61.34018465221711,83.77916600182402,1001.1516710758311,26.586432614667565
39.66306752191272,26.167136663750647,44.142337850902116,984.6086616583952,25.02245960229427
15.838083853376334,6.699109439584761,87.80518370227958,1025.1834565948946,45.294749679175865
42.85896284993765,2.8191340447222157,80.71455588917452,1023.5915716165954,25.92764003548192
45.30716273828832,24.474507963692727,43.76644399023987,1034.756151304334,21.050027972765815
13.845224368890447,88.14858195889104,54.124228339331175,1023.8319212603217,31.01863318283542
49.1760736357611,41.59136542975095,34.876275631282134,1029.7216965346402,22.078357849315037
7.035576402437921,72.0333369165993,28.884195550248748,1024.75727707424,32.14186029373127
10.100783420124499,91.82850353799577,77.82096262717573,1017.841231298739,36.7752622746548
9.211241961901306,40.80404616028166,41.40094858830933,1005.6179836514606,35.91169692225637
44.69948550039352,19.127737103739705,85.60474925970028,1034.1270385185367,33.908910381991205
32.714627616248094,51.71179308569195,99.64869692115408,1019.0581143144482,35.3615980976503
7.6052141611136435,90.80836870598544,26.129585114371892,1003.9013193179545,30.698878483204048
22.016170918417448,80.43744141377006,57.84281000669602,985.0081577109174,17.271375905499387
30.764901253490102,6.582984336315379,84.16500474486425,997.4422913542629,45.1474951639925
4.173204249469165,69.25728000775818,83.11607172329869,1012.6236040898099,28.2597833102728
44.12081842036694,57.18975224589538,80.79977266647748,996.5381222009717,22.439698508768977
40.180176772076756,90.74631763464255,47.919594824152874,993.2741208750741,19.530932862786408
25.26033867883191,12.248141685029722,56.308260454804184,1011.6436108452708,37.97925996842271
48.35633076295852,53.40361132046566,67.59746858731762,990.189220753744,9.85980988824032
20.888048963754986,87.94626935118923,97.91524668586058,1028.0246037995062,34.78611583491462
49.20551595182489,41.0023786741743,46.20378167507943,1009.0620890805595,26.95189157698688
33.395999940181355,48.19949177328671,93.85151101734861,1014.431766437759,39.240203402116784
31.733563662697073,7.046067766695829,41.54855345443953,988.8429960558409,27.03781877131675
8.29774476478925,27.814364044891082,99.12595723789637,999.474580137762,42.82344891973865
44.0963879152322,32.45066491689473,73.62109494620734,1004.6053809956692,26.320548351122213
21.37448439603076,94.51224487448869,57.08091842868407,1028.4927698309903,26.045050087033896
8.111670289123968,28.266736054115903,69.07123424508839,1026.209571385169,35.20556911867568
0.630375998787952,46.0868735269652,41.80249352321654,993.3786484872609,31.633886033540207
27.987784181919128,67.13044235642798,41.93390860091733,1016.9707448964205,28.43200630798931
26.369981106133817,16.21833724078774,29.08436350747951,994.6073814663199,30.120050965893114
35.967681118457925,48.64423871418745,29.1240238164319,1039.2948293414147,26.697704490289325
44.512902650890105,73.85390394759077,47.813739317512905,1037.1274326878522,22.98542030986205
3.9703292321514763,86.6855213027066,81.02843823170973,1013.7958832312372,40.83222550520308
36.574824517018115,62.62592746624267,68.63769340785299,1021.9341543136486,32.63036698649619
9.370597204879111,66.90535153169479,28.206764826481667,1028.0858229325188,21.322433768658897
42.9088526578582,12.628347258456895,88.17892199807288,1023.2599052026942,30.024997628489853
40.953175693082805,94.57764972463471,68.10941015920531,1021.9897214649452,22.495608485341194
27.03968774927722,13.257407748448236,96.86844614278237,1037.5132404769718,40.469497003892094
35.51213993116558,77.46729371817983,73.6148373928966,1015.787366378437,24.347148716245407
15.71750565918742,26.481632177831884,34.013989096334484,1018.1781603091433,37.402365010035155
23.558394946640732,93.35931437012516,57.90266898462578,1030.956125026291,37.54081476866794
41.08184488552358,71.99595393694796,71.87980780377633,1020.1934520715045,27.332501130553336
22.963259858660695,75.38137129783689,22.261176083998215,1023.9759573210514,24.55328563262992
17.88991326627209,21.905917305988332,21.19282113238463,994.0501211717985,34.48964115833486
24.710622362514993,44.30399766351608,30.35224004788543,1002.2760154469042,18.165571064997614
41.41246262186092,61.78131945892864,40.13315480363766,988.8380807427136,22.07720880514083
16.760402368543637,76.99736182066009,54.363929881654045,1010.3459265400884,35.26883024775836
8.68807965678719,10.395937591238958,58.99523790078307,1007.3436440408148,36.87437092376814
35.60070101653904,96.23653164545284,31.04220871503174,1039.8297688567675,13.756260315373286
41.29891063540409,89.0220670554556,73.87132632926647,1016.6725191689326,23.933241386102942
5.031873926176667,27.034859049558435,67.69104493572279,1027.1866893916654,40.920915279373276
11.993705637797236,82.2760243032332,43.557127907292816,1000.0408802454592,24.90541125976332
7.098599488049695,51.832392303982346,21.092790674823362,1029.8927198805677,41.66976030227647
17.39707057910833,46.18064815620186,26.21183322826326,1016.905097989261,26.779209049632293
22.517548945270633,31.44341058114054,51.33558204086715,1021.8195398959062,27.208825605220106
37.44131684816532,58.096858663159246,32.317948093254714,997.6658466769672,22.030821631408976
32.557379244083705,72.98891177035978,50.145568491837665,1012.9183035017346,29.993399582071714
31.046428373921557,41.09329049627583,70.25460836082841,1018.0422184048165,32.302849305407705
17.61874733048272,62.92191930082921,63.77899423034268,1015.3456805489949,35.46391621652357
42.072377654238,69.93129211553037,38.49407065099154,1034.911622685474,17.239947571867987
23.564358369908227,71.11218170152858,47.50579930070019,1033.8963598695532,35.80171364338833
48.95524690075773,5.196609813118025,69.12249587589204,1038.2590434726121,33.475875338889146
31.70710691478684,85.97478056850669,88.8684022434759,1020.0456803604194,35.6000716568311
6.313237078225137,45.82533147650479,80.25707509911018,1038.3148478075411,42.89415711227517
33.8088781037717,26.241608169621443,64.2720021466732,1029.9486800019145,36.33736986258953
16.25520077158495,24.176450747968158,48.9834398653189,996.2499284203975,30.353046443547353
34.31635983430487,48.301411284395044,49.20410220334443,1005.6461401730778,24.651436971784445
3.482057408120287,88.68315394689591,90.35338482115168,994.3035465313405,44.99854901445403
8.74407185879797,37.83475816826469,23.13948608324371,980.2518296498339,39.20797186743719
42.786862945289315,74.97257467835433,99.03861155362088,991.2829251888145,23.35280588680181
11.358977851175744,9.68187309872186,73.15003286812498,980.2436351772126,42.19017730785715
41.852056262147,47.60567021510618,74.49101592579125,1023.1903076810294,26.90655563990842
13.963804422720521,99.16861403927356,23.039826984379374,1005.532057863272,20.715455127354524
32.144095502935386,77.0437802792337,68.44234199130177,998.7544836246715,29.05803276916196
34.70752867549155,21.0528488440613,58.782244807235756,1025.7032534657112,37.258672965173034
25.632737657252648,50.14414736979107,28.462312551525358,1029.9492064771787,29.162407344538444
15.265533834836564,23.362476364856654,42.233760861548724,1038.5179723189929,33.33195353908035
10.632218818554806,40.95609272625092,91.2251564970921,1018.5208150805145,44.08322075765836
1.659467728121311,78.00840237349648,63.99907326927624,1007.691737512403,34.39513431694895
15.19732006203619,77.12248152904037,53.0733260139127,998.3158580964462,32.456443396153944
32.65813952656415,22.810037790238514,25.814572467264874,993.3390925528536,33.38285058643237
46.91524092242413,92.22233181548602,77.12972219218445,992.7755570289561,12.482365714626809
43.5602241131526,59.25681827648268,76.2280658716826,1004.551362483188,31.257749561522264
38.30323882676513,37.992429096201455,69.12348855780508,1039.5071813172758,22.91317774451425
39.42236716266493,50.19355807808606,60.82101169765194,980.0512218462442,32.759748787686895
33.249245173799764,60.50712534377437,54.70275217658981,991.83235383386,23.571445767283997
13.01434287830015,55.98905318457854,67.46168743903938,991.3035789442145,29.093759624759876
45.359751535291494,48.64050355361782,38.67163613827253,1023.0271691319375,26.00565912287414
33.5366155952917,50.49328040894001,95.30072513421182,1001.1490836558837,35.768628039479985
28.022031549021996,17.641191042788616,67.10356233441837,1007.4356482755093,29.787584231879194
5.5494734606740534,81.27329043046794,44.89539554835012,988.9174478281943,25.19548842172543
22.35277719032127,54.176031994101535,55.97438807081258,1004.2998223326168,30.16131086331128
23.017913560096314,13.107986170470308,84.45478311015138,986.1919887143501,32.8954498048778
43.228180476133495,76.61571015827779,32.9292848584238,1011.982597273315,13.981654650943904
27.332411009389425,93.24439783773508,43.42684979682083,985.8763019229714,24.025494373499384
19.020027448520484,94.7306899236962,74.36064181892444,1027.4305028703893,26.434270932045205
48.840016425532966,36.901773241117276,45.23913651857791,1013.9961030524294,25.59630673719637
5.536029666315784,13.551687356075403,83.40013454891728,1023.438072426411,52.15352197478092
21.12742141559723,51.839962663306515,30.436278974188866,1005.1109831991611,27.14266174459882
2.1012337585702645,11.260922934922068,81.01489363636868,1002.8894775945337,45.844316486210616
36.99520603834652,93.39874185126172,25.468137188045297,985.8925333429319,27.930118912612738
45.90382760995753,18.357962735514597,21.00740901339958,1011.4313364225693,16.57478793703587
14.001866477524471,25.276585995116406,91.85788150657297,1010.8701298914256,47.96404225694919
42.91708383995604,40.663652688497045,66.50713735458389,1008.0861226669763,33.290590625253
14.610911523094888,38.31644685591258,48.14615176694492,1024.431101880947,38.50721335600987
45.53850808219576,79.4662892397889,38.60757095710803,1029.9502640019414,25.980698828630565
37.6980951798392,45.631682055096235,69.35086266086529,1025.0473804969106,31.173855079399715
40.24533884207193,17.07682600033369,60.72017468293906,988.6319445684106,26.924733363157788
0.900327780022725,26.72098954860741,99.32782204239882,1017.3235705569265,52.51631388473363
48.1405178537013,50.9113385187522,98.65727893229966,984.819386341372,35.36590141725125
36.33354960351616,14.745391742613489,70.80196529132877,1021.6773372464286,38.94580699077813
15.237554769306666,61.16556756460141,55.42964048847124,1002.9103457936676,32.64734021348808
41.46973324294235,56.57473065511459,59.291277530772966,987.9499373759772,21.71332477067469
14.076059920746498,71.47023163822577,74.59832529894896,1031.7230514185676,36.15117995372522
43.6376919783064,93.77046153793677,28.12596353883051,1016.8405003423362,21.538500878224884
5.6290195205968505,91.22545611011557,46.268165904857455,1001.2834980768516,36.01640232937486
35.184298873039786,94.60756180688314,26.021779280288307,981.8436307790299,16.11571302965062
27.034923832245518,24.471559702370094,25.868860761353567,1012.2386155402166,29.88433278573365
4.826723509772041,13.156530663935461,35.6671393515387,1035.393552709174,31.49038031515935
12.094691412941948,30.22767004964485,58.82026036745815,1015.7827899621419,42.15227094054374
0.6202018138657395,89.50851727663147,82.78194569302315,1038.2990362771695,34.86981652404867
23.438398273225292,97.20534746234883,58.8396712932698,988.1870670962276,30.503914605570287
15.063263038000018,85.9324951070476,46.83812884486958,1014.0983062756902,23.188934143188668
29.91787421488794,11.00177211275436,26.58823922694065,1027.8875028803857,34.36752599807703
14.86189038543086,94.74279980597932,64.02364185465036,1011.532443867543,32.250524009435075
14.995955575349235,42.3358027350786,41.70148691865414,985.4639813592484,28.065347240785727
37.15965993658017,0.9310290762353679,69.1947342333718,1014.973160092833,37.63445435366747
2.4071417989176727,44.23937407481936,98.17501913059347,1016.7042743505483,41.702449950416096
45.144749759599364,4.606916967546759,28.90514571820401,1023.7225549085211,29.29388151849218
42.61319371955907,54.387792116111754,36.97003189775519,1025.6726909099284,21.205663898479344
33.39023416132033,33.855402743705135,57.847563047949976,1026.2463612926365,21.934215532130303
29.661078505369215,47.343493359404874,97.48910522767436,1019.806663618338,31.21474496656198
44.615124906982615,61.3170360743117,81.74478210159964,992.9486711851195,25.192376115979958
9.266508976435722,86.88010958178202,91.85833545302641,1004.2541453503687,43.97681469259531
3.9484581095414306,66.19015764719286,46.69718787806343,1026.567798356864,38.978099103911205
11.975508495476905,43.40488684781807,99.36307790228756,1037.2056190040487,50.57473989360994
39.728913935009516,81.9427853670365,28.22662528513259,984.7368178901974,26.82395351351662
1.7335133363241662,90.55821375731323,24.237832483688067,1012.1322006678317,26.368689486326698
29.140341754174482,11.975996643219721,88.44821016432225,998.7513362794584,37.10012176086904
49.77187580956549,53.19329775527915,94.1811896165589,993.5236336590098,26.43035897561377
42.78480469187697,28.451195974244413,27.24682860368814,1010.3486410111828,19.995883079283963
26.072284452179474,4.706119787694741,29.07419413966732,1016.3653604333922,21.928665468512335
3.182045464332117,66.85466951139854,22.653932620461905,980.5863338851689,30.035997390248962
41.568675719285494,86.27707774592255,28.360605011417928,1026.8123943320716,12.004200179420666
29.94892540886053,16.290265447739404,36.75358534402247,1029.192927875567,30.05233278401098
5.746649852978342,81.24136576239005,97.60612951280008,1037.930649474076,50.87025493208395
4.69286424116781,85.33957335369416,73.42881777917444,990.8386239934817,33.0825530573725
45.48134097182962,91.43404426664836,82.28424204148337,1015.6731537416568,25.582162690982255
33.46001314690392,26.528508908605243,82.09115229532176,1005.5975224085837,39.00801038658466
41.46433996583777,90.39530651898893,62.805899982337166,1000.089671093321,24.085302237396306
43.94894501411336,32.06627547364322,83.79911821704138,1013.9380070862503,32.659737762394364
28.58861760241611,55.23380134555028,67.66460259119756,1026.942985593413,29.516572516827626
25.872317587752065,5.050747083228213,45.163687808268605,981.3831670067126,31.716056651419937
21.521370516049508,4.388108836874361,64.88880870147206,1038.1640067539713,33.54132679085881
15.847329389555965,72.03732127322029,62.68068689076108,1028.5928951423427,36.986255036719236
21.729798042935588,44.4479977977791,85.87624430074565,1025.0692222187347,28.451623613757477
38.69398278650782,25.629237536921757,98.53817739053272,1025.6232429308302,40.717514569463006
30.09617155075658,19.04134960249102,52.883405233674445,1003.3436425771191,24.78790528739126
44.6261644977423,66.9953490859218,81.07125427530877,1025.0972330506888,32.128284914778476
22.169000718959385,0.04015440253398728,27.981040323050685,1003.2062125161774,30.57747701177903
30.3544789359377,80.58911691968542,82.14650955586308,1033.9224097744875,24.415825815453957
31.565377654599438,7.924960612992882,49.71335295945857,990.6333429983882,34.64405367160561
29.584858115316276,19.148961490811946,23.151213031174933,997.5408454529091,32.01698295543722
35.13168865427582,38.62363952990896,49.05969428497418,1013.0802525619446,25.768295404193687
11.871673418740315,48.48587397161036,68.85142007373159,999.1526621532364,40.243729574735994
25.618188877289533,35.49951158139418,29.540013414517325,1005.4542347177164,16.6192564118589
5.211240140417384,32.071216498429386,93.92275939442037,1009.5453613639157,37.6458459957402
19.22556638224063,96.39160120731884,26.213793061827086,1031.3812009288106,30.354907594789843
24.38335343106322,64.15796812433942,94.4005375866533,1011.3915352165216,34.27876212958594
32.611212977273624,2.343295536738821,76.57100143485492,1001.7475909168736,26.931841954465508
47.526552629310174,43.01759084443132,46.37697403313629,994.864169842107,19.53977372636643
30.032553327417794,87.50086997439702,51.26002781672746,1004.5205587275318,20.14255998876931
37.17969580882799,30.145618641066797,79.26474917861952,1010.9441662648622,31.85031643797047
25.313302974760138,9.455634477438824,68.1176880704966,1024.7668914321941,35.05968178000821
31.705201568816566,75.83847715899178,73.73143371639561,987.2629265703404,29.344224047012805
3.5466108066886717,60.60138319360813,51.1331693210784,993.296551294349,34.80445460461845
12.719579042092349,57.03125078265039,59.02507854460792,1002.7792409521204,40.92904408502595
18.092654660256933,5.357655960740793,99.18939872303147,1001.6239043071708,45.810068899045326
23.624667750325678,14.049900979551733,37.11382963997742,1003.5048852563127,34.17313978403792
2.282437275119187,62.25493962131138,53.428494921770515,1027.6112758784195,42.222060230639684
7.001204877665884,20.782384145883583,43.345855005917386,999.4492641777304,35.10841990440619
13.84071538956529,50.40700797484243,81.20892083518798,1010.1138908241599,31.62131331061514
48.576634545052535,54.488168602939346,81.12101005325766,1017.4344219714737,33.26988434676967
16.567350355152538,28.35071902709394,43.39563687979167,993.9307130110163,34.00189152347448
24.102052905604125,94.84251555414929,26.51122533063863,1023.1217232288524,23.161006876571317
9.804885636919646,84.24641068355751,20.914614133776325,1012.8266791842968,23.60096933666956
30.53900355378841,72.23735076327985,54.19604265939884,1006.8068697818827,23.535830986565088
14.034160775798716,7.7993866409409085,52.82700754686167,1028.5870416042987,42.47921676113573
10.349628921921338,10.613001930901945,99.07119029118904,994.6097155511109,50.249962975722035
25.828631422298955,49.27813458649557,57.58416605581437,1032.9905582368594,35.28015021650339
0.27528995802104106,16.071334919098568,40.51346956603365,1013.6629241220022,43.365366465256294
0.3832016324612664,97.8265463529474,91.29835528251739,1016.5504927627795,41.71329570889887
10.953440455092888,15.852023402740944,59.28543597228628,1032.5035378501366,40.069265326434504
1.836068125041057,48.746783546397396,67.93405081684622,1029.0549612709601,39.20880963418917
5.401287706534569,36.41210568415054,27.653496834257012,1016.0937241293141,39.99992137705718
16.94303246693758,63.938642145409794,50.633312586381926,1025.1912622308905,29.493443825500677
40.12928397899064,12.90364088894249,95.53789395790294,1005.9991694139738,37.711414268777204
28.602432168465043,43.03164280423909,67.16043073403404,1012.8426652099847,28.16695899357015
25.63338629782082,27.470503280714365,47.56014841139694,983.7242082025107,27.814945024089823
14.674441160406083,88.77515246716881,70.05337445052746,985.3914750800028,30.495215235054335
46.587685971640816,4.058571213469508,92.8328871662493,1029.7655242511798,30.85838876348598
19.850752061859584,91.37274940064593,41.91924803780721,983.5802993409498,29.596251761259108
4.354638339788575,83.29941385530005,60.40933747765395,990.1639475379565,27.228175427215493
30.853325805890066,29.757071644081545,96.69525231294043,1027.7499595370266,38.06373024841179
5.69191967383007,78.92906546771047,33.79169146387621,980.0687570376954,30.472186895626177
17.261157140084606,3.121356033874756,77.57311404773692,996.9442597307518,31.770371664764312
25.370596935890443,96.68655502933936,69.1584806562386,1015.0423194695973,25.929664801508622
43.71112623425879,52.65949425897893,74.37401049125079,1015.7269958881578,29.109851885515955
24.677329017005935,30.328102606544526,48.097570453405574,1026.6291744937685,34.19485005860031
35.11293830158321,36.25832125946771,45.11034987870119,1010.3555752695303,26.53241432777322
49.64084194995352,6.640535346049736,74.73677364706964,1010.5641121718583,33.98993319331016
6.574455994899081,98.93495140420391,37.24346280836363,1023.518634532442,28.38447888683306
13.736576275975976,3.9291945150692453,53.57237958872041,1009.917467795977,38.52857852030317
19.72880377988232,65.49071231478591,35.05397168423344,1016.509465193817,29.118842036000835
21.09140892694157,44.273592770645834,20.66438728986638,1033.866444095303,32.39720316390981
20.551053763277288,94.89162181887151,97.60458880304556,1004.0870604567423,30.429361206643676
45.380550127827746,24.599974030679515,54.536238292513524,1003.1075042551533,24.474314024972326
35.70163222334282,53.20868239380113,97.54796915358602,980.2129395118862,29.600613798246588
30.395260704535186,48.2356208582753,31.225881581426087,1016.8055756912739,24.156864873141636
15.468635893139105,70.28664440501014,66.98934235659888,981.786314444428,39.88604372433447
41.189519211064734,6.801023195242051,36.077922623299166,1010.248909383699,30.183335094974343
47.75302557424945,19.378913002335484,83.20593015706197,1028.2540273419336,25.866722372045373
41.05991412751133,21.456482009284983,82.69623910087802,1012.9952642311798,29.938483882630027
0.07825525957364521,73.81507548416897,29.00857192314494,996.1781699130006,33.47370118182477
31.82006850917035,18.913869632674007,92.96515623011113,1027.1701052869623,33.25822911957356
2.5567690721050362,57.349176389097664,35.57037177625797,996.1830202449523,29.87056760672268
12.880361016686093,21.52438205009537,69.03818732714882,1023.9819068567539,46.28361805706278
2.9762350173885843,86.16249500839784,98.85068960701632,1016.6155073114139,37.32391543885842
30.189772647469386,94.21854544896385,90.5917227813091,990.1997778048801,34.4273017143037
34.32949567463034,51.84929749422405,96.52511428489352,1034.3080324906512,40.69776528839023
5.724381903295256,35.23088842091783,47.40790169744955,992.0386209774317,32.78424380524089
19.191944152248976,23.405777501749913,28.44605137755707,1039.3752244484401,27.246438416966974
22.8118254477771,4.978100152304377,35.06774986315601,980.4386293192964,30.886916983889932
18.45265108804583,26.85000761974954,60.03959160612911,995.8090026285741,29.998184101734026
6.0512500242596525,65.42357799453178,83.45837426186577,991.991617836452,39.346025081791545
20.94738950937377,53.36169313092108,32.012291534710016,980.8396046102278,26.50999009723989
37.558902390420904,94.40412782809274,72.77852258086057,1023.942074008839,27.230436446801825
3.550383226662773,39.62772624917006,45.88620832316095,1021.6055481259758,44.011871899241925
4.009000704095173,69.38633423283946,47.29616579137228,1027.541057861296,38.33133729527086
17.73856459179921,48.93227474751214,72.95341841263411,995.4019127878739,37.8224530424234
47.08628558094625,51.25762159242117,57.359953562657616,1006.6601100249782,14.395305336532621
33.428632336145704,26.777431460411748,84.96266344207952,1019.5468112972928,37.38588280588478
33.93349783362824,45.49507768419997,32.47348077302617,1006.3861102332886,33.622325505633974
18.09599954189325,47.07849970127073,83.19586158136308,1021.8395462190749,22.46690774732333
29.68303956042692,70.66425217489339,25.13881984459367,1018.0384045064266,26.347166696078297
0.5065592013871689,94.06399991861139,35.5243104196484,986.8788681813306,29.45106330051426
31.80480232047711,32.93212774825043,72.49197716025323,1026.862587264618,29.067419833247442
45.66434737881184,4.2200468581298445,88.3940525208857,1023.2405815455511,38.34825352914711
30.62867341724096,49.62951255006397,40.21437021914792,1019.3500632570443,35.556133020871044
43.68492967331725,54.446133214916856,46.17532846631303,989.3056163762601,26.77847301817406
36.19865277330469,16.844055113191526,62.969659862939196,996.0797869277218,29.707083618377126
6.027920820184512,76.04646062760668,36.925824519144186,1003.590621895256,26.22031468491995
45.12266536429209,98.49291084414916,84.89250092700046,996.7957772993866,24.746838160282977
3.322192217788744,94.57747170084609,81.89093160046086,993.6686174405679,40.8084537153672
26.69837362738819,19.71060388236522,31.62333695726253,1028.3214602097066,28.134092140161894
7.106856189672883,87.53632399007607,57.10637854533057,1018.2939347816122,31.334231263268375
0.5853305365452033,70.44936364116847,81.98622133236971,1013.928327893015,54.205965481827334
21.10171300638195,45.384656380691155,46.98636248827319,993.5571626511952,36.18337781607981
14.752035382707811,54.0610994324729,70.64854581741854,1035.0845937361184,41.95789658124367
24.30002468988015,84.9600174982458,24.01704971660582,991.4709823458389,15.08453841732497
28.85999433672754,48.01349396383732,68.69510084234544,1027.6970559694805,28.602915151872132
2.1869536154473677,37.320736910512686,32.21223840004856,1038.0003600023176,36.31709138163936
6.150164756187282,49.32474930259858,86.4466660091561,1023.6255637534541,36.3962990299007
27.93211982252127,57.91298040350491,48.43595708643828,1039.5715265110778,36.627876600526896
17.158367658632912,18.907765377834885,42.52430901825566,1019.0630670186767,41.51318239069175
36.4586743774724,90.09077302669907,87.2711181369188,993.0476206162336,25.0772138300306
32.614582429596986,67.41869488296139,24.011521845744817,992.2291696229906,30.579660485183723
42.28021814949534,63.326891733748894,51.728703946747586,999.4738570553286,23.45076763129551
34.62464133346126,9.949622618063813,49.60028324600251,980.4278012132604,43.35319243626607
21.496553869507405,60.41739381725918,42.78402993996407,1020.90190820497,29.808367765141053
33.64833111972162,12.096066223849233,92.94034656011816,996.1200670776697,40.18031111891182
13.769058712770926,7.869767519539906,80.07427148133777,1028.910993937565,49.41118344101449
15.315674938910634,52.73108956423933,25.1138531353551,1001.550359033558,35.058440461916355
39.44925799603966,40.2785534046495,77.17499595479633,1008.7973896077988,33.18322477677805
22.32097582007911,58.88102701562232,62.183930650303516,1037.9413349936221,31.53631925261283
39.919017025917626,8.92221680572386,92.06943155212633,994.5303273828366,38.143757992093605
41.12111868341392,43.09830628472584,45.03564938786867,1023.2752458457844,21.233765232218655
42.87811688306419,17.4786715045158,65.93295996876662,1025.307067358325,31.285451721431237
45.83176179206036,98.71000859241165,60.060421979278885,993.2598894514181,14.447194026570948
21.549261025664812,56.11502124351744,59.16487249820846,1010.0598101967317,22.835238446213204
15.943340916056941,68.74368609408673,56.48843196137701,1001.012115518778,31.828270041053567
29.109937329705694,32.541828068260784,36.4503580425825,1026.3143746040053,35.05806664608805
18.558621171881377,9.473891477934416,80.45679379939142,1017.3489991417423,45.269546761366
30.05370834001165,97.58708627835367,56.10688261914309,1008.5589832916328,24.142829450237215
35.27929313219123,28.62590353831832,96.68130200020846,1026.761795902863,45.066001415476805
34.42025092460684,42.38081851735742,40.8646741754221,994.109334200505,23.34242372697275
18.727644351006067,64.9863921702575,74.61950717016329,1025.2173128350616,24.73117650090804
8.34301008493764,2.4697297686111286,95.25736637112868,1031.9224587255694,36.00667165683347
21.526466923110377,81.0259130517287,73.0766658412874,1032.7172958084543,25.889359707277627
7.129707204095437,53.65781900286203,89.70183260939157,1027.0204155811762,45.31411285782857
44.504851759190416,27.821718706882216,86.19847678056048,1004.4808500198961,28.451747701699716
17.29387303689287,6.160798529246925,48.80941723912031,1038.9084813630695,39.3401336584234
7.722987361166189,16.249841547444145,68.00991519515972,1002.7756186293464,49.2865362066865
1.2723879952875439,89.50338588534369,32.50090718490845,1018.3175239461456,25.148946756649515
32.29111931432421,68.60242239358911,62.84207061564796,989.6644506841682,29.80452023135383
31.84511587273716,24.990172163688985,38.43375774514698,1038.8269339181836,31.923865725224285
17.030208329064582,6.560076494502953,79.49894519619565,1022.2391553118798,37.04086479513175
3.5855944423825505,69.06153123866363,62.244673751369966,1025.202652714782,43.36997728664542
20.4814447447616,57.24077259677651,52.89818901053284,983.9466022046687,29.046614434819787
15.56087475316968,40.4519524458235,41.503767693358206,1025.8050688532403,30.84944395597024
33.856031986750466,36.361144919006385,99.89587854730294,1026.4834057532362,47.01919190132425
30.288962472634516,21.68142759291083,25.736841670794615,1020.3063635817338,30.365655733006022
18.229686409877,66.96112565375176,23.4848544457936,997.5145768274206,30.674453963506664
10.894627712749505,97.06680277938705,37.38059203950917,1009.3814025296529,34.334112922365065
49.40179830777959,17.571524583682585,97.68579669022557,986.626062278523,29.295328801106074
22.700081059805743,59.71166200155034,98.33905346559875,1008.2952239875492,43.124677466762435
34.413711789011856,42.41850557459762,72.39421878177087,994.6294311560243,28.41628677123445
7.027648378918039,44.668872174466486,90.40853337651238,1000.9458191896449,39.021897712456216
24.27948498296989,25.41472801278144,37.11693846726363,989.756024504222,28.917343102464187
1.3768359934732743,82.5134875661419,97.76336753412988,993.8032620648138,37.50584664203481
25.272755895522497,48.52556041472411,31.422788011165174,984.594118509207,30.821699925015576
48.200870355885115,54.34058521982641,28.090015054532664,1035.1940819862152,21.099117544881302
19.210335649290013,30.476091279732575,28.97692313978183,1011.8246412785242,28.056199400691934
1.9498006287455794,18.180846566694974,65.85023386180518,1003.8045182757644,45.663125765267
1.5477895459671764,8.591038820282048,82.47795205744418,1012.101752766127,44.65437493118908
19.399337997343473,71.41191409249159,49.333374229970644,1017.6975937088931,27.892613348397873
8.001246823159702,19.623428168785562,98.23167902289012,1035.312727602161,46.061708966157994
1.1676048164092956,69.00753541887977,54.75361104946636,990.7215771371788,37.83373999168385
37.81068069750884,39.03764460469539,32.0358840618573,997.7331499181131,26.202315184805762
22.926150444094535,41.57748009896515,57.27733985489094,1038.5473601806468,31.25070912745755
14.462238598632727,46.91774960927717,74.32297323379518,1002.2715791989115,41.13898706572699
45.00415915082404,36.77085081275432,86.5780624403503,981.3536990454396,29.063479765040412
5.8069480100262805,10.061997722259008,56.701463196527435,988.8586095582295,36.99918505236633
47.79594144776596,30.963181000284578,67.4885460839334,981.5803221049131,19.71967957649327
15.698335868867641,66.37343606939385,41.38757697270827,1039.3953885452438,35.30509235420654
44.42018361543406,66.57844014688709,71.67332211244113,996.7322509394734,25.503694617306746
30.147143823973078,28.622430723999436,98.87775551602749,1035.4125654161735,39.4278902086883
41.33536798707437,46.0102626557688,23.92428580702351,1039.7531765455828,27.35108431876357
49.20065816052321,19.344722801193747,90.92245365641342,1015.9904732685868,29.616476627568332
14.420271890937286,21.037208152983577,64.98260022140182,981.9917789039337,30.825426986338762
48.05677427037965,2.3047088406607408,40.167892764983996,984.8954978232156,26.164494217108032
19.47409474512102,89.67465499077446,96.39117680074064,1008.8953433064727,36.106697224028274
19.275595236846115,21.07066650749062,58.66834424471192,1004.3703207746892,34.42366749959581
17.019355212725284,22.75338769364633,46.53522013387085,1016.370638346906,42.035238344217376
27.07038036737926,27.96014326451318,34.51981026166729,1006.3308685826819,16.696627635631856
7.707252158924355,12.7408071695429,39.55617682053297,1036.044610956289,43.40834556707305
27.68557426790056,63.92628831813628,86.6279233273154,1012.0843829248107,37.23334329723085
27.0852406205002,7.514295317758657,69.15280074537327,1021.6235636877466,38.9522435561373
38.0950906302435,13.420242632635027,93.05964955906529,1033.7891163585498,19.924670561348748
41.68249809687928,64.47567265900929,38.55747617262287,988.8123125499925,27.766994898279904
22.022067515621202,33.96606204814427,29.691085907912118,993.7840792471117,23.933947458448834
15.116662467574688,70.7947826701189,20.487002478047202,986.439119628441,23.38889586507467
12.966744865854723,55.742474467014205,60.6289630092795,988.3783039537948,33.28467630005964
9.731191835243596,25.602117306151307,99.86455443055905,1010.755038016054,46.4923048169766
2.882379109951244,65.08279504893281,75.59722150549112,999.2707555380479,41.88914530966872
17.122398941735668,11.627368029288066,44.671567357211686,1005.3903703716053,39.71328879716084
13.512384606539163,53.64103830800304,90.14868664209374,1038.9493899076438,43.70273913209747
48.32086929332037,43.71481050450347,82.53778127903678,989.4022608677569,29.30560659182983
27.885441312502195,26.787358281744076,21.23321328612314,1012.4487242478846,29.209201551239047
17.363851951525376,60.40049977395001,85.34883844328179,985.9322693032191,30.557997010592807
29.0233800496848,87.13335923402825,44.04214057907968,999.1097787958328,20.153032690375234
6.959835067284775,99.89046997630767,31.973877166688087,1011.6515554204759,32.1694162839707
22.202187460110146,60.77627687434245,38.106467178965964,1036.7979047579202,32.63969168017942
31.31171607105319,40.470587432917014,57.48638435001112,1003.473693277009,33.61085503565629
24.444891589622568,22.52071002162016,53.98943416544088,983.8944017728802,30.358680872942312
20.088940032716213,25.709608939511174,43.11098394993814,1003.289686877619,37.2272590859956
49.69241944498491,47.94549781497657,33.777465776562615,988.7444705524387,14.073011400138249
44.01573810744635,36.72777012807092,80.97846317137353,993.7993767974867,35.27205761592614
31.170297907972007,91.38145226249442,99.20878269879337,1017.0854373898994,30.169437547746497
28.46886805911414,36.82954676557095,82.22332643357524,984.0454319722209,42.951644541892534
31.033023991229204,37.34445911454355,43.6749574137233,1007.8834253750023,20.797348550408003
10.065605391121663,38.35345124339769,39.58471691297067,1016.5676951606458,42.97105492807486
19.75688716321593,83.66202103676581,37.41327008527506,1005.3115035420498,24.357630685173586
1.972976644544966,65.07883208469019,30.935605959122903,981.1475810374238,30.006120032725683
23.777301874341333,61.416885031889265,64.1064439753841,1039.1311614141719,32.83790485402771
27.151229197883158,33.41430223838622,68.43202975626753,1002.0269460404321,30.07314983704172
11.38748680516048,81.79041768324394,76.44021285305098,1026.714631215996,34.78339173589349
48.201442358275685,3.8363861355701134,74.41706967469344,999.5387895312472,27.36113359443497
45.4727305468621,87.07971723381132,43.386664902670596,1008.5010054196051,15.562911301456992
36.107161772795294,51.27498997939296,46.424880431747724,1003.3078185566598,28.24467065762033
26.66933143826813,39.82502348634128,74.52116283538703,1000.5523537705765,29.438092244087432
43.498457982384245,49.71672807176857,47.95581126269027,981.3110826324668,19.697411965133334
6.532617191173146,66.7415530533831,37.00985516954504,1001.6012562712702,24.82560668943486
39.52548971374425,1.276542651789736,49.94689229573916,1033.3693994239718,28.394467253731367
6.241040698342415,87.15518564582477,41.766732606238214,1021.423600315621,37.40366127178256
39.71053312747027,44.673952531139285,27.065017697486226,988.7253715457264,17.96403669366761
13.788378412567848,34.296651970007815,86.41111218213229,1015.4693002773644,36.786707786159795
43.85452905090945,13.82455656340571,88.24891113256291,1033.5338515969322,35.07880906261735
47.202104691269895,43.94653743584421,37.580024013350354,1022.0020424578913,20.407777131197356
7.439798470255782,49.632277128437885,25.18177596201614,988.9210635414018,42.241292577958184
23.133780253269677,40.36466944934778,79.10619498809436,1032.06994980407,35.45808739999859
49.049368908134255,67.86600938268971,36.9222900690731,998.0926407973319,20.414876446685213
24.17037179865733,42.0896528759226,51.47483915494882,1007.2445686587405,35.86488434322428
43.17737612572726,96.14175778465733,25.13082017899066,1011.5685655813488,20.796495051605916
29.436576106565994,59.92775178235918,38.101566780674816,1031.0303962626917,27.41853283993624
18.766495395980094,80.74779356519089,83.43218226637086,1035.8964497088596,33.4623909253897
14.28917777629351,10.935590310947884,84.35171575321615,1035.7791726674334,52.84817113424453
10.161154554304364,39.72912929459057,36.56678599101683,980.4772508767124,32.31450224386507
38.08990956888486,33.68477014471527,46.873107608535165,1035.3133091351274,25.473331916703433
19.327025341151394,56.94823881365918,30.739073527499485,983.2632179600944,24.29394896314538
25.56377311003756,86.11135200614257,25.93381042279379,995.9464194090461,13.634716804440684
24.616274000059096,7.833821776200667,99.37373715587276,1010.89927128367,45.80386038260233
28.863951461656562,7.257479804471078,72.44751609958713,1008.7955413402636,24.657762837295138
43.27885728122761,85.03177081575988,63.367720735865504,1016.2825876332436,23.05536139257582
49.03696717917147,21.285008603835742,81.23988003242397,1008.7667737242203,29.23742329385606
20.379210428690847,66.87532544498137,87.20617277501793,1036.0625407784253,46.940707019873045
41.37594610531515,54.28781323608052,84.5371814435782,994.4329308928752,20.309414535623503
38.22638973273588,83.28935948872295,21.32315594319013,996.4414816423091,13.564933720709856
28.676447572778663,12.508890983640352,34.94463185523988,1035.2442761415834,30.152274637511773
47.80235718059666,12.978296572261128,72.39242416942648,984.6043708247154,28.66476754315733
10.02372577642014,55.681836027830755,50.06074782431703,1016.5736493142886,31.257560870173982
5.46321051548107,94.63786533583709,98.59861208488856,1020.9041571239367,38.44018571997315
42.69809834777111,41.499775837075425,73.23238341106033,1010.3325034057843,22.67428684738715
21.957490831687416,32.694210025469495,96.52391269833652,1021.6539127293883,41.580961302259766
42.34844271035303,60.66893231978858,36.115718531663504,990.3652787607181,9.585810599491232
44.654510259770746,93.0448600545031,89.11656224920185,1031.1579339662924,25.900957153938307
3.122879680953572,83.69278328446237,45.708184465218025,988.4015413681931,29.05633279309639
44.17323814930303,99.54836107332198,99.16518465902455,1004.048746658945,31.570384793692646
22.415952768471108,2.256858320237709,32.61509376585178,984.5154560784923,41.148656877049035
25.52162445021161,11.285814471276224,61.30718550706612,1012.712664729044,33.750001494697905
31.329625554660513,60.946776336662204,83.42756270696975,1020.1847484455384,39.11789372059901
46.31913033650434,82.05764393338497,54.61139844832287,1036.4732981057175,19.979090831920928
0.9558047214882015,28.524434230676654,57.446724815011734,1024.3601717537601,35.874394702167386
23.842173415890855,23.921108803421877,98.90846364045929,1012.466174987249,49.01034830163253
34.38610212152803,78.69757993812009,54.02465202409226,1035.95702103022,27.981131817617857
36.135347884911425,5.638185385323158,68.3257680479251,1008.7062102824526,33.78075912188115
34.6266215768554,36.93826475825851,24.363172854012056,1013.6723391859322,28.02199713843122
6.721756470406093,50.58092225923298,87.3768064168208,1015.7659116602058,42.458295204332956
14.96977941858406,56.03486743503234,71.85344391836348,1004.598783553194,35.16947465003236
17.935776270850674,72.86151567927769,52.32160822902508,1030.3089614339494,23.895361877309796
40.22186038397525,35.48457234306582,21.293563196361582,991.1105563307035,20.78854657076282
13.937993620727651,61.26843446746072,67.33350564748031,1013.2905314222965,37.91387205989597
10.535248193360157,58.53754227909563,21.012626278732974,1023.3339953712316,28.730388034882914
47.87240095190481,54.76161006537471,20.096289112721433,1034.2385703125947,23.112962286703123
0.443164255673445,64.04832931422122,69.28788497194837,1033.0351037860567,41.17437773272319
49.89104278409891,25.94491710680763,35.12136538676434,1010.5244173658085,18.266207018993356
33.84106494286978,8.464875358462898,35.351003977447625,1018.5896870698004,22.819777530145316
41.423464972455854,11.927167203974342,72.2617252666195,1003.654264167758,31.24669536156305
14.730969817309658,22.458238265390108,24.295775035149944,1008.090665772812,29.259922558473885
0.7157638833529989,50.01979355227852,45.0724449179645,1034.375947554383,38.65328621665701
36.893475928076505,84.04427505460201,31.954552171361527,1035.8422395915484,17.186869039838395
41.70722985003379,70.12933420883842,66.4141095837227,1033.7248434840212,22.774549302570463
37.02380659767596,78.90406042020471,72.94121237819166,988.3022517088183,31.715027457556413
7.142514365041929,35.09756239260914,77.69086828792348,1031.0050412798382,42.10223536315129
37.671396112848456,40.465374164855014,40.418497353485236,1036.901823861289,22.679219502772064
38.44613910538205,39.368188599061284,27.13998013092672,1001.6749816744162,23.46204510528169
32.92702578350274,19.187318440450152,26.294692555351826,1011.1187773653002,34.00429606652135
38.30579663977931,6.121665814357202,54.092123876057904,1026.7457153487799,32.75376075638838
42.296071983886605,59.09160928272268,95.6675527250172,1013.7246882539389,33.73139819751876
30.680205711872922,98.92166834205861,37.41832273976197,1039.609011302375,18.28752740660684
4.430235698483953,16.682970495026282,40.539328107323946,1007.3428019094097,43.102484380911974
24.381390483360544,4.6684819899273755,28.071104168468715,1022.8365626724427,43.21664283703727
3.8824667335802534,77.9531681823933,68.44562191151442,1027.5554684117926,32.640557604085345
20.37715155162154,25.25860066847242,74.38982991577399,1009.6460249455064,31.542919582082575
20.35532445628138,82.96438053529283,71.4344966528608,1031.4190283426826,32.55823089354482
3.300492207012079,70.39366670345154,88.8904194435825,1012.7692754724318,44.67695934275929
17.441026698473966,94.56735370508046,58.91406680208574,1004.6990478080979,28.52509923617328
5.549904939565742,40.8927235756672,30.756563261365155,986.4694204311169,28.062597078177355
40.41176050046111,66.19698394506341,43.15241045635301,1003.6048145810255,21.998810506526837
47.38440129822354,46.48547808132707,72.99439787370815,1024.0361872839972,30.296476593023673
3.6158237628969303,63.05886973085435,69.04975789932479,1035.2771847008064,36.37721414223003
47.75576036458507,44.95989060077373,62.480250379436995,995.1007642316187,28.22761076086963
26.12882996683726,18.863224642407484,74.63715349509498,1001.3141310398302,42.06043811696848
14.978283897693695,50.78974160033809,70.99126802986395,989.2376596462656,36.802137196915226
3.8431037638081755,52.85842014374423,90.50599115719614,1021.4433736537381,42.16625414674585
25.03121340352089,81.0603848260161,66.88131019826372,1037.6113058005956,34.055739768225
39.72577722453743,73.55207057935812,82.28810869604452,1018.4571331908905,23.898914605741297
35.354323863334905,66.3791623941444,39.89657247731743,1017.0245918003736,19.047215140725562
2.511300573198688,11.338709555257253,74.25460676712544,1013.2093958300261,42.92225637953908
3.645091768395176,72.0616290663715,92.17552947061405,985.3073444411322,37.513388598186715
20.143664131631855,50.03051563545148,50.85858623198666,1023.770229585763,27.781331847026173
14.764524702397164,89.40995361061593,82.32833498709172,1016.122972612961,43.1936993035361
11.619216152802391,91.98709341305428,77.98314409563483,1019.6886061313772,45.00673559729809
14.05022494543568,5.515659060178546,24.762095749745797,1033.9286655816452,32.5977290731683
40.17413716484423,82.06415603544788,66.52066476992579,1027.037647223661,25.458790655705858
46.461402681592695,3.769739042267062,30.41514793606419,1026.8549151292716,24.584761683971593
20.255134726378323,36.716962569502265,97.3855337784473,1035.6310261327608,45.84971011514937
45.30555010662486,54.22999756210791,84.9126002160525,1039.39609708778,35.77837499516546
16.0747850623941,14.810079862712744,28.777904099769607,1014.8769639176636,24.164462394880978
23.82184931718958,74.63138125690769,29.740159811814273,986.5328969618699,26.70204299049003
11.301449890799987,0.8354704172138572,67.55790839300951,1007.5477944665262,35.01655343351482
32.0238021087922,16.859904843403683,47.591133933854664,1027.2560687876987,39.922021138230534
48.94905575874044,58.07968298534757,22.792468725848742,981.6635194857109,19.500695823486634
30.17465480216893,71.43875620372924,63.33132062664425,983.413246301369,23.594943267187233
17.890704205677444,91.66431026939162,51.02760797486775,984.0294669429693,26.334481306757887
32.39087229952642,70.54966519346239,28.086119389739412,1023.8621454996986,21.213046317919925
6.146033923269378,67.1779270254866,84.15363138047861,1010.0699977137904,41.62840649624721
44.432954013269935,39.43411463506643,93.20614122230448,1002.1338766112356,36.69986406897015
25.154197538991816,0.12844255268014138,80.5275147211304,986.3370227157042,33.24572768565954
22.467487101982105,12.015925873562194,85.79378480130218,1023.9344150123534,49.33968980705211
29.29323942267596,53.455454475603915,37.31924538128939,999.261188633054,34.21804384459553
31.239193139470125,67.51298858444197,41.08583607348808,995.9194442038801,20.32158965686035
3.5887903113256514,41.74482838964625,36.68220322393502,1019.139152093213,35.73800256490374
34.13086106117012,73.06790115283903,81.20507450924512,1013.5406535558105,38.19956853443962
12.096584015776479,52.186229533217876,95.83336631475976,1001.7446385087981,46.46689249272261
35.69763162532949,7.4176195594312215,77.34697653871221,1018.4892482483353,33.57706485199209
41.12673971920984,19.201625096794885,90.51734119036448,996.2732912230471,38.05658165041253
40.197925377626014,83.99982232439429,71.0959275906538,1027.6898156962595,40.484817065391724
27.625048370394456,72.49127466244396,51.01279204470393,993.7591370184592,27.2562594789681
26.008494615537558,89.4761987012495,54.06092919442442,989.530261722921,22.726335101635772
7.143798066970586,11.755724912093656,26.025714573392385,1026.9463645699325,36.72617182656396
38.76730752015678,99.02225346150739,22.516575619682087,1022.4735218418759,18.26729965507865
13.570469022335718,20.94067139499336,75.6380483351262,990.9583385421079,37.11698247991054
24.834771140897328,1.177987628664201,55.07431136089445,986.9747451613963,37.380536841297555
14.213704646375835,99.74229390535541,64.17720544437036,1030.3039453092015,24.462313639753788
6.691418149984657,28.107388544511313,64.6128998097933,1026.5959089318012,36.81801951561509
31.47788484458683,66.80194525125599,42.19006506666411,999.6354424219799,28.728882510711554
2.7166017411451913,17.66823141763052,58.071400866359255,1019.491844492802,32.48438909799205
37.43226170631,58.022853219914175,57.66081773341618,987.4496111928687,30.621989009959265
15.879339763055834,90.40349864545593,51.07417769822856,1010.4228595428607,18.74552522360064
0.006734650224266003,32.01811674284386,85.65403067208564,981.1238175236252,35.35012598755211
25.55645696186149,67.02539760443592,56.09312029500767,1003.4961128552933,26.359519737075548
2.3425954263801563,18.79035887984165,68.29156196047903,984.4905692882843,43.52605037803608
13.808477891044973,62.479539871872525,91.64160963046609,1008.508830809413,44.892238721894365
35.348824372785806,33.64503518175101,89.2986898287138,1005.3008988111736,34.55978443631768
3.134481081093293,21.12082585879517,91.23377630233321,1006.6631015982833,44.27313352922819
41.96692461780012,31.318205070363515,41.600399717201114,982.7198781228797,27.8104658675854
0.1909961329291554,17.884106850779936,22.798599064645025,1001.69698047691,31.993525841938542
12.341193460095113,90.19161078378828,40.885343991626335,1025.389030945995,29.35613889798852
37.04520280760357,39.71868863171289,42.29658764965669,1002.1348624012172,20.04452440024369
15.813507486465339,24.527930497436735,92.74882613799744,1022.9103171565748,42.3266375525249
5.094619403300676,44.840784101593286,71.93941862703765,1002.168723418024,38.91264140201958
18.011695940021394,32.053616680649554,26.536316768178303,1005.3943664894111,26.198124787696507
13.519664319226276,74.4419253813326,30.83028768088809,1013.833526769756,28.966325036315883
42.13559510802774,97.12199118854944,32.454090043358036,1037.040916208425,18.78880244520715
15.667395879257157,43.80336566976468,70.43373985351386,986.5316267987993,41.83240824494513
39.446623588800364,86.10333999722404,78.83312204056026,981.9748261196704,17.731976736800995
44.593607240536734,56.58630735596195,88.77151284523168,1016.4774310286027,28.968318101114377
21.690870978826478,15.723566509423348,95.25092406449944,1036.9458253357056,37.885625173281355
45.4971571927196,69.06227420813416,36.13636459091534,1039.3833879532829,24.741558159955126
18.865902698159644,51.343449712582014,44.781798777923925,1009.04985484352,34.61371145881356
48.20392082450541,65.06065232521034,39.225830459586454,1008.084897265106,22.357730259710536
4.464476226278647,88.9687412571665,48.700925397291016,1018.6978262447118,28.663712050540326
34.350963325162134,44.043457065604606,93.17320859389996,1013.3380854322982,38.70046120832233
24.690702022846434,90.11776232173557,66.00900535514893,1018.0452834568471,20.93261498966513
19.382440272782354,75.0669014281655,79.05535178595993,1032.4399655322736,25.24912633592435
31.635593937430045,48.860492587798475,59.20953889014256,1024.7783701692565,23.36091579738803
35.19285458171656,60.32221356579637,22.30863306688996,1009.8126435012077,21.525096047328514
0.21816348251545437,32.55811325190115,25.135638879825144,1007.7118675400102,38.71914481777069
8.347654437359935,98.35972997387742,63.03384250143086,1018.3761049107869,17.342166774787025
35.65230253171593,66.7351163050396,77.50312278560205,1007.3423770652179,35.75682772852486
33.31927067891032,4.38468524966299,37.22644220229852,1007.4667610759384,30.69461280411632
48.30237525643386,32.662190574800874,77.75276591938433,980.9783541071903,20.426688597692333
38.05188951253915,62.33144337590575,84.853261878681,990.4438482444385,30.132889906786502
47.5386353865669,5.63332777992398,52.9517982689689,1009.3108183997451,33.506689787769865
35.127025076740345,2.3884191319142767,79.7135386275284,1029.3592075430222,39.504470585307466
14.902610431972157,45.002423952780255,52.32239602627679,996.7236204036275,39.04717159991422
5.2682461125428235,33.269017969267,74.2680503564016,1011.3586059878689,34.368770895542525
39.09119316724678,43.82986080331659,81.11976394556345,1000.6977250855539,28.741548887347882
32.2074610737958,26.269330988000515,99.35412946464886,986.2882393723753,32.45625163358838
2.4093006196648115,16.47177469429809,47.631732965087686,1037.497908984278,48.85265149434105
18.002523295048917,68.91433569803377,52.88326244596892,1031.2804322150182,34.2027216703108
47.83999077421431,51.45711162678005,33.24960475281371,984.7095454680144,34.15897117212825
25.02005728551006,20.015421124936683,36.325844672144555,1023.1872357480971,28.8070144505508
21.636456800985233,31.958942625999832,75.47160020787021,1000.85479426145,32.76763355510246
22.8849802579647,59.18079076633259,93.36364721235809,1039.6909884237075,36.04066050332945
10.444136200258185,7.2229348272477845,51.568396132899245,998.1439111897387,45.47438940804017
18.43535854323976,14.745300926617954,34.3875557468433,994.324306721756,30.948883393951157
18.49066279935883,7.324560410739012,42.80795995063953,1014.0734328983243,35.78519575921559
2.6177510093736203,81.23173327141188,56.40413638465109,1030.1075698005923,35.37772673819033
38.37838142589591,75.24092332120092,43.25202634922947,991.5511323091879,22.218703644690258
20.82522159519395,75.33129318792571,38.686326649749304,1022.5641661831598,23.951544221462445
41.10899434082116,71.6325343476028,78.87875910056636,983.6843949884673,26.063094688295838
42.51740005599477,66.93854236698692,20.627593699249857,1035.1360845866297,18.18727348636616
10.599702734932903,47.6991915378175,63.13844218691865,984.8644949688379,35.92040295477969
32.86767410850643,64.22781635071149,83.50134456238031,1034.8538825806497,36.3967795591105
23.614090208149086,3.836155478797465,41.29826290539746,1009.4484349671621,42.45900569795086
44.00783689607425,62.14644226567846,68.26332084896138,1006.8854667677551,21.49803835396066
10.787033958822706,77.78777055368772,73.51200844948943,1038.3984247700225,33.559914395869704
33.89066001550221,50.035836038439015,72.4019757124072,1039.423050661893,27.092916269573443
30.387606112636128,35.75133284272369,55.66797073589741,1019.0106875576607,31.714501929585985
14.76507387859164,27.742673480097913,47.72623903006234,987.6271575114229,31.755942205595645
6.830045182558631,64.28020501620824,86.87392584222508,1010.3702051393121,40.700443091441535
32.58198802386383,69.28011986299087,80.67567655998914,1011.7497860573397,35.89187336391086
36.92987290661654,87.09675998625426,45.700413873113,1010.8667856881186,9.394601495095896
15.7813671881675,34.233408246099074,28.241535555376487,1014.1695103112006,33.560769006473784
32.24163020111569,76.97723073855856,25.744603635637535,981.1234828276635,18.553012823218946
19.75654538057516,56.135582418933794,27.542078231914886,1022.6736368882301,30.086373956407847
35.66034416413088,88.28364906780791,66.62954889536343,1022.7436581171793,21.180490151877038
9.960763744702655,52.78121082956208,24.132974066319175,986.9281865106733,35.81346457532871
44.51075013180872,51.76298283979672,46.95414999712307,1014.214366546748,28.10428959718255
14.370479823278986,57.787708144090914,80.25597615313835,1014.1016709461464,39.81227582321411
18.389299387807647,74.93153551424344,43.54785332123025,1020.947025211424,32.64730372369687
2.9045976040174892,96.4690478828461,81.06464617441038,985.1238615281048,32.35578775137293
5.57561061606382,7.356335421576565,79.63736305656442,1017.5901984359658,41.53097292678073
25.793095135616404,5.3434602391017165,39.6661706106573,996.8451170447805,36.11673437198651
13.379633836398575,93.75503374073385,78.30577440741963,1010.4201794297703,29.466230510872332
41.77401128710972,52.98756255182061,79.82213106176806,1026.3994131622446,36.638523514485556
0.7346694327476921,61.49030145669361,51.79631405336215,1022.3387561817808,34.96883589974111
18.95470243359681,48.24236015947289,36.833638699321455,987.1341810606796,32.00655462938859
16.867277338454635,9.365745260747449,61.70166455134953,1015.4710872269644,48.80416129590603
0.9663815458800518,76.80893784186665,93.71180704001571,1038.1469918564444,38.05778587484018
6.2184199500255115,74.72246450885869,71.16933859456495,989.4061662401001,36.20956043231714
20.682133745931765,31.1703321492812,33.83379981018089,1031.1744252635249,36.38780096127651
24.64322922237233,30.623924522840042,74.62055397868158,1022.1528848332266,40.677166518853724
20.214487362743455,83.78413809055185,54.176242182546765,1026.4401987745855,27.313403733798715
26.546883920604692,7.235725774132662,67.32230378842985,996.9174996285587,33.505405619631716
29.756583745284075,88.11051483565659,78.72512280184864,997.2733357627906,27.590528865656964
0.4961910563917815,25.66616898959144,61.19578812115559,1034.3611673465894,49.130406179985265
23.204757972675193,59.298474775549394,85.11871796586469,1001.5899219255535,33.25280198223354
48.17496204437941,93.59941790017777,77.77244634533022,983.7809234415686,22.65963347971663
25.951614006477435,67.81225015366465,69.20586720148086,1016.035802214767,28.740954552590647
33.87711337294766,41.44298124670366,32.06342526658812,987.4890601425105,28.5196056802637
15.59319289584416,68.95342089054152,86.87592887292547,1027.7957744844746,37.531630050739196
38.699568907638124,34.39796363163702,94.87244682558529,1018.5047865500635,29.27412666559279
38.64607409380575,27.725841634918613,30.957209904743586,1032.4835903132725,20.822726330168432
26.064802382706947,99.66832779346797,59.059290354674445,1027.0902349869582,16.36139692600392
48.80069116396068,75.07902311797878,40.71109935764036,986.7268189002917,14.276484575037724
6.277510738132669,64.47199773818177,80.36186459404517,1002.8642405860653,42.49084052373097
0.8473832444790497,35.52896432193188,77.730370880376,1026.4736149948753,49.74071921647834
38.5079105878548,4.916082915504816,31.270809645631896,1005.0404883959795,30.915241562943372
40.35777686824413,3.105687603515561,90.16218170093097,1038.3419290867987,39.38642501925423
6.0103614560288126,55.418125544879885,34.47784511824018,1024.1444269936069,32.41701406866829
13.279141647930304,76.2032721039051,83.7807220518486,980.9299950014192,39.19621127760601
0.8776181683314455,53.73791904438551,56.55842877024039,1032.7991414936503,39.6740609058805
14.665430539028234,84.07850719391146,46.2617834846521,986.0482870921135,37.61499824337609
38.657093695933575,3.3426533093221633,32.65914101393708,988.4314234508051,26.983879610510638
25.898026385628945,36.67520764259401,33.409140491730355,1024.069544036663,35.510873693225385
17.404779658414405,23.707039117417807,72.95124437607203,1031.898113565829,43.09908152755058
18.586964745316514,44.7272968157122,64.03443103576964,1012.1809776739733,38.21718153469953
0.0676812857734077,7.2376393194122475,29.76683373209862,997.3429839767467,28.35035979436737
14.990026378261796,95.41316415710726,29.015828835066017,1001.0789327151905,29.721576458113002
32.32293708189653,22.325540106936092,25.784845981823317,1000.5733597757634,26.052219062980434
48.70972219081786,92.23077754835847,79.50138778988352,999.6006862285707,20.601595008798277
42.353041349194974,42.58931550366818,76.95056681834313,994.574580309299,21.79466746792257
1.1797482322764563,98.5524133255218,24.674479268366014,1016.532025677754,28.534710931733947
44.928030233741964,55.40583834602108,64.82160604775784,1034.024319113904,26.292492368808276
39.1599206649313,93.08328641758075,26.77409241941519,998.4249447850004,11.1532983083008
39.01880617854902,0.5348988694222845,92.29966164871533,991.2016578476847,29.2834497992856
22.899787950178574,74.82388061809002,92.5693935344106,1030.3146599822855,37.312475183585285
19.90026464772514,90.30506531025154,75.85863918505041,1024.5069998533822,35.966875604789394
15.14578644165963,13.972056697895407,94.095113715156,1035.8502218935946,44.581744442469976
3.284742947718289,9.612585173215148,84.91624243309525,989.9311841362946,51.08355189447499
11.411768174684955,42.457260718595556,86.28308607416395,988.6550788469955,39.35438304204197
12.33018174890123,93.36789061329351,65.57662804559466,1012.4857636582998,31.51860952200446
24.20385348551008,54.23865601904387,44.48473585729407,1016.8660192901057,24.47986897313486
37.3722203298347,52.74564637217322,37.42392920931373,1008.8104065115754,16.242356887692246
23.69049141989733,14.112611829932186,46.176001763114336,1015.9379981794325,42.7400622883913
2.8922224723580303,0.07895110932187865,70.27963440712497,990.8227861325042,49.87933428232796
47.88949004941019,81.01400907454612,33.81252286659191,1008.776825249845,10.556604177015625
47.13621595470561,8.757456298623822,40.69121893098573,1019.48555365638,26.9955430356578
39.25947715742042,63.384981873532396,57.44486902363715,1005.9623869549222,24.859405202546313
49.56639507821103,91.46164545151915,38.644007881969245,1020.7668401489959,15.565892550844865
27.224116640013147,20.865191315843102,67.09149357728492,1007.0714768332303,32.646310210594386
48.138417512660304,66.52728362369108,93.85408227650639,1000.0159748505366,29.630523957159387
3.7802520308375387,7.869857670750946,79.84714925625012,998.2163028252255,48.85121469597305
18.284037413068567,60.3755143837613,73.31412913191303,1004.6541235393153,36.31939502341759
11.269063400338291,16.393172095320274,66.6177180787023,981.385377360932,38.73773715749451
9.7916542067135,73.5953560515178,59.03583274056519,1020.1115083067668,32.91443962559868
7.040147444633805,30.12312947939082,34.92510877077278,1030.7063384588157,40.152607488076335
31.120682078299833,46.33910088046462,91.57683643414924,1001.2776256665871,36.849187957498025
39.06609278736525,59.94305420276217,39.882880161026904,982.7619881685031,23.02698584621547
28.914919971018033,17.12734106662396,27.30471020625286,1039.2065358431335,29.053120661832253
7.348135479410484,74.16378186176209,80.00121433829563,995.821895327064,38.762153775347706
40.55618849667354,30.264034063681457,34.04924274649331,987.5972673014464,22.06432835983547
31.797735358186426,66.23718599127535,49.75167996329408,1002.1851504783817,30.191109884019337
19.408285306349775,15.828305069937365,22.26279426327838,1024.3134224380135,25.781078680164022
33.70651477680315,68.81176592063503,30.965435403235844,997.634995813434,20.287101652817203
12.995248962141643,12.818807281046174,33.85629046079296,1014.4821922351692,37.98316247430534
17.259610424710527,42.535649626998364,24.352810220014234,1004.9335996662285,23.395731369442345
45.87429215659951,24.72060737388768,72.53255652982762,987.0658395365971,21.261809172589963
14.52522528357102,74.83752494281826,86.96062366424938,999.8172207495267,36.25450626242101
23.49941340789683,26.203500450687457,49.86523250927527,1023.492230342844,24.537164643578016
44.507056869800735,88.17173063953962,89.96611813745605,1016.7202338398868,19.90601450226265
35.386067513376375,89.18202114066128,37.06772596481012,987.1867027930136,24.292841175034912
3.1101613082351376,19.644131522278585,46.03123388489916,989.7993445828586,37.519284141664976
7.365152213948517,61.38459450077243,32.058959442493475,1018.4440015584468,37.99715358182609
0.3920795385958409,8.771764171996432,69.64473563351989,1028.8049248592522,38.74393685874736
31.54608951145817,39.15370996016292,53.589567269624546,1000.9684697574902,28.94884480797832
22.383671270520917,71.33217295012723,69.0626677473519,1015.718645110607,33.56337715418472
6.713742545113776,65.94232468499163,80.93399243153469,990.2386153251263,32.22394128855489
47.896706052838525,62.47006694066079,63.656241282635875,998.6825802143194,28.804878809262252
26.482986197280994,28.25408636624436,70.21042839214303,981.2162123403832,36.67897842565057
12.094664705644458,37.8024949434402,94.82002515154663,1026.0965568679715,34.029850570616894
25.03017855773538,10.294614470028618,43.92514476870745,1004.060589186378,32.68275950366721
33.98101663675539,71.9022820433601,48.733115090716254,1028.9675344192372,27.174568437922716
3.811960898678224,50.38887967912735,77.41626893674695,1022.5023797613636,37.66972833058282
13.7351907523946,70.87656323456545,68.90444136443094,1029.7246559437085,27.062621246819823
40.34827454419968,24.894352479687278,34.282632363177186,997.139520174973,26.623561593984455
22.983243520133062,32.443822863506625,50.091784800839214,991.1065238256707,42.99275760566152
27.328857101614744,33.42153372601147,57.4270410499772,1038.3143409591003,30.644611977804566
21.640800110473464,2.57424097472162,53.55118703747115,1023.0396672224522,44.33001317587906
2.194997132150256,34.10478728306236,34.261984665763265,1030.0425360756003,32.64972644461785
8.287488991007796,80.33045735180335,93.95440734274098,980.788002422596,39.007356892430145
22.277081937094543,89.72984957497385,80.98550093551808,1001.2676972177532,35.11468220043762
10.459273270396391,51.821831563592745,58.50846656862818,1024.5690014346399,35.64561654665201
2.4989514329839366,45.55016952192202,74.40488226454693,984.678969979399,38.80093111277648
42.182483202591186,3.0824618699370254,91.78261377084175,1014.0403957741362,39.45584644008979
49.05962645820579,87.92043375853827,30.893931388925697,1005.7443660473002,25.436321292315398
39.65714369983697,1.3010213425872719,40.02984405655822,981.0569904284664,29.841305796038895
42.68924608523335,94.47500802102118,63.4160997805316,994.1585346271671,19.301010149299223
12.098856515852269,48.92162486880907,83.92082970818869,997.0875193440029,37.79929761517336
48.031348775659986,34.19344935747266,22.90039163532219,986.7115967807794,32.67907934069552
9.846285222671419,92.421843484266,98.72145201570885,1017.8922145845596,38.38452776051013
47.571490518091615,2.4390993110096737,56.39252823059177,994.5438725751134,25.602331106672715
49.74096469829755,58.14248948690871,48.73849124973784,996.6571699771633,15.522039146411108
35.586140287302435,54.89325244993376,43.41795502718175,1033.8943158920088,16.6359067701703
49.0571865895911,21.932040121138208,33.94853661206973,1008.0273855615884,24.900389583282028
28.476988978355184,42.88874313502106,83.32591271440222,1003.5276888181563,37.750679640637316
12.977089158804517,65.22640059437703,96.43313317968773,1023.4322622988831,37.274367516025734
21.849794283281042,72.71311968819275,53.09158038763186,1034.5768278129747,29.49417127044591
29.678046768939296,0.07168587065797816,96.1936555802765,981.5021801742466,34.0362007763357
3.6540781013507493,93.68534300910153,85.90380923480274,1006.8943307933238,37.963342593909005
31.117163230862303,16.45253723928124,58.48409019810546,1016.6468813646768,35.272625066658165
49.058891838114725,23.35804342223592,73.92209433009062,999.1137858875594,26.081296637768578
9.505382489186381,26.347344569384823,54.798734333637036,1026.3444633273946,46.45261356082825
39.62975581441916,3.782013655203531,64.69787265700418,1038.2886242162165,28.757793639294295
45.39493968898097,12.305212359032492,24.643706961480305,1036.605641975017,25.737048761219754
47.18507964101104,98.63499229441621,75.70107802404266,995.9589523627965,26.236903727640417
48.00678022027236,31.521673737728605,24.225971558730937,993.5802967062492,20.304852727333145
26.072981936073596,11.530109033904933,85.36679575357196,1037.4494318612733,38.37671842157623
48.865395399575185,10.699126117462331,85.9957543568446,1007.517709245888,24.91585535457735
37.86551035672194,71.94599676699718,38.96618300449717,992.4978633850815,28.667339413241322
8.083571811848095,85.45686640326409,45.89302248286402,1022.4198178178251,30.252125536567284
23.8450053233985,25.695229950846986,58.50483028466346,997.0652194342275,36.420831463953945
35.9165587686002,2.090951233523497,67.73303255459851,996.0348185042632,37.20019093864334
12.367015790954166,22.30900184453558,42.98829293935974,1032.754942584667,32.76084541076873
32.03075917744437,5.651569079675733,67.398912370554,989.7487492026142,33.482784156978425
33.33002395233096,10.339493663004152,43.822965858343906,983.8635767879742,36.63017161622889
8.134987190428294,43.15081198476424,24.439257685684854,996.1511864103012,25.98734669675162
28.254265622637813,22.991837086163258,20.202203986552718,1016.4167247702923,37.96279207176737
38.581345548930386,51.59458785254234,28.092084633474286,987.3852712041962,18.243291742790348
24.944783226797096,25.349375325719038,83.38005601312146,1008.2956803366076,31.496962224886783
0.6051558388053713,94.05373011029477,96.91450499066697,1017.6402266255192,40.70460562188202
0.45192345396460887,90.59439679262645,54.15729594249754,1030.9242195555905,45.32880338873377
17.851467198500607,56.6806105010466,61.014716275995426,993.7921754721352,23.189720063226154
46.3097034215891,35.44239919873861,31.747853525874092,1029.0407794029675,21.94076407814141
11.433838980180438,38.114688203473555,64.08250821441257,994.0943756678743,39.37396831740066
31.718184443584356,41.185228314449695,31.572392160558145,1020.6059924743785,26.422250301728667
11.103793534666028,72.7579322134944,68.89714649590641,1005.8404142889473,36.494057328430706
16.08349948297743,45.16389955188379,94.66069340646831,986.8808745427202,35.74511629088167
42.4021044800742,85.67299465058974,35.65588314424317,1022.8558077693109,16.258958588284557
36.443072113497344,94.40947859303645,81.16509744456816,993.065757112941,25.660097029795196
4.769963865660531,33.59461533789339,21.880193825465923,990.5974055614755,27.394086052048145
21.43510104932168,56.06944813756801,50.03977930572968,1001.499375715363,30.01504727441246
1.4584881822632234,9.505653683256444,28.859880626440724,1019.197414685569,36.12109209631538
24.04450733015045,20.0469047766359,48.19803532765596,994.0397887274377,30.282232471214083
33.121700585053404,41.34657667101601,33.88295357111068,991.0196923269132,27.174201102580437
5.925131179907578,20.620271590177886,49.86439920983099,980.5972175428019,28.888740253344103
14.444246945458284,87.65604907887176,53.40182448860243,1008.2985858261034,28.671915881372
19.891831275107847,15.828625605909806,44.04728982247347,1005.7187341589109,45.497825041500214
45.976551232802485,45.566082155309196,72.52975595785033,994.0320646182425,21.719982669042608
49.662750771148204,60.56992404598757,93.50816410071278,983.2191298405814,33.90229205839739
2.2455649497807926,69.18639081608444,52.047629928421784,1005.7553524757502,35.34322357679909
38.0503961747696,38.306936972650675,35.387452518001716,1027.292306664298,22.333362416883176
18.58620332011716,86.90990687247286,41.65782065567867,1022.9169278796306,20.57695167501295
19.622909311474,56.831915107792554,88.32006587970952,1031.6476933916101,37.74930927199333
37.71324866735114,43.95077804475518,65.73117786161183,980.5749612627893,35.76910902889008
45.921321607270436,6.724063405203662,56.400882584556584,1037.985159008276,27.564977019163695
47.54642972512742,46.4689468445165,31.970937720714137,1000.4847351576469,20.22970463558632
28.856129301916038,82.07358408157303,55.97818466590255,1039.4238677655178,32.11286210741528
17.85605796502514,61.45410182213155,42.279360268590935,995.1571676361065,31.187173778021478
39.377454292938964,83.21624537291183,95.45305022826794,1008.2921832546947,21.227561475538323
12.550069163115014,49.401167059930565,90.7256087532585,1001.2356605945182,40.1628531492275
28.20370144167589,11.846170509448184,26.71220334625584,1001.3456428996582,36.68919042981195
17.92892307624366,1.363984583588107,61.33227914089943,1030.536925924893,38.850799076063375
32.83155368539381,30.321954671859118,38.00466764117377,1024.7851363842403,14.347294153669935
12.019945644675346,69.79904714977924,52.86216716194325,1039.5290861138028,34.815093346142376
9.579647286741288,79.02599039416938,90.14783986011652,1016.8108809630507,36.829618175118995
45.91195433377185,29.575283462032942,62.20116159108358,1007.7953962636701,18.349495447995004
5.090184147476845,49.565392088324714,46.73722346966079,985.4044317768135,26.579037252640944
25.297895386746582,42.111890443408164,36.63106832839976,1039.7936851708314,34.105512008755845
11.042639148150446,41.05227843514279,84.02598875251914,1013.091839175937,36.52580178046179
1.9464981662833725,23.134871320015048,69.96144122914777,1022.0286481814085,38.23987066243386
1.8009409145713196,13.637110502945838,57.445236834098495,1004.4045432314787,41.362690260420024
8.761088605291366,19.668855823121312,37.39874830903824,1012.8629424907541,32.790843940671586
43.338517725300015,5.53323871633461,46.739709932570506,1036.5546639135732,29.427413717822304
14.123937198851333,19.813074182357703,96.78747413908148,989.9851662758962,41.82573572130563
47.52295852876479,0.9200897625379456,61.607195008466746,997.5423550598152,23.583051917114872
29.08111464945968,62.72584006359783,52.05594249946024,989.123583666682,24.777955654248068
21.830709488438305,31.637540738768287,61.71376338786591,1027.5329542282866,37.04852327888282
29.00444173347273,97.31447114269086,82.31908047196869,983.7227156253098,28.539126950183718
25.834919261313388,19.371705077629787,47.208714920229504,984.8978989910803,31.421906519739878
37.93881268786626,34.58285703095939,34.29648967460871,997.9096467672421,34.68965808297726
14.124803298642613,35.78411586415332,66.79488946712382,1010.8512908552607,40.81559428809335
17.65251958001512,0.845149606246054,73.21632827848538,1004.3764880335752,44.691914491921885
44.704715126662535,83.9207953039459,77.01744023668397,982.6889786402485,23.31305950093959
47.322825657520276,3.199446014432472,90.55900726129038,1037.449493472257,35.656774611695745
44.62791137432372,94.01798347292414,49.69392965512904,1037.172171221485,17.991861165481062
20.97239969786568,89.20743510936207,26.028391698311346,996.7613793944456,27.254771749960344
39.01827515034408,53.55219160859635,96.66788669047537,1023.8915369161149,32.10531251543553
23.81678666505494,54.35955749112921,54.80095419499801,1014.7145246829934,31.785330618932946
24.87699260730511,65.37779229561563,69.8606007738505,994.2486017003374,31.906241649107066
10.234005452864197,38.7050011934887,73.30442585026339,995.7302931044969,38.61873357739404
29.556515162925823,64.72222833978554,63.72109669609628,1009.469190458627,43.83931126650953
9.306794887667397,4.476838868848687,36.420602378901606,1005.1542164898416,33.73335594597337
16.57823495335969,5.404762734972657,80.41144400929132,997.4737596938759,37.85868738497258
42.75151008099676,45.723041961954436,84.30015794432653,1028.450695778309,34.02676412077947
10.353790460542761,54.96223011060349,64.23804688139518,1008.887775058243,32.97525738877506
3.557914258671641,88.7817640335819,59.08489284678733,1019.2908837433476,32.5859691141809
3.450379630640815,10.466063390789627,29.115054650238825,991.3564100100725,31.420611402687978
47.03922602515539,82.26479271938894,26.716132919982705,1012.0104597509892,19.107171650544608
25.34602189809173,21.004733729206958,47.1651876450823,999.0785629667973,34.613355686170834
20.470603590850917,39.408364851003185,44.86769244139146,1011.5848166236927,30.043872336709757
40.543929050395924,31.66024348274129,96.29251607706169,1026.8495500046556,37.96574879065982
41.7912963955258,40.0155272865399,82.68981939547439,1026.1347926054757,21.83660204545098
16.60955165578023,15.049549807258556,72.7939436207248,1001.2532406820566,35.66206887171821
34.68090287368976,50.357007440355495,61.41184712140841,1021.6566270247783,28.095042071509695
38.55614079259433,80.16425898313673,33.38940245813211,1036.4773970236565,15.033277688586212
32.73253434329773,44.153401037889694,98.27653377474272,1017.5401597954943,26.8536176682494
7.579753740004969,49.061357589819906,50.0032558592168,988.9046074029583,33.29903882076597
43.79415417585285,84.87675852813142,28.554048195779586,1020.7825177567457,21.282935914236564
26.954727636800435,70.60581146380308,59.503911657259685,986.2942631809586,34.655014531920244
14.123621318500184,49.04544085197847,89.91984092904666,1032.3266245275815,36.996438733133864
21.261409271884695,25.769564818917967,90.98328014218636,1010.9996297481164,43.31818454094105
1.878554519945369,88.49267468449666,20.87727328451578,1003.1084441786948,31.70363624219632
6.3933400611208775,57.702040169055834,90.90365958011198,983.4203956789815,46.44879168702707
38.277337525793044,22.11476101106934,41.71873739998868,1002.8470240755266,25.60911858089398
0.0005817377683070557,26.911975263801036,23.117789117473848,1034.1924000749473,27.207641845486062
20.82829142411461,80.3133088936246,87.82322162902994,981.2589797771782,33.60977378541494
26.125509054279423,4.414556208745546,89.10934047905667,1008.4788894669083,34.92790181918967
2.7317210000486147,99.20921870288201,67.698486387388,1035.8694854666373,31.254198951828123
48.653908148616644,13.035167971479177,65.95470058370867,1003.6904599859013,27.301229325275504
11.306266562483597,79.60685253969373,85.04962180971356,1005.690541247729,34.56405071695144
15.209935981814043,39.47753167716829,82.90476421682239,1014.7136033119472,39.66704907098023
15.197125612751366,49.221618328746686,91.20843787541632,1007.776240014631,42.611272547003075
11.520833105867496,88.06505774645778,64.21979580773628,990.1161014742531,30.073857777859647
0.0736911043155708,41.291118958921324,97.41176741862469,981.1133323441916,46.801300065530754
36.467239704399816,53.74937536732345,99.69174647466707,1016.5886994787221,33.78450656237474
48.34227498996427,4.929966240916994,29.32356879989061,1035.2483952204686,29.525296082704212
11.214674164252253,0.23474738674531537,87.96350076432977,986.3818479816299,43.331325830800274
33.15235959017112,24.47998730017259,59.98578061988712,992.6571631551652,30.802670370144998
37.094816347935755,68.05830929187672,51.00530706398657,1002.2137691494984,22.628793369025022
42.421268954526234,12.126489335913671,69.0457847906172,1028.524533741267,30.91708607367621
21.131459850680457,11.376195880454942,24.477244580960562,996.1556189882587,26.940200881930256
15.146545282021462,41.096060803590326,60.51688950136639,1032.923264256726,31.40944261465644
16.264756701151555,64.78370386082265,89.67124560213334,983.297472479004,40.37766581988597
35.63106665492564,71.20719922479304,37.0769212911175,1036.457397275536,17.804637804298345
40.8389733252818,17.84506740983748,54.11119158155401,1013.6448246724259,27.49778604362382
9.080698387830132,7.958814737204245,95.15847101719004,1019.5266607092623,50.96092680804927
18.54705040788826,94.03970339455442,54.28510702445578,1002.0613713521811,26.19240404387203
45.097009837457506,26.066638256210172,48.669410586591866,1026.9196571306636,30.586740222171663
40.33467598473696,85.33464976087238,55.24293184987026,989.9939750050644,19.237222902439292
49.24292013812379,86.34914504628183,61.55622132140451,982.9347095167092,14.968518810728568
37.712412984104034,77.25225917625444,70.55930753051751,1003.7310165864534,18.385437373945937
19.659760051396113,16.88336066525701,84.05542407333849,1031.2217428388624,46.9501047321968
29.531891699731887,82.18014592542004,56.16817646114514,1025.2956101982618,20.90920066250336
33.050712712366014,76.92505592415867,85.39847480721123,1011.0293582293375,33.89857193016823
3.9227908158561977,59.67229901062171,62.69765290816645,1014.3282648299212,32.28741095303744
27.224847955193255,33.720203516895275,47.078440829438215,987.7935695779254,36.605082367425844
35.46604142363048,26.25086042665441,72.63606624955314,1030.4408905170549,44.01324290109498
8.366065200053018,12.188921208035897,77.41778037947931,1027.2175809778519,34.73565669720776
39.031585871277855,50.975706690087144,64.643918050359,1019.3882236332165,22.593523579032045
29.18863902570558,58.52608755098465,24.529197850777873,1007.9714621797364,27.835267777417393
47.61108928487973,35.93389905157872,33.590630012865994,1037.8675560967708,25.2244435500726
2.121114910344585,47.53590676808685,42.82381767121826,1032.7419183125883,40.31309514082341
13.26630687777335,36.35144573692667,42.610048476119445,1018.6658296108772,31.021009474588904
30.077693964991205,64.10060573207012,73.87366401974964,1002.3080598630373,40.37151284263565
14.827995610296535,90.12592077965633,21.467892933890607,1017.0813367208907,25.43106724689568
35.721208203562114,16.39202620469449,80.45454216396159,1014.52645559184,28.65833247067536
37.95026412609655,38.14088099031234,41.227397984554656,1003.654519270095,24.532290246010174
5.125798203323723,14.08686039508613,44.80174769728819,998.4004383012846,32.464010938969025
25.692723210338386,62.4943770407832,62.23278623551394,1004.4206475342394,38.16078301160257
25.444527779552793,72.88705094885958,37.2740480751166,1014.4346843620038,22.396081155755194
18.464038510777055,93.19127325974559,90.75770508604221,1005.6880906826657,36.07149612107508
46.646243128483604,27.887192626096493,26.829502346125224,995.814469292083,19.54475681169481
41.37531599366106,95.02112058654302,55.55058898408519,1025.6577990656485,18.59410092336056
34.86046909548184,6.32626718206748,87.95378155639119,1011.8880497574448,27.528789875351027
35.716331786749876,60.30138633645882,69.26751155369885,984.060509793536,31.05717177420754
23.085807190655956,5.713271934332997,43.38636126741068,1002.0989903375676,40.28877090937879
46.049726054828795,89.37741877619449,53.660816622116855,1033.0948074327196,16.118521041078072
34.729771362664266,52.98090570700541,76.53555042740118,1025.314191871997,23.28344884705694
36.44905308279082,66.93483507627961,97.86085946911194,999.3948070366404,35.79540584232353
43.08454518936726,83.15739259104525,91.45109747035468,1036.2909891226705,19.711174841560656
13.70357946710955,15.031062248396875,47.39462467059014,984.5961745014926,42.024601805387114
40.35354519333515,3.8591561938133845,99.8558303430286,1037.6740822335314,33.457901403969935
9.762030147824602,87.88811459128522,20.28037308248466,994.7423055490806,20.443017855755272
17.26709761224439,31.49332274589325,22.210380464673207,980.5456508181452,30.595320633457696
16.780522713492136,12.897890792716527,85.9072412136955,1006.0284821910996,36.23201350749983
48.926273419457026,46.84612370870865,35.957014946644165,1001.5382257812205,17.266266954447016
42.82686118739634,59.83060756960188,24.86154147169927,1012.3453403124076,21.65492857717899
35.058493079512985,3.0970603422510123,38.971845858920176,1027.8063716341908,18.169088667609614
36.35283808076951,27.489565825708773,54.08801231846881,1030.5458481290268,38.02140703319074
28.103639720128555,3.2799874276896013,78.44530163467239,1004.0737999767015,38.04738124825605
47.35453335542596,42.0335389195499,69.94684212409643,1005.790744622381,20.47329725046167
24.812937644118076,89.51000290662444,39.00969740483363,988.8906638197684,18.88815945678834
19.025885493494727,98.26524114935692,60.26163584804675,982.8528565328699,32.86024463618431
8.15176684657955,63.70475535036275,94.0971284318855,1018.4728994141014,43.413286339425234
39.3102826130529,16.16376937845918,85.20062215870061,983.8662575331615,40.721860039132594
36.72219660377957,90.58493899993057,45.85518278654347,1024.0298071652874,18.610006456139164
19.217751926206745,51.62478232000605,98.5811649084557,1012.3454087013348,40.32919828618644
1.259670697961468,15.374931210291809,76.68963203481047,991.914978693565,46.29918960759363
41.949866385900535,92.17266694516614,24.995948453342542,1012.371376610759,20.41093069119097
0.5708991727036816,75.7469050723103,22.812857063091094,990.9798629961259,35.8719711775044
35.18498898145255,73.17052727231516,33.4726359208024,1006.3242324506248,18.428511086243837
48.512855486302854,70.91807037944046,78.22846944401175,1027.9736189745338,24.817227773455137
21.883066407410173,20.03398210964423,34.699114067394234,1007.7151576046382,28.4801034011137
11.748670249797637,21.100669170752607,60.91894153670668,988.9219590978529,37.758553053666624
35.243550502169086,68.8292998427255,27.46080961446654,1023.4297209093767,25.363884635749113
40.85640710077926,21.972275011039688,93.67089262641561,991.2061049762005,25.890428860845102
27.321515803892364,43.86716968030488,47.516849086685404,1024.3129924622065,35.317473350345175
48.35176376280731,78.20018255939414,92.65056452485047,1008.76113735295,20.791349419686217
2.5834360828980554,78.3952518097841,95.59005135284355,1007.2245055456581,39.07159020950571
25.239779915226407,45.326177252585964,20.490291785094463,1031.0861022714485,32.55042373819724
35.9226973661275,79.21899382752451,57.13081497589856,1022.5162114604401,26.70128647291991
43.13202355745895,83.86217961980567,21.97248445655143,981.9746478172964,18.047190336928686
8.962780595389502,65.47757512842603,92.69542130423247,997.7704588760962,33.46000045522179
40.00017408818407,22.842585230842015,61.47260357876607,1032.2552396509939,25.101254901176166
27.635353785927265,27.401178038554754,25.995521015879746,981.099570112712,31.936877598347145
19.82768409949816,31.484115540873535,28.82213826212535,1012.7152067757182,27.275190363474415
6.585751428954678,11.6804107733952,50.680721959419124,1023.6695401504367,37.19717322439643
43.26478794544562,27.315962036994513,95.21873542983116,1017.3113651290746,38.47776128499659
7.863660408985767,20.951922431253212,75.43273212544648,1025.6319321262663,36.86369036867361
15.489392960454962,45.532874980860214,89.40950929513059,1023.5415109348847,40.768326891176066
14.502276598121844,90.84375478722649,49.31653170719837,1021.5218417091868,29.34739476294275
43.57070170954272,10.448031675395807,23.457095963999866,1029.2923916555392,24.71496991799216
33.6351497104449,72.02679239473956,97.94541097635313,1018.7414401069723,29.921238136597463
39.834069859568615,68.72830044131277,21.373839252989562,1004.1451096554189,16.306651171738306
12.523394939624948,9.575419866335766,95.81213224648712,1008.3145465948753,39.171729481375195
31.243704980349946,92.25724049058,49.494193907931574,1023.003486960887,26.438688412451025
28.587299157187434,56.84722021568196,20.80723240175052,1032.5783617800075,20.910994369554622
41.64151883941356,36.372552113568425,75.13257853796065,996.3331280503866,34.65056158435718
45.304353024063026,75.65385834953067,98.44322432250833,1000.5246077582642,27.23750885341629
0.6078385738693404,25.736545840163405,97.2500578270074,1035.8443637817447,41.99613734640367
33.700995952939635,69.35098370463204,32.87496089619347,1014.7107075445667,21.730991718233156
2.5917899559864512,3.971120757224722,34.4998244852924,990.7377090281001,36.50079279515508
27.442933253867796,83.9408037609272,65.24311316957281,1019.821708334743,33.34145784851798
14.38163645218391,44.81708470213185,70.98438611426596,1039.4457293323628,35.53537215166113
15.33882997610706,63.66929143579417,79.15343309326926,1029.407213868224,34.8515291989417
17.64792517261783,22.123781980668365,34.4840288377718,1024.7444681930842,39.95847146713744
31.064622452480506,67.7073712658448,96.72056694115476,992.4827992559761,35.54895377128084
16.70249828343846,77.22402758932766,71.09914050313904,1032.5683870810403,41.63661665314484
36.63495252951402,47.321318688439874,87.76375350964439,1011.5473306121328,38.70811703131065
20.226369278693486,61.77269240617943,63.20525722273374,1033.3574013243174,28.206943643856146
3.4176600154979306,45.63259238223986,53.14214780719061,999.7896697654928,42.06831259551562
39.187992124205365,89.40913692578455,98.17463252759967,983.7230631581259,36.06986127283536
14.2879162296353,49.78691805143192,66.56970966558688,1008.5585581195847,43.29562659981305
21.638343979963132,84.18087090288189,89.34988662393431,996.1902562890726,38.097177752977906
34.27219416109508,80.13520582702486,96.26339170930319,1022.9137573865779,36.1802200476419
16.6228078574356,41.050482134835654,74.02837016069273,1037.426393171362,35.98758759843915
2.8292828073357814,23.008449185747505,63.91509428149399,1021.4584490690938,37.419892941082615
18.69605235064068,40.6082132559771,20.28086807285205,1033.2160357825521,27.015727301301652
47.22242913471517,82.62173757752201,23.201571259120477,1007.1814408160724,7.611016999858954
32.08671986492791,22.763253581939235,36.068097284089305,1026.2984442317181,35.48781873668399
33.57395743336035,52.44363458577494,34.88067454847962,1030.5826062003023,23.850737820603825
31.614107681881993,80.60967479607474,40.38070361598763,1022.6525376550126,30.16161015665112
9.949606947971839,35.34774751283788,44.394771015812864,1010.4666371641739,28.931393673872073
20.916693205114008,64.22096370026973,48.80523948405826,1017.551966576922,35.12784552759706
37.54698991816591,24.56315740488145,53.643015205510125,1022.0304197407328,27.032244668806655
5.068644877657958,10.927944536815993,27.909307076481173,995.1850641932856,29.794862386813026
13.892638804485614,79.43842250928563,23.388954556222565,1028.574755654899,34.84379466505591
13.815955423292682,9.896862340870683,73.91555592584187,1037.0194723380364,46.969808321266
21.6009463797253,27.13813950795846,62.98678598744622,1007.9143589107962,36.21116931254834
49.01843704710925,85.51094219974401,55.53153617760957,1022.0640309865927,20.424075137940928
3.375127334191097,34.64692870786672,70.75519529346819,1024.2215543474213,43.558029404020246
25.935049719029752,97.30453495141612,86.21435257628323,1019.7348528512888,31.529024422204778
8.968234100610523,97.97343347738597,54.21543272929637,1012.8269064997181,26.679659690609704
48.53382727048721,26.82760204535567,71.28955720415834,1032.8988772744885,26.78824139150718
5.66517523637321,4.097822224989045,96.2857779068127,1006.9356025561336,57.01583310392722
20.180050118079564,70.50632842053791,87.16995966892486,983.6661773891963,47.74495333378506
36.89424924173031,45.098650264834376,54.080064840192755,1030.6733825427295,35.70068010403439
35.227721401372264,10.07528439595763,71.57734702517944,1020.438876338993,36.70065442136245
21.136431844696613,70.75228189780428,34.16567375327518,1030.9555175899789,25.379058508091763
17.326208397635913,3.1174909111921223,64.8417747916072,988.3128465466816,34.731982069779896
19.88061892764353,87.01966904922422,98.50626329107543,981.845176430583,30.825278386906486
13.213813157931964,13.865252911330373,61.465209216201785,1036.0624724229501,36.564023298942836
10.26664693533999,12.7311878746725,94.21106393521178,988.8636983510345,55.051640896362066
24.1519848779445,17.567229796858452,52.58679364026086,1028.579139924227,43.22869488336747
13.426687803380366,96.02663584920666,99.9075861747705,1029.392596530838,40.41471188057453
14.373083244862507,69.3169360253846,66.33760281820463,1022.5223120329401,29.09440220532815
32.837803173727856,80.13715354636368,23.381519538874763,987.8757326655723,24.604965910943115
48.42686658499461,39.7634985732753,66.94038373531104,1020.0439174736484,25.484440934390687
30.181860027968753,33.631272750495555,41.96581565436773,1033.345194999612,18.51904377148661
3.848973353248314,23.448400678316993,22.598505762871575,1005.531898688053,36.176384951391896
3.779180692703349,48.0648028312409,85.66826437557307,1004.811011262716,37.536660186484916
47.5711610422783,55.18287335341685,42.05837095846047,1006.5714985747652,17.350282821789012
14.864539515366681,63.17748436527554,83.72388432371989,984.9363134405723,34.96815865839183
4.603349304123771,25.71185039986945,43.05740663646936,1033.5215341417984,35.42523698237023
29.952229357519077,94.86540809029907,35.54610830990194,1032.1509718388306,22.071441971456235
31.182438914513305,16.975849820713584,97.9148459283542,1039.8745593074173,38.760748668890095
32.42524100593441,96.56531747664123,48.93162622040157,1015.1109884899048,13.61881418917573
13.370101392877064,1.4856122507503788,68.11009691545283,1025.071498187083,48.89974280253559
0.7555342107237517,48.11256918168456,68.79851942515772,992.1603143784383,34.94818340521344
48.25076847272359,33.336783811656275,64.83787857388015,1020.0517290934501,22.29581551931596
12.544652284555124,44.91234139302508,93.17565948169717,1018.9839709254435,39.198632257142904
33.801314402627376,57.0664578980789,73.95528570934948,1034.0725241504967,30.126028991969786
35.331493493935476,43.558915801270906,52.29864032839441,1029.8475633703445,35.52130677251751
30.500370853974285,41.4846850301595,88.99043076194192,1036.3079877570658,36.86326187049888
15.645369710682411,73.27234154133066,34.485031929277156,1032.1300083620965,31.366837309843387
13.554812688203288,68.58762750864646,63.5389406088334,1032.121633693931,35.3607481457944
29.883414135135155,83.32712820358479,96.0440297555005,983.8233996013231,32.682643306946375
43.304781680584576,24.995898123949555,70.03181039043301,1030.7577171617575,31.917549100664814
47.33668644616978,60.952850975406356,85.3574760379901,1016.4487036701871,17.91263373486599
5.295290220187882,58.51947853928539,72.28485804361543,1002.8266671059577,36.94913470447892
7.7414306298859925,36.973781087268875,87.14966908303123,983.3908774632837,47.27176616688345
47.236812939153985,48.605754190268094,95.55903038761949,1020.6604264860828,50.16709884112501
36.82676141673963,31.378214330572874,41.833738202618946,999.692105032257,20.801508310261255
44.149691241488654,14.18443976169852,33.57288650053751,1008.0665758991621,27.389312946069182
10.131631706767157,21.380121066273283,58.719260026603195,1020.9037062233081,35.93322862042746
29.379293555470092,10.55136464012011,76.14899414593727,1034.7064728214486,47.225813567150766
35.056979720873684,68.30695751901241,38.17530025457729,1029.5262149363,16.94011586479184
34.00559427234863,66.07273931091515,20.328116034413366,1007.035827746216,24.245679198869617
20.407584543334906,95.06063715798729,47.434809266936426,1003.2669894467828,19.256166602655966
0.7697445845654238,72.96784136472412,97.50874683742308,994.3867843306429,40.13350686008012
29.146302840213156,5.204583875613144,75.59739684846774,1002.3456050705581,36.69060573530701
12.655076958980437,88.42451739289542,52.10603551529792,986.6627832375138,34.99864457375933
22.51271230714452,86.26751629457257,35.406087787747225,1038.2663305018852,20.049840325806535
47.879050754190864,44.332032077269865,48.48717390037976,1014.4350466375747,26.82177382806114
19.951765882121737,58.586305052792156,33.587154664099835,987.6683505677128,27.78116855799323
41.990080333221336,97.60783324725189,28.50446570503611,1001.1683605559543,18.045196573612813
9.427030287462557,53.23043638481663,92.5393898058043,1012.8223486172394,45.517866291920704
33.62302490125144,90.53218283760897,99.81202707003789,1011.9731381984521,24.398357605311958
48.85034772194717,8.303875781018643,33.12915516766323,982.1302021231179,27.919460288668787
5.094655043646839,19.105186870868284,24.361804710262376,1037.0504620537467,32.85184048198629
0.4159971113596006,44.07549434413178,46.37848857169699,996.5225408884967,42.57424281058755
21.67913963163072,58.47568083373047,56.932734460913224,980.9710801359134,32.220809971682385
4.63127415256836,81.62278518628003,36.385699766068356,984.5866405370169,29.290285103666807
37.419217483811565,98.82621151431869,44.113992943884675,1014.8116941948787,17.594816583450825
45.727433192427945,38.885149647411644,36.06965885533262,988.2671312405058,26.425521502417112
21.701048635437942,4.741563614008493,81.9408454745961,982.5034875712101,46.00148404798602
12.935582107772047,80.11715032953248,77.00623545978087,1002.7775879847627,31.789839709076603
21.72016595033049,60.43807190828081,70.79612126087854,1017.3656715404113,27.481841815105792
36.17239089250005,19.854285886820165,50.97742856633638,986.7103882904968,32.75473140905449
0.4527080790185489,49.48284566214202,92.72327530513888,998.799669929079,36.297732994264145
29.472699474234858,74.23102455337244,97.5626033228016,1005.0656402974726,26.683228818847127
30.664584244368953,77.04117870686437,33.89114501003296,989.567605867206,17.398029347212443
31.884412344796775,49.9618411998762,37.84101131295024,1010.3644339080026,23.984680136482186
12.101103999043861,30.521453012885914,62.050482240029574,985.1128452141063,30.38569329320758
35.70263616890634,97.37425820384935,27.300045542579625,982.7911097807041,8.348612809036304
4.56957431658882,66.33626109564929,54.91587190584902,1011.1901220293081,29.51946385023632
9.96351682334004,40.82375193462987,66.54330118221681,994.8738183650526,40.759913537031665
43.873502332724094,28.04632242046524,61.76588569098665,985.7224284738817,21.394928120628045
36.93615753632832,73.11029830035622,46.47268664624208,1005.4347552492579,21.726372621216502
0.6872777005672626,24.21834455937677,63.39566448617654,1034.9084443710437,52.052993106067305
12.41881301849001,17.17099889736882,96.70407634070783,1023.4515467992493,44.02602794167182
10.720324149658229,52.98338889620703,36.481392343310084,1028.9369549208216,33.989166764042736
13.540316401848628,28.998739264414187,72.38650867152029,1032.3148393255183,34.55210414898463
12.377988513994321,62.890514492361504,23.471735532484146,1038.3576644837851,39.84283988461459
3.126314787142287,11.793867487423348,25.313312358514793,1025.7947944108503,34.22913911141706
22.947025829841017,65.49411045673216,64.1462579378868,1016.5044753163688,30.117985980127294
36.63667373930826,28.329652799770223,28.395134426235956,1001.9255528181349,31.799107208365413
30.33658623587182,0.024293443451273156,21.787743074148587,990.8985941934629,27.814056905616777
33.64358342990399,12.693605767417637,33.72103981184178,1021.1995924389977,29.09915612821933
4.057458926811957,93.3615377835094,65.18793367996595,1039.6969991673166,33.350296975001044
47.57453550883936,86.73546391153579,76.26727636151459,1008.0415210771351,22.02085294167837
41.92459169215124,23.360903203623685,36.1982851313104,1023.4207620855684,27.577200237540644
40.254515924783135,77.83719045454912,73.46075497665396,1009.7055469995894,28.857866309590555
41.149190252088374,60.857159317397425,34.598106487938345,1005.9160054018085,18.401320917797833
46.63552540663807,97.09047114498695,69.07659413050057,1004.6183368135949,17.66374883862222
27.212698305684885,37.36056595340591,52.956774391663906,1010.2774809759019,27.943519246933747
10.014100893381295,68.14606125171713,72.30396074668934,1002.0137397119225,28.800762442056904
30.839180392627057,6.353572242391858,99.60422019833979,1024.9263993093084,32.33989838131335
37.14407468339695,39.6247346816406,95.02535721860495,1032.456321595491,36.02306987764196
36.89586966770127,96.38176611881805,20.34254062688829,1032.973118398711,22.436884965690837
26.072451208344006,53.89808744501205,90.83510114898446,993.6619228055496,39.382185987180335
3.422935966678903,28.787950333484456,25.31926361398132,1033.7545483238894,23.397348319539567
18.55564692150639,12.027096312860685,96.24372689278759,1000.4930739113063,41.19169136918997
46.038330423167864,70.35283401815305,42.54605432797477,998.5584599291178,14.73583504105011
29.2224454878713,64.48560434297268,50.562786432901675,1023.6053634438941,28.299918342258763
26.91659716278567,37.39387136037746,27.331056414058228,998.2817804051774,24.90181019129193
13.442675719109676,95.09413518658343,28.981820666312768,983.1779843365827,28.16817608351026
18.422445995828944,2.2202812987850318,78.13924521834556,1002.4170663386185,40.66470072889031
44.76730445765846,30.37238516318258,95.54657885986333,1023.287936021501,23.59030622120428
33.32315237634179,92.10694862995814,68.85987959634477,999.6175052162106,21.01826210387987
39.36935133761664,32.09354383194404,77.26800124214489,1017.7735433597088,31.69443684316978
22.717271153382757,25.225283385517038,80.95757956777229,1019.6071666557879,38.3886227298705
31.512360972807897,53.42204099312473,41.02514196423534,1024.0241607035814,19.549958079032077
12.419180437160376,82.3801749920538,23.618370473617194,1033.8278279786562,19.313241982531604
35.27304151417432,10.314676087836105,20.149819513533487,1005.9538699561059,26.54939695098213
21.380066685166867,94.30207096457362,48.05194263632149,989.9859245997475,18.884946255183117
22.12727574073728,79.5072881181164,39.31713825593729,999.1355429259133,17.688222930372106
32.466116228844086,18.125025555155194,24.985418003934853,1005.9300353104392,24.828373419473557
46.81403107344633,71.20079611981626,34.362263399493344,1022.8334881596868,16.744489882408953
3.200317330431046,38.495872263755714,29.959911861435824,980.787327533698,29.64804851768794
41.23716186735038,40.22946780763187,93.19027044938963,998.9471230063928,28.78470290294318
14.619155520609656,78.32900924388665,31.221377076733514,1026.790554861159,27.809548694273623
22.195972725318892,96.27848079807322,63.011877119014336,1020.2514621998417,24.709356396046896
1.0956664387504478,12.665587284719393,67.44847640897316,1023.9043984151363,44.093585877875825
15.05230389171565,42.06302368788194,63.4791566166907,1028.7086461663516,34.21171019894108
25.131562131506524,48.09416080843035,27.92451473727904,1026.9941431326777,27.957926129883695
2.8088038673719504,37.63118169549976,45.5038689400441,1020.9309899691667,41.769468637811606
24.55478646915826,36.3189123716225,24.10162659705226,1006.3796919422355,31.680749877445795
46.35553144292137,5.226866756159653,51.65359312770528,1039.0158997326891,35.28006321064762
5.2696609053902606,68.55386205626233,35.08791450172736,1014.1443917354044,36.04052501720968
38.22203640377522,43.62144171200454,64.93060266275037,992.1661525621304,29.68694601603117
20.483552668799632,19.479380264392677,75.42467150792804,997.5687713062871,35.74491413703507
32.7586857262169,81.60335023020684,62.569588816376516,1021.6137473582282,24.630967914654164
13.011829899261468,80.25607481516279,54.738935728911656,1035.4843739119679,27.342484854102334
7.974613127067914,48.63916280888938,50.986673668535396,990.7232077523538,34.968811441575866
8.023130713561322,29.845066114776053,87.3353414477603,984.9407897447472,45.63460858007266
3.5245972821572327,63.80927257964524,37.5494452052216,1032.8918628825204,29.963609581406853
9.282335245062152,28.815213577740305,78.73746716230951,1034.9166787347701,41.39664242443028
33.21096924944841,23.600793032371204,80.59858597920952,996.582760718954,31.05126188958002
44.084530592175405,73.05146540263266,53.536000581658755,1002.6371434622744,23.339408889516488
40.70628427955809,4.0325239720950705,43.784047938051145,1019.6112798498715,26.33777818687842
34.25671549372421,9.476847103459395,57.64331888367802,999.7958012505485,28.460161642629213
5.521593170555134,0.6788174023589777,27.45711407141588,1032.6295224962032,34.38696439457388
14.459372314797491,15.294318647542616,23.674402578327197,986.4547221628318,34.66965514004004
15.490343766123448,6.899000871045946,28.928255956151343,982.2789332576117,32.904066814981526
12.49784731988106,99.58023677799186,34.971602516978095,992.5091724045674,23.98643730187438
25.750282985486155,28.880996995408957,60.33414562704344,997.1652666922981,34.427265095451794
26.77769074398363,14.926801266924727,87.93093089288976,986.7755954773326,36.066583106254306
17.84429875855551,24.099625799591795,38.851386559974955,983.9414257604388,38.115873760107704
17.6894579368218,93.61255715401346,94.81296085974225,1025.3364628101078,29.931249520249324
41.42777989530407,52.016022302439566,96.39263271480027,989.8565939541354,30.431233023381168
39.46464241598428,36.48180963078569,96.71236838761642,1034.8353319439782,27.43216210081317
15.389791584037283,87.33914579092193,87.0050187741059,1002.0799796868857,32.747128396099754
45.68942219366296,39.499027054903245,49.10600326381765,1020.2363485832807,16.455720609115893
47.6407508501253,33.50085699576958,25.814712880209846,993.524126886128,24.571961127935122
16.33712710150204,20.728252254973555,65.50549854131958,994.419366109512,41.31276758246811
17.721247439652743,37.77968239094115,64.69451551497869,1014.4825521720545,39.56033676832034
25.28170767109794,31.6684356016926,87.99806136876765,1013.6385755087591,37.60548725486402
47.056040626683675,67.73039592981411,99.67928407568841,1026.1237536807248,24.925163880430784
43.815971657115576,28.958270467072712,60.65258452481181,1025.4687983416559,24.304941941533194
5.12839812917949,57.71997464225615,47.61632248318274,1020.2412658798197,42.62761706319695
19.63653716357081,6.589216503197271,34.87213692450136,1006.9478339536095,40.7382799373554
27.668559487488594,19.128915669651438,20.383985985389657,1033.438423176837,28.865682732887322
25.156623627577,40.74052716113488,60.729095399110335,1017.3547094132779,29.99724852334389
9.693153396844634,93.69492539086954,64.44149333620766,1039.4119094277414,39.76014074433819
42.940838558407734,37.72519857156954,85.99507838539179,1029.1621890760616,28.09521830772668
33.84703914984187,66.4074121199834,60.36615743142405,982.6585886742996,27.79748847172824
41.89541874259018,25.508722242139815,93.31746789328452,999.2356344248191,40.36262155249032
42.93821396747361,12.703357597323173,70.24667812571484,1014.3125429882571,27.229760130324827
37.41779268328699,5.853660008005013,87.22689905768665,1023.2881722722892,40.62521242649774
21.960530062485866,30.541349854275136,31.86413878461977,1013.0201898657165,32.74053459005337
30.527337750771228,15.766102679690796,88.42689042418517,1027.167825347731,37.61499576622414
8.018270305987157,17.40104480161242,74.01150835550787,996.9593391654407,36.66815946901203
33.68227087374539,76.075930838695,33.61864259506645,991.0347230739695,18.26901770422986
8.962662786964037,1.5838070944874216,35.18108465168087,983.2350010273863,38.28193853701519
34.69747952550784,55.78101257354344,94.1200495235377,1014.3988246742913,26.041954832602855
11.479908037698433,37.94613805934648,22.577228836029832,1021.3159712405297,31.96803682806214
5.877565007510999,50.65499999085472,57.00279546365649,999.5689830271617,39.158284399061245
8.26422450714787,56.28302372146029,45.078023194728125,1016.8150510913526,38.656535640791375
0.0996067609535134,31.336769445727818,73.20619519987424,983.1294338511998,35.22817361184519
35.93698089267651,29.51088601842853,87.17035100551936,985.9576007778082,40.38375828254463
36.620052452918955,73.34018493349058,48.830249724525565,1022.1052863355098,32.66342642706396
25.746667495662972,87.12769881211571,54.15216698582697,1002.0841823130379,28.51849640279231
8.068140052769184,19.25816324585279,98.55342276011314,1020.2800418661803,40.39211300380124
4.177716875534488,9.761876053514895,82.71332077433622,1029.903267216795,43.87501435067329
0.9564483218643505,89.77958063920259,91.77633047454331,1031.157346248567,39.62671771008073
8.287408848261036,34.989546364739866,55.10097765213038,990.330058727867,38.17888807507738
44.54277674915733,55.13173906628141,38.72609631872922,1009.1771343410808,21.966357966473666
12.076842085084088,35.95431445200035,52.94907723091613,1024.0356034179492,37.350415296744224
17.71356636086078,12.58023363460513,77.28735342652108,1026.4388357760147,39.8360526710841
5.267274224066659,58.933164494772804,28.754432386878346,1027.0805588437327,33.44681279077034
11.118065237408514,52.514085176962965,41.637528449320705,993.6900400628351,29.969984873929384
25.961228539010257,20.299355919119723,23.73087203692723,991.5520890634264,26.621434848280217
30.387634154782628,45.186904465227784,54.587819067050525,1015.4007480964218,26.721081276645112
12.267615708310553,79.69475040156459,86.19565887836906,1024.4651478642932,46.09518970891195
2.8866079612558604,59.04261031078914,21.973095063840866,999.1483709320516,38.56819218963311
19.551643456369934,9.691732706699485,74.02588214457327,986.2823094117452,41.51133315240805
11.710168546316707,54.802149722913505,94.59966996109917,1023.0047829746046,47.0233256038093
10.977696161490098,70.27382992895869,38.95422892089458,997.9818698828003,34.214386589336705
47.99314013567276,79.27034057807514,75.49078725821185,989.9817634587033,24.44463305696678
30.815024296286204,62.91175786342668,98.00815208801603,988.8634117038279,26.154951266952015
27.843922158604794,15.265816454078374,96.98224481219705,998.894572851603,38.07465028524664
20.788755176166095,71.01732665901606,38.79433544233146,1015.5606839548248,25.856815316603022
21.447216671507213,67.73418460815164,28.026484256965496,1001.504134321629,20.101095997249292
27.045250191904042,2.442688294063322,31.862603031673274,981.2397110956059,23.355529416652484
34.82149035180536,41.174766759024315,76.16285347857138,985.8145060806687,33.78039109479017
35.107304809091474,33.29502469623733,78.06071003626204,997.4301948319171,34.15853810158053
8.584695385272479,66.94120642536434,73.93892493025592,1019.5822689288256,31.115969959658663
25.00563760383135,21.61358123109207,46.886271019379045,985.9109044081121,28.09871680462954
20.597904751705098,59.08719229742585,33.58215518064977,1013.6394112100409,33.76813221181499
43.52634831346921,91.32059618141723,66.46088735618025,987.1931522494402,17.874549468650557
31.57094606091882,79.78023722086077,58.694435660629324,992.6969196409628,26.802790721220944
26.62520332079909,92.14577362165303,78.30673176978428,990.3313116533458,28.14160614228962
5.769732108945869,97.850596693269,55.30880629484972,984.0337181342486,33.73283336021209
30.281894466170574,1.0670127006162766,47.09117557491747,1020.2797890431954,28.737464243906572
5.860195284011671,62.27412763774775,43.47828618872115,1007.8042128431621,33.88277322389367
16.860328778287602,41.283939775890644,36.91762560397972,1029.8632064538403,32.53202824532781
7.142098240716593,85.98544903351217,41.25971009493291,985.933450398939,31.05735517779862
34.603682351218445,25.181470200913168,27.58643510752811,988.6839760002844,26.14776235049112
10.31260569180763,98.10294891150761,47.74856087431117,998.3874638810271,30.68900341304472
19.5929686594013,61.370796954374725,22.925584989036658,1025.9519592163285,37.641758299678266
44.783738880938934,79.35374022288309,34.913107773306145,998.3455293893419,31.379869951068297
10.215819169948514,8.559955282276832,79.74163556955432,1004.5051224499216,39.67452580128573
25.390253197938957,18.345788475886504,46.03751909412981,998.0962139778298,20.56468243494324
20.9635830583011,75.84036730342032,73.45896135818751,984.8134575080618,34.559478209666864
0.9062020522864866,2.198652203932361,77.3507340477822,1036.3660173737712,47.5094669180699
39.63790567864064,81.68779858937827,66.49482741856909,1012.9123395242714,30.21752863665867
3.4522953157299865,1.3949018691911452,96.69581930923188,1027.2699912911298,50.03902343914585
23.71275104884768,65.71188390612733,21.71518932984906,1019.5014255311178,24.995312902461276
28.033914746947495,36.50939202318059,79.09221204705136,1010.8552567437185,40.40435629491588
31.421322830729352,61.149485271919914,96.70293151523265,985.3806953995628,39.75561120093456
34.431581465393776,69.60314069891137,88.98173834823514,1018.5640127162183,24.235952203145374
12.663619176135754,34.24752191863042,33.43141534440107,989.32222135621,28.23428784838267
0.49893883292246866,10.796244811083556,46.14562450013857,1004.8629901613766,40.00183255081983
36.1721831177456,6.964586774826564,33.79614719011723,1017.7467886088258,29.108432357510686
26.78282996737893,58.89360225625479,68.10466910517633,1026.9337400283275,30.4402499337426
41.805885160362436,52.06553537341115,76.97503855835939,1021.1027105425171,31.131026798463836
41.06941814503472,74.22010091211325,45.36590154904466,1020.2920117432777,27.188413879086013
42.16630838939416,50.97355100039371,63.16052591874364,988.9425325505124,34.85923047556781
24.25473299897701,42.244579003087914,75.2736456056956,1000.7677124042953,37.440088407802854
16.681419791843282,39.808717823623084,53.70718532888387,982.5747363596116,29.200606414343966
39.5779101295685,2.6446902597667465,88.32124243643675,1023.1686135905878,35.57683544644095
22.564705651462745,33.55572016966571,81.72399482302538,1037.155158879045,37.239957482331526
9.172109820171725,97.60201575244942,25.17324350804565,995.8466234107445,28.494285673031076
42.748700978073714,87.35555762270889,69.69002392726632,985.2618025497386,25.279413751561428
44.127993838617364,32.93780670342177,38.826044076779965,1008.5342046052192,34.45439513725154
23.315487807008505,58.77954050663722,64.60146117338202,1031.4018933876541,29.87809097471957
3.7849863654893734,84.7296745535494,96.5510754106373,1013.1184517163068,41.80031964975399
19.391304495846562,44.12743367500687,90.32496036418001,982.8066290114068,49.48829890732094
40.17688297313017,1.795786375015096,52.361312249210535,1038.4563344316769,28.204645512056548
45.088701427311435,7.451046181864007,43.32110866754827,1029.7189945977561,28.28657462655931
10.173637124879791,51.039272134870664,38.752459552660724,987.8956446230906,27.43036096878984
3.348680601263576,96.94393756758784,62.601189580521606,1035.3078653902105,34.54777230588175
43.86752265664193,69.32095422188678,29.139876260644506,1007.0412973163113,15.258369425553441
19.470246948943764,7.091619143856953,63.942000650259885,1002.3138794344965,43.06134620461682
27.088048213378162,18.936087579186278,20.106691159263363,1007.6631998316313,28.62583874374703
48.40329060253794,77.132314321685,45.90797045966759,1030.0743174122567,15.316477004353922
3.3282363957111425,84.14397599562447,37.5947451064465,1019.5687806972071,35.56055735059368
32.41590037260478,61.76945861885908,97.69750319686256,983.5549071439837,34.062337843099655
3.7052711287433535,64.44231696298166,78.17938556559832,1037.4562622669703,44.42431393137526
18.77344642332502,2.8337450383384644,47.97227043697902,988.867048008699,30.059459955150736
40.190727259672336,82.85302595815085,27.42760692244964,1024.734077104121,20.850423867976385
21.67361163778172,78.82752081708297,61.34404757524992,1018.1681918256878,33.786843872981976
49.85911769514752,25.903514410334715,37.075830506083385,991.2516828767937,20.461434032691972
27.952964247330108,70.8676719965507,62.91436367186862,990.243924566783,22.214362933421093
16.058107631797675,21.48546064249981,86.8289883343114,1032.2196556222816,41.234725531951085
11.005566295237657,4.033016105151299,69.26340416811084,1005.1816954099759,47.66874950323435
17.52602671430809,20.113654259037727,70.70307356360019,1019.2745908504484,44.09143106452308
18.62666368797754,17.86288767542995,63.28242312502492,1010.2442602314004,34.92081862566761
3.4356838861980488,33.77479967348472,94.18125061051273,1023.6412110245576,38.516399496977954
18.47870997133866,41.84494971754581,94.55221475364826,1008.7545425023599,37.21391649819039
23.211925986961248,50.853889149770794,61.017856085884176,997.2427949153341,29.446179346464298
36.13688761194023,47.675387550832816,44.46075897148035,1001.8030022597898,28.06880276877638
32.8364742360804,27.067460596528935,56.766960470355514,1031.5446616670206,30.803241458896117
35.438282761457714,2.9170668574074465,34.92463297564925,1008.0820815753636,25.450824004990892
0.41818409384285493,60.51016222371507,70.90754522544714,992.8069599346766,44.57711486828957
10.883369979026803,39.57448298473544,60.007386862578656,1036.0763232846352,37.94230454012209
33.084214419992826,29.86721573875497,28.264038225062393,1027.7960273899025,28.80061864533877
24.199468408987357,86.69410428305123,35.811822489569224,983.339968763372,15.224394627045157
0.2656737834172973,74.67433077981597,58.37055649596215,1039.9365777188311,24.625855462277734
40.22473212159112,85.77655483724422,91.00711925750866,1021.6956017864061,20.992175896930625
38.64047866451687,49.4982794712461,65.31125765048779,989.6159959424352,25.384319891908323
27.420958149678132,13.093125212677748,74.52280001667766,994.2300608779158,39.14920134195779
3.323166288813606,69.62214361212725,47.12228397951278,1021.5467288744928,22.56887857452348
38.32575247662923,20.607377993717524,65.71291144353874,1026.7856633167473,39.538446762365176
29.185679386568196,44.12296690917168,55.7903858110454,994.3421565889884,30.68023063039959
39.097998857897956,6.5000788948888495,72.73039300985286,995.4181312339563,39.979988994048334
37.58734961979202,82.53084024229824,24.04604528632083,998.4272416923236,14.35631230425652
40.15010359789186,12.594064104750057,59.46401729911673,1015.8811018901982,33.19208681369137
25.90040332023124,90.30975070493096,43.679410011517355,990.3089706980766,24.722974498980598
7.016225909675749,86.42306022615571,46.09480490223274,986.2545919330867,34.72057034375112
33.557873668984435,46.4582764439246,96.87339452464491,1020.7318453451309,33.80349950251298
31.02368925259853,74.43682043039907,34.61558501691062,1026.7458763875902,26.082542506506876
37.11265935995436,61.94450738181533,44.89962020628775,1010.0557642649903,29.858786363931127
8.494050302536765,80.30756423377449,60.79140605846974,1001.8299626161031,30.060457177495174
9.748759995014462,43.180510078591205,89.0421558519699,1005.9225628115886,42.18331679011204
44.52047586096642,78.580848424435,53.33360665650964,1003.3044700323171,12.152591612277622
37.49888992260354,46.245681706514794,79.50922247105368,1037.5990944942605,35.05664520842751
45.411424435016144,94.09657878427939,88.5099278571842,1026.0853943131483,35.278424573220256
37.93576605819604,48.637210082514756,44.801308465747915,992.4852328910066,18.843269863228553
29.857765299515094,46.261927193372955,51.420014683096795,1003.0513491232388,28.473600573597757
32.70663685139368,78.50718615635127,48.5244978950685,1012.6407374817866,29.01118626741334
44.456396197000494,82.15776917608379,86.62846468943368,1016.7791517238213,26.674244328515705
28.940337725597026,55.44891143211708,23.547748956288093,1008.0910337617261,25.03248831525305
31.619566216419372,17.97978134950754,44.6736871062944,1028.6075981007175,28.774359820463754
7.823835800180029,46.77582309575795,74.35268460761039,1026.0563611674938,37.248535599422055
23.696061005805134,96.80725029096784,65.23547996522741,1010.30947511769,27.508497398372697
35.81985559790495,75.29861930391851,54.90314874349554,1031.2657632069038,25.533326076595856
13.54713491581827,81.11626038791321,63.19585817771075,1025.0653718265432,26.637713341764126
10.112709026226746,3.282549881924013,35.80676686626546,1026.7149109232387,36.95313562261402
15.691340411220779,46.78594626341599,54.45732972864083,1037.384046766005,42.11295333845502
12.075031399641672,64.66211336575553,60.13623873410793,995.9880164725522,31.495806415154657
10.745631851819793,83.00326836280748,92.09512975636814,996.0588897420109,30.765155952095615
21.242542143404346,4.927365358277147,40.866813024318105,1033.3371353414384,33.914185141695334
45.391925694176706,85.24388856418732,89.42628017319461,1026.3335824031408,22.96558304874878
25.352982336935913,54.84009367419117,71.53931206607855,1035.5927324861377,26.40113826452495
9.396019040766152,19.731397057605992,21.62726648540808,983.7878096194672,33.56374305587322
3.848583469043704,31.72552164497,77.97050695195149,1017.6654246356958,38.91034714454114
34.80780725689626,28.192955175156076,22.844150203924407,988.6777002874069,21.554968007485936
19.139938221819392,53.08590342884758,99.79049014510505,1010.233831897555,39.62981525221323
41.09154732926796,5.168567991113182,89.81093501529583,989.3448159112066,27.488342595815123
32.97553843203851,15.853615849992353,43.78749980320365,987.6847105390927,20.87594781539599
39.81207252706842,81.26930433757823,40.592898415736435,980.730100722922,23.72734555745021
13.597301970922437,13.260399074681107,50.515286568448715,1017.8143287429742,27.614181057761535
34.6179461230529,23.339626945812697,48.49335722515544,1001.5413570014051,24.442095715767508
13.203099234685938,45.33706056041573,49.787025470830486,986.3112970927383,24.440446259089796
46.95342397251458,51.71208881133305,45.46212368955843,999.3702666638786,19.858805479579498
31.81871407666872,76.36104796141586,69.69067254786651,990.136645487095,29.9549085110355
16.225590008767103,44.73324266661878,33.141093097649915,1036.5016898900997,31.661886236819356
13.475593114613632,78.98646210355388,87.67850339568105,999.2002931456809,47.89382417481272
9.546329253582176,61.834630704545745,84.99219872250522,1000.0372113973634,43.876790278738824
34.73204794468639,11.309973942382246,58.11865662842163,1030.391480203975,27.859227069915594
10.935780649896365,15.633143839283859,88.21839722228381,1018.8653456771602,37.52074289385643
29.765163296374453,43.70337254497708,39.77160560242346,1022.6102964441801,41.391500230714584
13.231751346267867,39.68893930890396,21.405236456317354,1018.1601082393377,35.68842832713042
33.09844723969343,74.35442696372945,69.53663400238584,1036.7717770369138,31.487801809163038
40.74698642702696,58.07371397973519,56.63275255717723,992.4200498934827,25.42610561644272
38.90126215723266,38.81330810022493,65.37316370366966,1039.3423545053477,31.1487200258402
38.042566546539085,17.076028345038562,91.94715272147224,1029.8573706533907,28.59848114541093
9.386120284612604,22.683710232549515,97.59404588527548,1015.3383553325805,45.386862731788035
4.419247349225936,57.550101846905896,70.75625118044825,1019.7422974637749,39.02365622417944
34.94744142436928,42.34388048997925,81.12444718819506,1018.9295525900368,28.04794343821388
18.417360689717565,51.492750886067206,26.70467467897314,983.5037734435492,25.048661107352572
21.617311320167364,17.067743530223368,32.85724679132045,993.0809899119163,38.91412103508162
1.5574546396695532,66.29062523445658,78.65638439623812,1037.688253071485,39.57004920404457
12.97882246375246,85.2538740855967,54.50923651104016,1012.0618657315628,41.094445156267426
1.6838201937232011,25.79395067869006,55.677221632352456,1002.7012161957148,31.357669260344274
43.95928863006238,49.15142258318266,44.688614530834926,1025.7223078033444,21.24415855722641
12.169834160926523,97.55273290209018,68.5885106782195,1011.4711365593486,24.115083038198325
27.866858478650403,33.32417405507277,34.81320363329621,980.7897662859139,21.83818865215114
1.9489660330565206,59.50463449237612,70.15330234511165,1024.174255802907,35.07029868037383
33.3423695652829,9.019570020024437,33.903908570819176,1023.9330536031716,30.976127619951953
16.151367287704694,60.601500247944315,25.106082776777086,989.9089227265985,28.732661515344628
44.89595934788329,8.963177330461791,46.42861509592488,1037.3996053054527,24.690727234948596
44.40590944670179,95.92354353238221,38.49122736078782,993.4344878924669,6.32924888803584
16.264530918087388,71.56626520723114,91.11933108450658,1007.4649620429319,43.90967747254606
45.04804478452339,78.81597881357064,24.396276309490126,986.8841576756549,15.312289703040754
49.80788367493894,70.41043607716368,34.12909540592983,1016.1969391670353,12.618443532526435
41.2707832061974,58.97290360764658,63.89756844664396,1002.5270672034328,27.471305193791807
42.24356738776145,44.99127810855054,58.48537526779789,1001.1904077325823,27.386642270253713
12.450436805454496,85.83733797610624,23.668161469976123,1029.6186126332568,24.950349308914753
28.835119942887815,95.6835667543063,20.580194241211558,980.5737027710287,19.96226561151286
3.3627956983683926,49.90361729040813,99.04543535689199,1027.8768062535453,38.38000178801328
4.745896841083486,93.1535049155262,72.70677602870705,1014.2869139448848,38.99219935520851
49.94463060166453,58.33329099885175,49.232490472124546,1039.165910808812,17.107138032826036
16.331962471295547,53.83841868964332,57.634579813059304,1015.366593236255,30.381239949813843
37.40919560244232,45.44827329553567,41.32400963634296,983.3227480488774,28.081479476900608
40.33325265134082,20.928776153011984,47.58990269545678,983.0387195866235,33.366201210398714
42.90116355036146,0.37196608180591895,71.92355738145712,1032.98917918231,41.20964435780743
49.881414870107825,24.150622685606127,90.62494390938966,1030.4728487306631,36.84270302376161
12.074824262843393,50.97231716035652,34.730401846494786,1000.7534045349214,29.62458845377507
2.0175413429849853,37.99599522597526,87.2289204308255,1017.0819490508683,36.055949774645846
20.5595758997293,44.84852280026338,29.724530361461525,1009.375481423336,35.75874206075529
6.504033491447347,98.06482195640496,37.19937788707129,1038.0298433081632,36.17629125067413
1.1212944581027562,35.027237066932756,22.974023043971677,1036.9976540526136,31.727063726756445
18.021341357074306,45.21829393601079,31.264948967439956,1039.0303405124464,34.88806254376435
39.18691255376182,13.351555135281956,93.38425163712404,1031.9869268380558,34.63525803301929
28.309034561253544,4.795773243698765,56.75509972947029,1034.5730954465062,42.47882359316337
15.638899460517703,77.54095145924947,26.213268942268286,993.0367267260282,23.51263657976164
32.71710027463598,57.06831750719786,96.7781470431169,1029.8604073393865,44.2252248078872
11.600909015440536,76.0704806043895,90.319384620692,1022.5314267922565,41.58181820186905
0.7190723036042512,14.986279888655163,80.3746016694513,1037.7671905296843,54.824908604494524
38.21766932182137,57.18287711826909,94.67782335580463,1014.2757097065571,29.724612840879118
31.187154243200453,25.364247434137553,37.61035366686113,985.1100300026334,30.21633065592891
38.115131225047996,22.806181690001992,86.90954344080691,1015.8439334712292,29.531756657309195
1.9469008343832805,1.1526014052985256,75.1992957083445,1021.1948556812773,49.96440733962836
41.85598139153261,13.034072356907188,89.58073996541506,993.2192617227457,38.67650224030229
30.976310001815165,30.926811149969534,83.75292525941038,1003.6468030107637,46.975420324591255
28.169767535632005,11.687876059093904,47.719605054146,1015.9102048431008,35.006625974483164
31.23070240572658,98.58584404109375,81.95188296138045,1002.4463442389904,31.474385215689992
43.2216623434182,30.863264852395066,40.996504238791225,1002.4968630343199,22.53243582572121
29.346825327945353,13.032394670232817,46.28737304224438,987.9851983503678,34.04241972111332
29.047518994408968,19.908231282795775,28.632457377838094,1036.44480338466,27.159229804328728
49.53395785328829,58.77032283414765,94.8061292784375,1025.0296630697057,29.303596807968486
37.8365083534284,6.404352386478851,43.28026907202252,980.0746063319662,29.71472305049527
22.114690272556764,86.24341301411569,61.64979721371615,1025.93679704133,27.48593277295957
35.369850001646384,96.14996792371473,51.30662691729541,1024.3876995594715,23.01252171862832
19.461523584589425,24.674742066738087,96.79424964668013,980.5838576093314,38.6884074685709
11.44377312417495,45.00952685908594,46.803933675078596,1002.1762578568258,31.971374960068033
29.84259384438797,2.213445102949707,82.28366571381513,1016.4048614195318,43.6198476793629
46.409104905697575,64.07102247272215,88.4332923704944,1007.1650391114822,28.695529127954373
46.45697600077314,41.39260580525889,54.84851979847727,1026.6791671232304,27.159839292479756
17.095263905274514,27.005846610155572,50.2537451562345,1005.5274999580661,27.272924095070906
26.38387331108475,20.683711061660848,79.81966567461023,989.2317781672302,38.63134397419658
10.58179492849306,65.40230776587605,93.03167842449872,1038.5849374564298,42.40379857754407
49.78155547494417,41.62170310323145,80.39453864577906,994.5223995665629,25.601298721947956
49.05589539339679,17.9659289029912,38.170109247349245,1023.0615386324799,34.838534032737286
32.475446485372366,68.91090814868241,91.06461979501643,988.5893786998444,20.09161946184907
40.22070298387367,56.507228303669365,51.00653339494664,999.740756827036,28.590697099106407
35.755008064185,85.86720549294962,66.09835294223474,1006.5216565058254,29.03598712767556
29.65791095197341,11.74758988764929,86.51484954341689,991.5339202716239,40.18368822258511
2.6673998494448847,78.56666019444562,35.07158139203938,1006.9975745821166,32.36486625436333
22.738217127633053,67.3516786817259,82.76081085420425,989.429769379505,36.139480622383424
33.739315108370526,11.501093682809781,67.69302383285421,1013.5403923391534,38.23373491869853
33.876580694184234,69.48207298717207,91.46733134620865,1019.8227951512116,28.11593617882308
18.65613092111918,44.15472888798304,33.757632147483434,983.7460570416806,30.96223190872252
47.084599332901526,94.49847855558431,53.654578963274275,1032.26792726493,18.941733524244334
8.36785161183905,14.161135061789931,86.627447429347,991.1084531025222,38.160975185594246
25.01797231077803,64.2833390815738,21.538536276540814,993.5217455192194,27.493339623541168
34.54419882754114,38.1980045462946,28.97610934125143,1019.6809904049837,22.47517398297542
34.85679029459046,95.68146705908778,99.24521702053877,1008.1250636260648,22.274806657418857
32.43194783844078,32.997489529027646,42.43153428722805,1009.963735950264,25.579118254146245
13.764410672593009,96.21859094918001,98.04345549791627,987.689299073788,31.454627519001644
7.810328434331098,90.1485851100749,34.60252408069391,1028.3441493125845,34.28169960299951
31.797016341335542,27.038323531065632,48.88755544058685,1017.0232547662526,30.936626858696243
29.965105806971888,80.35417768264277,80.22955556028565,988.1229225985674,36.42385600410805
8.967800514462049,99.56042018035059,72.62227257905428,1002.4399620215357,29.702976798749955
35.25695727852817,25.266300217128233,66.48979199432445,1028.624595964102,36.55309287264193
22.75859958668282,43.67771693233197,62.3919340644006,1014.1013027591972,47.38357916964555
33.38802958015765,52.018073656675966,87.47523549317921,986.5189267479758,34.1536099548572
41.868353988507536,29.49311358038643,38.795885026671414,1002.3666227473572,29.405141965972717
8.486421428846159,1.526483964602976,55.397674159481475,994.561663907344,43.709897898081984
0.9572433998418339,22.012924419752665,32.43618337251658,1011.0479332192236,30.227544071205006
38.955129319789336,28.193688434175847,67.67532765845635,1030.6016677323194,33.92651135139771
30.484871257630797,44.35997013181871,40.04355394170561,1006.1760280882652,28.82087686579788
34.98197848110608,17.110247841340186,46.70736514747087,1006.0005218220994,28.361759963105225
41.90774874943213,87.32543566916726,57.70005732988225,1034.3210541396222,18.35637961950401
40.14054674122502,70.4911132731336,22.141646856250226,1014.5711247504363,22.731310375400575
48.046007346441236,8.520047755966198,27.355034873667012,1013.9714652438444,18.994858858344845
26.79675394260591,65.00924511399315,74.87433765665756,995.7145935125234,42.0137198479775
24.42478163299527,65.36564764056205,54.31759845740058,1016.4633648702276,29.923753229500495
20.094359994536504,95.62211736436277,89.18321775999163,1014.5546280450437,26.701520251169878
7.684552142210227,0.30208713561612477,75.57376029153596,1003.8110882205118,41.24673006027425
28.63036164410112,24.79324498058072,20.648075331785797,1039.441733953951,26.166941296109396
13.85062621629894,92.77914793753155,69.33698646137078,1032.9134578968851,44.427597738119715
46.06537561064877,93.21339153982831,27.49798928477731,1024.975177404609,11.800305369583834
29.15954021385488,72.05864193706374,82.47465438323954,1012.2407353047801,30.821200289461753
29.642009025405507,76.576332104754,99.32061506228015,1007.7235881136778,30.553186254193413
17.746233043850502,9.148295792964712,62.49590353932092,991.093843713392,40.19385534062268
2.5994675988853744,51.38758347782336,74.62236001553043,998.3442484408774,37.37222327517394
1.587188268649431,23.15829912889994,38.98513287158012,1026.4376479893926,32.62925316634149
21.166757207659874,18.121804361361725,55.00781950030348,1007.2249372362531,33.99699117235546
4.228268904861893,81.03032991233326,88.48762657891069,1032.93617099417,37.80338452736689
30.342347777006957,13.503813668054743,33.3938358197001,988.8746681807318,26.112261148542014
44.04865028198287,46.86516369963852,41.24284844910097,1010.5008257608182,20.541280533537208
44.14574082593611,93.8578239586033,55.634694022882414,1018.8179410412786,26.75553727002179
32.95227050661162,18.583205556534253,76.97991134752112,1011.0109073784755,33.16450207072325
10.56159157364655,97.79934237382346,50.0707163836539,1033.3536134950991,24.29862970558159
43.149841567943604,99.4287985761059,94.2185823826403,1039.3737969097483,24.461851148598065
44.30467176566041,55.561715468240294,27.556564101497536,986.9500795004822,20.03659142603909
9.832679247647935,17.014274017715792,49.664335803587804,987.7972942446153,30.613016896607746
36.871304288533864,31.610488794089562,76.71632987427375,987.8194468136072,39.911288051476085
14.325977446356147,42.44928326765351,38.07894125291939,1020.8706257642317,36.66442953008171
40.13201561764648,30.932422435822293,72.51305073837383,1002.3605657297503,37.6821857145688
49.86189499518014,28.063557987651578,33.13735665818768,1023.9988796759544,24.386297422366457
1.5013002664696407,97.22297092163575,24.47842278893491,1004.3282883732187,17.857154763049635
44.86829328954659,15.336482741574564,29.681257339891907,1017.6564032799238,32.227848988753394
31.131526679932904,73.33279087168623,94.39878265073078,1026.1914803407335,28.43306811472633
48.669130958241055,0.041028943917487126,64.14007063516411,1012.8929546392952,26.103093786185962
23.25047587632138,59.61826694023769,83.70766203837192,1012.3702154270004,35.388209877152825
42.369396528568686,91.59430039540524,46.6123600724041,985.2940595171381,26.45863543644299
3.1197034299138613,28.793409409321903,67.41269183083574,1004.6469045745661,46.39602556597232
16.763952503914787,18.55259752577192,59.59617069639933,1012.7466291934962,41.5813182854583
3.3508268875604985,65.1679794878427,95.65903675218352,1007.7188495399846,40.16205122420204
48.76715667395353,71.26014072983932,79.80597088432883,1034.0469200113055,23.997635327244886
40.84869536359184,68.80305189519814,78.44341051972633,1034.3918379271693,29.789152877805304
42.62737106229852,31.931688002137403,23.708261554742364,1029.3150428353258,22.25080576459691
46.89826157169471,25.22024021593309,63.97357352029529,1002.5178845223872,32.241480762037085
4.255174305989268,95.59187999620443,57.35931631214519,1023.037949101252,37.11950445990573
19.27987962566667,92.32995082699294,94.22738132849557,1003.7173076641766,36.8882009880221
3.551744452200106,45.731660989282034,40.58735905516258,993.9556159385455,22.438720333610167
10.53965507750143,84.61938661543734,41.58667626328754,1000.5741586130529,30.005591245346345
11.468288851883617,45.2323477634296,52.90769991052003,984.2578779971321,33.853321710949096
23.455360552378934,42.43890180725104,39.469577072510084,999.9066505402789,30.218199234040963
13.428108372682129,15.676294759929466,30.33471342469996,1007.6445330356703,30.07541249388878
5.048905340888055,42.64060564919728,88.59318773206407,1037.3288536868497,36.372893514364335
8.374554454705386,53.7416938599807,64.66212195231327,998.8046351731775,38.84456767377606
7.363778177604546,2.2504327428686466,88.90901751652534,1034.1472123523313,44.54361355829689
48.653839895614915,44.41130051754064,86.49078123229567,993.7314965494098,31.424430063932007
37.96462534592368,78.13562183952003,42.56338838317369,991.4581338655549,18.39614925863419
48.3880732634781,68.00460563742699,63.81899554594192,1011.1397273859299,30.29831453928714
21.987024325395428,63.5156988863935,26.657416219205636,1020.3506821578444,31.203273102633567
13.91842408313283,90.95554284372025,93.22015072246067,982.6599350481368,36.58927534274937
39.91465986045933,1.803200982523001,52.341017205212246,993.263951902833,29.235271495518663
16.31269590205734,55.70475861922341,51.49409471112171,1007.341019990079,36.408694362921274
14.969168685267414,78.73488484097071,44.220429649436255,999.8602601589909,30.96876963710499
11.62529961039156,54.13353827012672,56.85309957685631,1022.7572647608993,36.01508746126931
6.483948911211767,32.389555258037916,40.14075092363584,1010.6696357624791,41.00469220242568
12.823153050838298,13.625056509197787,49.98818182374436,989.621546336234,43.95388740614827
17.765987423694384,88.75630718161914,83.99576388679054,1033.6679227589054,27.545240170498733
33.69971040728652,47.076239238760294,86.74044028681375,997.5743405290016,27.633095270791074
3.128242110972579,87.81151969857014,44.33459821028129,1023.8678665378654,28.246618831756724
10.525346983267148,58.58521224331683,57.52115444422303,1026.7949467463245,27.375823794030357
40.45118201458382,67.41921166150007,89.90558210240418,1037.789462015366,29.79060815729704
7.346096179188538,80.426115437845,24.21386654637577,1009.9104479914461,31.324430820466752
17.132257326126076,65.91555446001344,91.13159695966283,1016.950130927866,36.91041804390589
43.23294609290701,39.80548406789377,37.53474765218654,1000.092577608772,20.75102325727746
7.746265557172133,51.363338392865096,74.28313953715006,1020.690757604724,44.468361361874635
4.136841780909495,80.30455246758798,66.60413571076802,1007.8030091519792,36.31795477465689
24.22689975400054,37.36502963729842,64.23525985514017,1006.2591418834653,35.21081376284192
15.12097556392682,38.81214567684971,88.74881798022571,1031.3280517469664,46.03255051960897
28.170418224192705,9.569011605800116,28.125771491572902,983.0101306099214,28.594832013840872
40.19024452417376,91.45844352217478,47.762242026050885,1032.9177456699122,31.660843870959674
6.857424407637158,9.103631494544173,63.06021970758125,1031.1241902697134,39.61485127042706
29.03495422771425,64.82091774485559,84.90310831568318,1010.3819752137074,42.48026873139129
25.275438019493198,41.31944788027977,37.31544667293372,1009.4121712523377,23.937308322548773
7.203939300659979,40.561939025544234,84.2343873099421,1001.7084420821294,43.7793757597837
31.19992427644912,67.95518365726839,51.97107859951486,1039.650427500904,23.96051384725255
13.682020893038583,6.709373262987873,35.11310851469563,986.6701599652305,40.56265646720406
24.391715927200625,59.37057829514346,80.71891523547862,1015.4129141377164,31.510359921109444
4.113616213853094,77.20317859723548,27.271912117963826,1020.900895406745,31.748757955170433
22.979202860681152,82.82127578865942,61.181389926035436,1036.0598004930166,26.20980608148751
15.323173402141016,17.05303893937753,25.110062708951073,1026.8122098114056,37.42662355632379
41.119060559267716,89.74190500781737,48.51342841262301,1018.6308321686928,17.80096593350956
2.848936349868414,65.61460918474422,68.0861439205114,987.0087390087274,45.694028768529655
20.930363745916498,88.18548008206828,64.48924331897705,1002.4240110098881,24.384224051255586
22.9215712065719,48.52807171101983,52.37243343237332,988.3304985528791,23.90505686119929
36.250303814955934,54.2033345097202,54.32383951776926,1032.8727639479307,32.00836700156063
28.714378754510548,91.90382770286712,38.14156426806132,1024.9772693338186,20.197865428928083
33.360616859709054,89.99095433546718,56.470607073928235,1025.4522072078337,24.676168146538796
38.8524642825878,44.8160873369002,96.26038845766674,1019.1353910664127,31.813212302333305
43.11014868290944,27.441263163568173,88.03623342270323,1010.4226122162025,25.913675000736433
15.693774836123525,39.31704345642642,31.618629526107505,988.9982635678099,30.237954583100937
26.901135268195148,38.77643285297497,22.382462985673676,999.7816932023031,32.469598921002586
42.005403921959996,28.686687498279394,94.68194501733045,988.2149475486134,38.25198579368373
49.472556548252825,26.857960433296657,62.13997999045981,1023.4947885711406,28.162293575315896
44.47596555218816,86.10629364797194,63.027025851944614,989.6137265613203,27.594250843739992
18.57336313121884,6.986192068466169,82.45743965652179,1022.1268130103011,35.98293113900114
9.758325860932521,67.76111820995942,45.175117909706124,1021.5353233757543,30.616092930170275
24.469626870329435,17.28200514564523,58.55260550688017,1007.5582687394773,36.58399232880926
37.08207259180211,34.45058933940632,97.493033051739,988.1137192470832,33.90447449713569
24.62845353766488,6.154303413483686,73.77189495459257,998.8880495680422,36.54546217951911
24.159043165683425,26.997363685546205,32.29960255966287,999.205586544533,23.61838413497497
41.91152105409003,76.84210711172422,30.658139838748262,1022.0231079885976,9.114809164971202
18.070188953359317,88.50153245472586,36.34118066664043,986.8245811648235,29.74579091656033
42.98973374058228,22.152715190236705,81.3369339536574,1029.7441187729655,33.639338693570686
20.340240047586178,46.354783925892185,43.630160307249284,1025.6604374111548,35.57017427849588
16.41165528391697,47.03240479372064,21.711107734006383,991.1784150904564,26.00731768657106
22.69949555998495,87.35753057597341,95.53394908045294,1023.1498629067333,30.42359847047181
38.12234793374342,76.27990528758055,33.577073311592855,1020.1107908880693,21.146821738802405
6.300101393199714,51.30772183680499,20.76465489184549,1024.8872480066557,35.60263883533361
9.82096079360087,67.07472004717734,38.97052819066584,991.3357133269217,29.60127217740204
47.5722412831546,84.73550539093668,38.80230296945069,989.4554193293881,21.61315682960775
8.77458136906787,0.9538954025544943,53.76042006765785,994.1890391553652,34.928539814314746
28.38636589655273,40.28900310500486,93.63118652000294,1001.9523021889386,35.47167827646357
28.965723333096893,90.72431672770787,90.33479342232783,1027.6198988621481,30.729897597502124
24.48122310251224,74.03130308439513,56.55156439859424,1024.275436248731,35.09269586518017
32.23726242884093,54.284137433407466,52.87199239934452,1035.527095536712,29.319885288722432
11.491336289880921,52.964452703513345,64.4007269179881,983.517773545917,44.05700594277192
27.633113388837412,34.777009760443775,39.47632095774126,980.6933768608511,21.769256688445196
18.608662762344856,52.052053364151455,24.174799357309027,1021.948329782048,28.666976856175108
33.08336298145945,65.53831994634533,95.13793089369653,996.7572497476499,33.36398393583734
7.061177168657473,41.83630384287931,34.935918790173815,1000.044733732029,36.77976494621581
28.543870841973813,71.4153146392174,35.872058339657315,1012.8081215548707,20.605478783287666
9.263517769166185,86.12322272603859,57.79682630831581,986.144787387608,40.16327378769999
13.93215315575182,15.468484818486116,59.329067587226454,1018.5616649928829,38.34891871672626
10.93549001617916,45.154702281742445,21.474736776059355,999.508846773869,24.7199326541837
9.141888993440855,40.80200912850811,31.836379101917657,1017.9629074580595,32.97182245149768
41.28554757803335,68.74648040497281,50.25238548485934,1030.040414784403,22.052546190109105
14.285378383044517,24.986746525792935,74.69845548084312,990.2666800002457,52.88198946587538
46.35618909322247,64.02509149522763,38.27347654655487,1035.8523855748713,26.13842131361622
48.49632626725954,87.74892417314881,53.841155699341016,1011.8412884637467,19.977515605224426
28.563023496854868,41.81315997936227,64.58760517731734,1035.375665910438,31.82584762181765
7.15005613328632,91.101569997922,91.08739956986336,992.4638049321067,41.75249650675086
18.727412168979065,99.31637389334784,46.08564018616987,1016.2737598762543,31.42277098706313
39.8866131674107,10.609204994795206,30.68466126907868,1004.2332270394163,11.842709684844152
18.369536434853522,23.305318798485864,59.14177807180866,1026.4533314693608,39.51390630352054
4.350860915139437,95.03797514820931,79.73772813472496,1016.3545365927978,36.35852688259507
27.839245546409398,95.83276864813868,28.788780564218676,1009.6709274174991,14.760965995311217
42.25604257480174,9.77072753867585,53.97467933575683,1034.7791243858605,34.27896955989352
39.79631935717512,1.499850037713668,21.422811300998674,1002.6270238503008,37.148021429023245
8.756157006517661,16.110002325642224,22.68473453178009,993.1988122938909,36.55281882526421
33.63823072062333,99.60127833822483,58.63626905733325,1016.4860712111255,29.315706944097336
11.025213171782354,17.999961661068685,43.85578385207435,1017.4417062303688,45.58023704459897
10.910376727608611,50.254760672202316,87.60858392043298,1006.3456772943125,35.55830129484812
43.70358866525926,84.8417726430511,68.17234449011634,1009.1966026213629,14.266672636227238
12.483447637011508,2.040161068820634,56.314636939439225,1037.573204857994,43.27393955663776
13.16236732590056,60.44889822584595,52.63482968434371,1023.9611414838081,31.8827895797657
0.03266953806497774,27.702544886962432,59.77963841516506,986.6361050889547,33.78874525208039
43.53345170627588,86.23349164397315,23.235106497012907,992.7278042522366,16.00558770263762
39.62974066045673,28.346114926407918,91.4234685136528,1038.5345980661336,38.138415416545875
31.3664467545339,68.67557202819089,99.86425245871666,1023.5879332276119,33.16904698035867
37.51328819694211,67.42196324473969,34.51896998869589,1034.9027075686793,18.68557871244618
7.60242837122459,22.149354885964,29.63063718196958,998.2316878393233,33.536030032635566
22.916179729378772,3.4799199868350117,31.486197075887617,1024.5120116051955,32.63294154948319
17.560969367439043,40.92495737853973,72.88216465874937,1022.8401625114107,27.120930087824526
4.688826312850825,28.91931519658697,72.91526707606198,997.6813991263625,40.61846386456914
24.306524260746205,80.89777496137086,87.83393298227287,1013.0489795270423,26.072632402796366
46.03698251713177,80.03641884553453,80.14611107410026,1017.6449066762177,28.595207915051894
2.002955952534724,45.70239521926255,55.97517386954718,1008.8679086496479,30.33729506780447
14.573045674689695,60.65122253232189,69.02842892522551,1029.6307223994809,40.31330385388903
10.377046810285172,60.42595159869252,75.06277362944063,1029.9721425078794,35.39732434554917
11.907332683284816,82.71581484276234,61.018917622818016,1031.0360328980935,29.954898478262834
45.42172759396876,42.50024141231975,58.05207875613093,1028.2054141458898,27.60765066342469
23.403452711714507,27.544667979050907,71.60779565141226,1009.2850086318286,31.561194682812005
23.31497064699094,26.503491814054748,64.5979639180523,1002.8862978889405,36.23630894063422
38.02878212276411,53.61922792822041,71.51538442687283,1029.8825770228623,25.63385790139504
7.72461020024629,44.91482027322126,69.02838191706911,1009.412087513376,35.68996138880802
24.36326770500254,44.01207709849362,77.53572484109237,994.7822839176789,36.58258722981298
21.499260706052986,9.113733908970723,71.42428070263009,1010.4406119393329,32.60839907279629
29.845534527332806,71.86037406901956,61.57939891498138,988.5109893151546,21.28574534963672
49.97788516252193,21.37366879819107,74.54374490275092,1021.4977694359279,30.461912232607222
38.47244470410235,19.695363020872136,55.958557214834244,1000.1552768974344,29.491120144408985
19.89328515087136,41.27583202773935,39.33369807780808,995.6395279068472,31.30074024581977
41.377652613702345,22.77783416178014,20.113457610713237,1037.3905247740847,25.45194612040707
8.535418165624009,58.38582673080154,64.79713177166745,1026.6128597454986,36.87949660692764
1.5231843154480063,37.14633393344715,67.25241812869129,1027.224170163436,44.24122055442864
10.222418623213652,44.89117225927901,97.76391718205714,1017.4233181567511,42.684392562444884
17.020577805712982,53.716932160402884,48.91826672754205,1030.3503686306178,22.170361325612966
25.529037872977995,20.353552248180485,51.53065942626494,1025.549748869803,24.54710433131508
30.75645702705999,15.57516228655298,36.14396650737522,1015.9264222480169,39.335415985503744
45.53028586072109,88.04219028736048,25.642743618985754,1037.667464111103,16.876815373411866
25.492700477522884,43.372370283142104,81.82435942893925,991.4956969810654,39.60972894097661
25.063782231286467,41.209360963253914,39.974485147146,1036.602783139685,28.099638141018886
2.5121504911491064,3.561215027284148,68.71238888240303,1004.0862897199319,43.728742004716295
1.7455776328111905,49.797630258739325,75.02184284363852,1011.7039390040892,38.45709561955605
27.557998095818604,55.416972161100006,57.69893498333182,987.3643591726585,41.66266744340419
21.908930662417227,55.88408709546665,90.10816904217533,1012.4064463353075,37.609478486581324
41.95901974901493,70.70311693228844,55.503587278378305,1016.6724051114916,21.066679048522268
8.033979235592259,17.748183499101177,42.79268984334121,1039.8620925085115,29.513434638932665
1.24858310585248,25.22231342306188,91.68124183692979,1038.5115446642917,56.23427810844263
22.451938396506293,81.07304652304127,88.92514273999652,1037.9838375124573,33.17917006385109
11.873927837612875,94.7170616843394,33.12319576611304,1000.9032836061234,30.41380611512961
2.4807186669418724,13.593274736732063,22.076881468313676,1039.4759899247026,41.017495396518065
36.22991434238145,49.76495545052182,27.198844507969653,1007.3286890957066,20.806777993191115
5.579649997862374,21.417625273958684,42.923791884305366,1031.110175525714,41.347378643336285
30.415975000388585,6.007316835498244,97.78078413933686,992.9791981411383,36.52048596629881
14.052487508344457,32.550333812613545,64.681292252866,1010.3499907793962,32.22628220955605
8.6748025177511,14.368762518421274,49.8609385623415,1037.9607257676564,44.76136175509795
18.987576145965875,70.99330734342463,91.09728756901971,1036.8218838154057,35.554480334417846
40.072288811147686,53.37254136714444,56.25090651827997,1021.0240926692856,28.831741219082232
19.604678845228634,14.383447099031088,45.21909027208169,1027.8688593531836,36.815097333813085
37.538482460552785,0.9241588405514367,95.2975622996526,990.585601796144,40.68204555892624
6.274314839957534,80.81570490242127,87.96141329541425,1023.2995129690495,30.653652640455608
38.638570983253956,17.619440616424754,87.49347003355527,1017.0830485001223,31.925713461835223
11.846666245332433,60.621664222076596,60.98277944401705,985.4931041450748,32.35873691621454
33.86965649444364,33.692191307674555,83.1550719052364,986.7895403953805,29.261542150085074
28.289077742049816,58.54859383150356,34.34826874116415,986.5066170650757,27.42582418679278
46.45723586058437,31.565362698232402,65.85783660449948,1023.4614160897902,33.92866217245166
19.366125898765702,8.693956069225417,98.70767382780366,988.5029124948544,49.362899224246874
3.308259441722022,22.29500085577536,43.27667444143693,1008.0639362668683,36.474778147409346
0.9577742775626452,18.80585664790756,83.54818633981401,1001.4189083526654,46.59251748225539
41.34292804863765,42.80193524396439,59.23827257664538,1013.030248446213,29.431491438883832
26.236781883071608,65.82837834261574,23.184454657766985,1022.3885892331641,27.317848055162923
38.76220259174746,26.380607494635754,81.04155182525339,1021.0833522332799,28.660502926102577
11.721280000575735,1.206993530061795,33.48553155136902,1010.9311949548626,45.44727161994854
17.254187275661685,51.89373642647569,70.51788537062001,1007.8600924166232,39.741855750311615
1.505193610565947,60.57594893589721,26.85313552375783,1003.8689357073355,37.099442784413085
48.07461622870561,96.28704940018096,95.74939179967718,1031.7145968982627,31.70291118378904
33.39339533504067,58.94708030932468,43.33791097442887,999.8511082923587,27.99566189189676
46.66025438796531,47.117255937814186,38.11717533419159,995.5619492700497,16.522446260103855
13.274820371453616,57.34016258977038,30.330912325306745,1024.5989296193163,29.37028941299368
30.573180561283042,92.7900629862027,95.68017546712382,1001.5858077018036,22.41751503178988
33.924998414631894,82.83781456016463,76.95229939530441,1030.8199159854362,30.513324797093773
15.877485012879422,32.2978733363808,79.3328710974471,999.6733231182287,37.794295998652004
42.405461750781505,23.725436365713726,59.95236491041957,1022.1166894744753,28.878394446611953
47.35807314501239,26.263361236607363,57.978222821638674,982.7065403771202,32.277111814052006
44.24275588480022,50.4421039715213,28.80169943931813,1003.1337728066192,18.520923016655612
36.953348796968626,74.40494512285778,64.78728764671934,1000.5938104980531,24.682854411732215
13.873233986247701,50.32192071829621,39.75331960870324,1029.0007243565553,32.198716640548746
14.080802105281586,6.779639582811258,98.17162662403247,1038.0233241936985,36.12404464054508
48.1680160223019,72.3580700439981,83.72647520121178,1007.6528766015776,24.43549872231292
0.5142247967846014,80.59701286709539,53.03936481543101,1029.4901766292255,22.642764967723327
35.802498662107226,28.949786511971965,32.10730069532264,1021.981682057442,23.432392686139178
35.31230812776311,66.41257392833504,82.82653529110272,1038.0431592598216,34.965838914663536
31.134477047489874,42.659190105439336,29.76430136650528,1028.6665108605696,28.408046088651634
49.50544230434329,88.91193557274428,35.14670027976564,984.6486839578238,12.988050920273526
15.593971788186261,84.52255581607399,36.92164141953819,1022.7969033429342,27.807728252845195
16.998593189662408,52.54319983096423,64.55125106184755,1012.1299829253425,28.93644154213681
3.9469701473277774,69.15055458135944,82.9645323192293,980.9861634759396,38.69353959932131
22.139906827186874,88.33497010221039,45.145190297975375,995.0787775235266,40.58948646425229
13.052426311742405,49.57170100782755,26.77358514202315,1035.3053147016135,39.818252672889926
17.169335108882212,31.325074048882197,57.16307708195353,1035.5636823672053,36.005537922170554
41.72858951278138,75.36661379095813,79.84881929279484,1027.9310276120382,28.021426037806634
46.77422567637478,22.00662547846918,37.73310744699106,1038.9067761966794,20.047344817050142
9.286653600259282,38.8531148006042,37.593963843149936,1028.3927134774524,30.26669574612808
18.625446577673294,86.57272371067937,95.77816218773687,980.6122512371147,36.284984619056374
46.4315281057697,72.4422340269315,96.33229816953423,997.2700604180907,25.33710127118546
3.0904230344611316,40.381100524749925,99.23725856492611,981.8374509342658,48.81784881486881
4.6180264055689255,21.47445024083574,84.61276812598241,985.6464781242536,51.460420240516974
8.139549460311468,35.59683908322365,35.054733533435645,993.1304490170465,35.52237418784567
29.760641706343737,28.4104149227433,36.95852166394091,1010.2135127795314,29.227500530203947
7.523613550299873,17.608928794385392,47.21801932179136,1030.8519202077212,30.017866233341366
48.40381907253668,74.33329135656567,45.45060250667927,1031.7180053694265,23.975526852333104
22.335726362926017,25.20698868501715,96.52221992624072,1016.9721115134378,34.61800193413005
25.07589801750832,45.416747016776384,83.1259186305355,1035.690556343974,33.768209171362564
12.332930790270325,38.585944683610904,77.92070337292431,1010.0037395954125,43.86758605433038
23.548012621736675,98.20773786356308,34.87705792465054,1033.3421626479922,28.902015190325272
33.095681631850574,39.10922441482205,92.76204474898637,1007.2439153799207,32.627020452158405
37.55885684770214,7.9982482796754795,86.2296303604939,996.633500445313,33.49505500610223
37.69340413549565,8.982575257208403,33.0913473062339,1034.9847750860256,24.7005244650027
28.894555634704417,59.07537213530648,89.6936265568778,1003.2761045407321,27.694393443774786
45.217988749692864,59.93635517382656,41.7798029096377,1010.2042465306677,18.478045814247285
40.87039236530547,41.875899048265495,26.469579666568485,999.7316379518406,14.190712000030453
37.852405734931274,43.184369231202965,72.5457845211368,1019.7702560174438,33.758427062461045
2.780276084023031,5.393258284087121,72.30437275074645,1039.7018735003621,46.97890275481297
0.3438981109824657,51.654651038926225,27.594560765249447,981.5308129318862,36.04381226059035
10.622363859773648,50.47394753803517,45.50814471492659,1033.990880360426,29.239915149836186
33.176179695672616,14.954931855694454,99.42515698044309,980.2355634193559,31.83478490360707
20.559874444127292,10.383938611092757,74.27413336069895,1001.8536728687727,38.97940863870063
20.120312964965585,12.35724905994905,78.40601332826634,990.1164083773708,39.351924196053915
44.22934441148069,10.102824649125852,37.03338284834445,1025.440506840353,25.788382638137207
44.77814240659194,60.97081955367598,26.302565680313144,983.0366504454304,17.36817683767115
45.458763202679286,19.648265240291863,42.152135179275014,1013.2090972150597,34.27842562483141
15.693903825751365,25.143015218746346,39.91187081545536,997.6955680307187,35.58834437229753
34.55279063696309,17.35721441514397,38.76352805984425,988.0202149318822,38.06676683234341
13.581659063718481,95.7835304448503,35.420345750963165,1026.3090927261585,33.27120808072523
9.530491653722489,85.46174631518355,65.98045525243235,993.0450100553154,41.60900099142278
9.231622867368461,23.049483735152087,46.24827806734574,993.4205127232964,31.098902899062026
17.1053810431797,32.7566293922126,85.62760120380244,996.5046071082754,42.07281002555085
21.497880988991085,20.989284230499717,34.71579342779072,1015.2060058296817,29.54436896604808
41.54745855275342,49.187595946082375,57.17016566948356,1019.5799559014449,18.0071932512195
5.994554673635605,1.9610532474253595,21.0926269140864,981.0561514220807,43.01056118649899
36.74629236974471,67.13680088967958,58.534585796415364,994.5121781668274,24.204401004379342
26.572745709465266,52.31581498176416,24.467057670117953,1005.8582505503169,20.04831029917461
14.397267133799623,89.86389283011033,98.21788094981149,999.918617129674,34.092665745670814
24.640979226641228,16.439268432841413,83.24737029203303,1033.0502395106532,34.870769108872416
14.997103488851133,80.41092460611317,59.20891813091643,1027.262523853185,28.157874851351174
29.804097761915298,79.19610144667158,26.926988654348023,1017.5534129323296,21.1612601326438
21.69219614276221,12.718118921688692,67.39563526323315,1000.2825449598224,45.729601418907606
8.220276453943937,39.85592241441276,80.70110005615021,1022.0403406907695,37.50271056189034
5.829153727784836,17.01526411445169,35.257380240379625,1030.6182807707476,45.48705344278723
27.33478410360651,25.47205004575489,65.45666726299928,1015.6898226415392,38.368840286520836
45.12065166430517,26.324617483054435,85.13687187062943,1027.0676880136027,33.8645851111999
17.197884327884278,55.623639402577275,81.4598222117053,1024.9462976839848,40.47677020807185
36.65000536113116,41.14109317604655,84.23936142937224,1014.3042386696193,32.6211563810415
32.93306774698835,94.77328040063054,90.34587398957758,998.7309930092906,35.33950311378002
46.57774571547405,12.637014194700512,95.01456817275762,1024.7469294800762,37.08499999773841
41.049050864957046,97.36921348501988,52.441692416282876,992.4077819814564,12.079442968954888
28.330262945273148,23.063864021426394,65.50152820183018,1026.769300788292,35.77640961976561
32.85152491170537,77.2873936381853,83.25276208364886,1028.272801528552,34.1290392207513
44.919323329201745,33.89699261728214,75.77118511566266,1029.3286927742224,28.381749269339025
19.97593922934674,14.308139541731391,99.6416182611503,1008.3749582587075,43.06142554493919
16.339735292888868,85.788918524624,21.09421208837153,991.5488460662253,21.190006320879142
0.540554181759817,30.88608992364632,48.41065722526325,985.9834160039641,31.582363376658385
41.32755370957321,65.88554042268422,42.4822341016162,1024.6016750292754,14.865664106031351
40.04903502016825,56.64436850866266,40.98526801324277,1033.1756830717889,16.186816571161135
5.222725905007569,47.17563093908743,37.802382599910864,1019.0503015302144,37.85220626753256
28.842869056635013,49.58194726485391,76.72990726521832,988.6496036233021,19.960014176891246
23.199084908344368,73.22379140922875,26.780757862025748,1036.0937869110544,21.86448516928136
5.9354547754555735,8.777291412344058,79.32870671546706,1039.3461208723593,40.93959642466928
49.02841135303618,66.81806619579052,75.47406736130188,1006.0027165960953,23.38003673068996
10.734794373167771,89.58121013985787,40.06433060007171,1015.6895173564262,19.602722861522146
3.3617090045280573,5.778819701986415,40.2267026532129,1026.6337112000995,41.73972542412996
29.74236897509548,14.065333923366675,70.30884682756017,1024.1833874030026,29.074943716529262
36.943333856651634,71.66319367020314,80.97368843869423,1038.067231516007,35.060106075654815
1.6221723023593482,43.72816482446176,90.11884904698924,986.8929854647273,40.02739045524479
32.93588193635111,40.354862081368836,88.17116510835805,1014.8434919685683,33.86822869952326
26.614593797572724,13.696663454423586,97.19063953310825,1021.5158851803856,40.4137384316358
5.163250443752421,50.67700407177881,66.51079162692089,1033.4059054512602,39.98926657706259
8.626193847318103,12.654531119637724,92.69244490722878,1032.446577663089,45.62455891066761
28.398714865804024,47.66204563105404,84.68106186083287,1038.6799876136774,32.794387264888705
14.81788067566442,76.36152989616566,91.57340994512109,1010.7247072362608,38.324231097647704
46.9157864325658,25.826435788716353,20.93012810282933,1029.8456520087936,24.149788399433668
40.93701147420254,48.07861681797273,97.27223934926488,1005.6369024876396,28.528935492536384
49.17836032568315,99.20159693968357,57.882413027718265,1005.338832671362,20.987309910779462
12.983541947520699,68.66504233540373,83.85463916598744,995.2009018683715,42.419248606477446
48.48618163989885,84.13567713051987,30.17632954702247,1029.094237221154,20.418382951977566
21.561693489577895,41.484760656054576,51.67528766511793,1039.148906348811,37.31916337250102
17.375939765687733,76.78609231258552,41.71685304167927,995.3805037008354,28.873351113840954
2.517476348467662,4.050917294132184,43.33270164007496,983.3678952812644,35.06617628730863
2.638262892980131,12.291118254224498,29.860449596070538,1028.9325462451404,33.72890537247867
34.600562797332735,20.307059292006212,84.46110660344056,1017.2138031520853,36.94200712442941
22.896449721701394,40.195192461521955,20.73938516648625,1037.5819280330602,32.42791079873308
11.326081301805285,84.57448783257632,45.0004365588162,995.1343531446171,43.46703894288583
30.69851531626163,34.62660507879305,33.9528434573132,984.2616594800769,31.75505432763374
12.642905912505558,65.46211935154629,67.12311524866723,1009.5465356519901,28.808135503946076
28.88158771722113,70.93142948034834,40.340192209163504,985.1279613779088,20.899605933931618
17.960437349134516,58.61823540883414,40.71987636224797,995.7074000661624,40.90476128981667
41.17761133059095,35.72419681701362,59.067051519625494,987.5586716491501,26.35358342016429
41.034808038338966,57.70533417135443,72.21512314727406,993.4479307796047,27.597824432852512
23.867519906120066,34.22655927897462,29.70437636521309,986.3686791692835,23.538033536388006
17.54095546675078,8.387373855201208,34.040916197239696,1037.2343599656372,42.315317631224566
18.12798982795473,99.28039781860144,39.77397956756141,996.7137628069842,27.775601497630458
40.285726283410895,12.718245363251091,97.89985712943684,1006.633855159554,32.32710651183167
16.4089741398806,7.2348383836057355,51.772199995433624,1033.9167084580533,32.568861643865006
10.4529686853423,87.85307492071558,67.91920725048212,1020.6392952776885,34.9554886249412
4.234417093765341,30.183466089289514,39.32342501727823,1017.0822488337064,36.91251786660957
23.33465604422042,65.02969740735077,59.23676201259903,1022.3337914216502,34.72937466242729
24.106604945992093,32.90057296622329,25.929533950876646,1029.729335426323,31.436820386374
42.04543552014536,39.14542707944712,22.779371673786155,1032.6601560711056,20.9595337646586
11.061934822303199,26.21129720167965,57.49868214571681,1018.5583802399016,35.0772517824898
19.049563683419997,34.30440057930102,51.892743001472965,1033.4004364816435,33.24690027540355
40.42028694468455,41.070040058654314,30.950425575346216,1012.1238516455286,20.6385465466579
41.181180537448675,72.04160690923429,75.0081143136587,996.6374513761054,25.71447365838907
19.23055379893841,51.15361942347918,99.43227927194116,1032.8046025330307,39.508610502519254
22.956201164334043,94.3565217156977,51.651745695737,1012.4883696447853,21.92536225948598
15.164294542464146,4.188039383877551,69.96469087339156,1034.368255254034,44.10737574545182
46.6277439209656,50.306832263202814,97.03807538915885,982.4100688370348,28.07276771015621
5.932188287079016,58.42247888317181,86.52279779575002,1003.8509450924741,35.96411244534438
46.6874711500735,92.01969860742739,57.08417786421486,1036.868301101748,19.073744354493062
34.19332259176716,4.915852362142759,78.99915875679355,994.9790055654981,36.951162694186
26.57860763433656,57.349958493521605,30.250803220041924,1036.4921747623096,26.71407683766587
1.6329530392247937,85.3629928527957,60.968308437103936,1037.234147667755,37.71433459639599
23.779809591100413,24.192772811923657,42.324822174394924,1032.9285388535516,36.68580457008542
20.387405250136613,87.62923485239375,32.89309503169289,1013.8200827055979,31.595921868625698
8.060940598756128,1.9043409274291823,54.102472500362786,1018.8163669448384,42.050412755021696
32.82048017503285,73.24546291337298,30.481164354689156,1032.1770199069922,17.438012771318576
48.55754536841429,93.3113221168653,75.91880865395885,1026.5538249433512,21.41494796209853
28.109440553226257,65.71976616400622,56.49920352426684,1017.8056309673246,23.544592443702975
35.73766382219729,43.902924398044796,62.49157060517311,1038.935564472242,38.26512566231855
3.422522628300839,4.488101647271803,31.71007509345256,1021.1405981800217,48.3807606870367
20.883349790849735,92.01138133226287,31.18173288747956,1038.5289195468656,27.97325124105975
5.817924258224794,47.02962226915748,66.67323482080992,983.4433084764255,42.25380610146196
30.63979177682552,2.899674433594801,98.80077982635571,988.3376222445328,41.09968040862017
46.92410791070773,68.9821071328762,27.70004665901805,1007.0875307600294,19.89159410485731
33.08888662358193,48.18372535762582,42.8585142852625,1003.0927676530589,18.49832288136778
3.8401524157210765,12.434531744241074,89.556729323031,1026.9640904814216,45.947630482658106
17.733310249254142,21.42718093102596,25.781760980418955,989.6368415881523,26.531524499215756
27.533168972042578,6.449068045584627,90.0708577093561,1038.5657107466893,41.523868062857815
20.160387806662612,57.429353970857356,61.9428786699801,998.9039525156549,31.920409884782917
41.68220052375862,62.202947925200924,52.66134191411407,1005.7354224644096,33.7630645984882
40.73355023549946,50.574229835544436,44.77444514811647,996.4847019464014,28.69151120055542
30.591551005161072,81.71021330026149,43.76937265022735,1014.7618170395929,25.67471551935971
18.672897256635263,86.10088213080135,44.4642065959583,983.517722025355,25.533329604132003
12.766818688162207,61.56243966831266,90.78424647681567,988.9806503342269,46.5310676987266
5.2937159106564655,1.2756479707430546,77.90361841398284,1024.7478622051235,45.055047205296
17.7448841743277,69.52296557477356,73.57784062649205,991.1900350042882,34.98308479246029
20.658625860385975,41.799921692035156,83.89993191616006,994.1308670933997,37.041275224106876
33.79114625520368,56.5557483226387,40.5691730403316,1027.5789341434902,23.56326640155796
32.90799121487867,64.90806020188845,69.44342496654045,985.5980707014352,28.687802886284924
3.5054069820628477,35.02366143270768,56.80529911663608,1006.2484293662504,29.021940963539215
19.762965771557887,91.70985051717942,82.59533081601546,981.3838032198336,23.91856889740775
9.088943360868097,13.39748667497812,44.74048883786284,1000.8084439590742,39.14896323745081
7.840635265840285,67.15118072810374,71.45428934959166,1021.9388841566453,44.67061088564663
41.36510748686229,0.43595799565804283,90.57699294538507,985.4061967830337,37.322650352564786
2.0957608358128765,92.46511054051808,52.172038095594296,1033.3000776067256,29.75472368719472
20.959143795106066,11.25041332380915,25.329766989396916,1034.569942576443,24.60381065868899
8.41018278832591,9.488423014757464,61.28406578734342,986.2994225075081,44.10933748265636
43.9665107839237,33.30076330522442,47.67779902456208,1039.4439461825466,23.324543456560185
27.852025663751757,37.35662860390806,73.778030443774,997.8517732037293,36.88864656388715
11.5690318188424,21.430007232287863,96.08263397988848,985.0461002678963,45.188932623788276
25.12136435831882,58.51216609271247,58.84866543974776,980.3040268698358,32.177256397865435
36.574317985155794,44.291409804196356,57.29521841244271,1004.5113737458317,28.19108239758445
47.90590044597169,3.4175589041087417,72.36678401531682,1017.788599142367,33.15548548579069
11.022300212270947,31.965206225530064,28.279800287485415,999.9307549941988,31.88010245049082
44.309088606467256,81.04329135731705,40.28049511400117,1030.2030419284774,16.812546716156824
46.71520570837451,68.97015348618686,93.51834604003189,1022.996376533903,23.49860707297154
45.82102722660331,72.48708535798805,73.5954090691013,1001.009691918082,12.879444505092144
31.770717843095493,69.81169240835236,21.0755235186733,1024.0585799965163,20.964567721944892
31.491032721735383,31.097302138303327,36.37003780472159,1036.429264218155,35.96394183948016
20.16053165919114,9.966392207677588,74.62698128231193,985.585759912581,42.25136413476129
37.619894115189396,27.2467184033096,81.15193620500594,998.366237609457,34.00802070043204
26.564700917546595,83.17853001851593,87.18876581392335,1007.7995563470016,28.01701775046721
33.871903561414726,98.04707977830711,43.37414427056359,1009.8794076652861,26.464126876430523
21.42289519243977,49.38470147415613,94.48228770220501,1012.5317386931645,37.201092665031375
36.574823202156956,0.970035492304222,64.2357514862314,998.0376143923189,41.141336069848876
41.22357588022745,14.004481213422903,75.72312179103143,1020.0355787589409,27.826222641949606
7.321812830140805,32.20805753162658,67.73910902239264,1018.7050702117898,36.10777051552651
41.6464857787114,57.85853485929498,29.819204373969637,1014.6692903762969,16.99011752298032
27.014826589515362,7.509364580531397,97.04917275079039,986.8257033026526,32.7679136915938
42.233295454511214,94.33572987098816,29.830046391532214,1008.6180734657567,12.59808337863397
21.56508531705073,36.50836732844007,40.39055651289469,1001.3736132493625,31.221774712791813
18.952024269151753,91.25842179248231,85.09023041783841,1009.4623081902873,29.32032614223461
45.75303662586112,78.05218027570217,69.48775692008812,1035.3119861309015,5.056397599099707
12.558463377420065,75.54372725155811,87.05193323010856,1008.8318805895045,42.02388234502515
42.210616264307156,60.671957978223205,61.25889506992359,980.8388475103707,16.394761886844456
24.201028625470205,62.678381705184464,50.15945882933079,1006.3302042850479,31.808517576374253
25.704772127562986,63.80032352162481,93.74763996382279,1029.238890802963,35.45153276854913
15.4234140744742,62.87213870255821,22.900185401183588,1026.8036553930901,38.383726907542965
28.652110030950784,55.37282313983612,88.49041762824368,1010.8034044116908,39.08150281681462
16.260559813810566,98.6414018482889,38.46542281502253,994.9861407715589,23.144205131287624
1.9634707120826156,73.22905674256961,87.89890622031743,1007.9053197748727,36.660677628886766
13.599930267217802,77.69463883925212,31.13572907335085,1013.8221331650915,35.35099746421033
0.31895217032953393,87.24628150836742,66.41751709524324,1039.9922862964481,29.302804002772785
48.91773935284283,21.563976272584917,91.04863352091776,1018.6506854101626,32.89298898282312
48.287360490987375,8.380415909506079,57.88317175191124,1021.6558958037568,27.875741624366643
19.75776487361525,48.28944365985986,79.72533390427144,1009.4872486140831,34.416140886328435
36.4185427169823,51.40806956192732,84.37372942844468,1001.2693730469518,33.12264702616044
17.290304920521248,82.91817799499177,78.91953669734234,1028.7771790188324,34.62236411186583
33.5546578542988,44.37835792823357,94.02637894996786,1009.6959394603542,36.82064619654798
40.27150215229896,57.08530255443127,55.74673844159429,1039.6814077978715,26.80053628288018
47.33781223461204,52.70709385134583,33.85003513321246,1007.4272344560826,22.582403928671564
20.0106137924836,3.8202783757391057,23.824885096198383,984.0800170188546,32.07694709414584
39.16489914780239,61.5214896596914,39.716789571000405,1020.954688225405,19.917859053766733
13.29642253160594,82.80432857742522,31.45580031041937,982.7984870555487,26.864986471632555
49.51661518968242,15.750054807580383,64.63589931475843,995.0300958130822,24.334063977292544
1.2884799382175571,59.433173392659576,34.795626976938564,1001.2242951667941,29.75208560549119
30.17644032505605,59.36105444464144,23.114696583149694,1024.3690151372796,22.024797234648325
32.97529908256636,16.418496405635874,22.879186309493427,1009.6541555844568,26.233405889100442
34.402277853706444,12.346357373073602,86.52555986918892,981.7187558786154,35.9740165362704
6.019378939454451,98.00519429764847,67.31599451544199,1017.0109910765553,38.15318002406288
46.92648917365652,39.371916965303754,48.646824151470256,1004.6861742455998,21.623288246300984
9.05916395250414,22.742172872352928,91.53824341921975,1035.3100705980264,45.16923108423106
31.137670161992055,17.132454445437496,25.615728912617087,1009.9737386684142,28.317426186838578
11.133803956154248,66.7601713583235,98.42576581822607,1022.5385087563603,36.89533528785216
15.360820851063545,60.94452973272788,69.30334322035688,993.1321095397728,34.664148376289866
27.322927086406217,64.35521229874175,34.67714031750788,1025.6584138718993,30.835947045154697
20.859670928228823,8.800602751145226,74.32552791815749,1023.2573186290203,40.14854509113786
8.011280048825315,89.35345834984369,81.070500782685,1034.2449025124786,37.3796629631569
8.546820121042414,38.92663968090483,54.34742266966196,982.029298503152,32.54934771139579
20.907239408139983,31.336940643035792,88.9306084996438,1006.850041857047,48.65502048136632
37.86414891377504,46.23614472477392,32.058592583717626,1020.7493241643779,20.739134372622793
44.89823234238943,39.00660657476283,42.307006686208666,985.7098340048129,15.091200020097059
4.206383112969142,86.35770031391459,27.47938892671918,1004.6362440289347,33.357868855394756
19.655195377970053,92.92609751978921,36.87022724858817,1036.5287961839717,25.23785644735559
5.012278186143831,30.34532164496062,39.0983049528916,1006.1560694534677,34.674442406928506
0.8296240316298942,86.39358074599548,93.41065527373681,1039.1242870088379,37.918069845091125
33.08593413219783,78.15231295330672,26.248775100092494,983.4103436647891,29.963084724898827
30.12247209832939,93.08076723447618,54.193209615016755,1023.0697865684534,26.75851021369856
8.150955690744311,24.575031218588784,62.591894978153036,1014.8609741748962,42.271970009364125
11.690641654653206,57.695915012097906,91.89544430417287,1010.0323806279275,40.26125837849006
1.185387682225919,27.454458474044465,99.81569749289707,1038.2508440891006,48.72655742087033
41.74736028472019,82.40944904843742,80.27104919358686,987.7790240294677,32.76420792216466
48.73452980242757,0.5324190571064258,97.66327924552236,1033.7599371008548,34.136816476268066
6.7729768397345405,56.48191628863961,82.96809060286989,1021.4744246681967,32.64992967540645
11.573760688264906,33.9203431271918,97.05621127771333,995.5397643979779,46.68533773155679
43.4204761973467,32.268370707782026,76.58165807555642,1034.1001487379376,33.139779817321966
46.32318989780924,64.4906323864917,26.381074036085685,1005.7576950716608,19.00619386327934
20.981369140340515,85.1484449313994,52.15361495941412,1028.8536396843842,30.68462601009664
2.5311236134537065,60.91953913933262,71.72778270419764,1003.330191022844,36.86075912664628
1.96959168464097,85.31729786467224,48.05748075634008,1031.0558496459944,33.550594728782684
28.69749330345052,26.459711188102997,41.87071344910229,1018.1977471067029,29.470841580354396
19.64475544465895,51.95018547649811,66.19194137064727,988.4627980150236,30.392160699495477
1.4326213788827258,45.0536539067076,94.6801501361948,1018.9797898081716,50.33233042778208
29.16261961562784,1.1644899503096218,22.798549881292285,991.4806857621123,22.062868180627774
0.5651268294511236,55.68121431407401,81.53849628331501,1004.7153576736498,53.131832974792346
39.368597907463645,66.1524324146175,77.81818224357016,990.217735055122,32.1780704699695
15.321641135168578,59.191440441907005,97.11627403106297,981.3209669400271,29.52834638520695
2.012900150461605,73.62798987834215,94.45689778660349,992.7131923669974,39.67529783490313
29.417611049157667,57.13395284530771,80.97860496353543,1012.1823214234475,31.749028994203403
19.884220721652735,6.675025485075691,61.632701174607895,1008.8936580666408,39.489442717231164
48.690020667857475,11.644552408471142,36.34140425868159,1010.0898257321638,19.674654358542558
27.20993312518511,59.64745775439524,63.61885746604595,994.8612127067961,30.212453877888844
13.761959051850415,27.49791919736402,81.22815951357231,1021.1096720368512,39.862440741868106
35.47194323169874,7.964512903476583,91.65353701103145,1022.2557972092208,33.807020423114665
13.574600127135566,42.960274344854675,83.17696073684392,1001.47806953358,34.49393687121589
45.212164570378256,55.43225980836554,35.62135481528432,1032.8702053084505,26.22775521002341
18.73609852536882,32.87459883496066,67.97490513824475,1018.6413929981329,27.917861489379685
27.49342813881026,72.04337022257779,46.57387676250856,1022.7823565155179,29.118757861266044
2.5286551912114428,64.37706081012446,20.736453391251437,996.6403950763364,34.574524806229185
21.30606189761154,33.281836109167195,36.01767486309328,980.0366981093352,28.93059131975843
41.61817698304975,75.48725289085606,29.057651994675943,1031.9225367261265,19.964784348348374
40.28244026816709,64.86950425330355,87.41752988315748,1029.3454630747885,35.685331236675815
11.215927942676313,63.74453787179021,40.68050017182496,987.3915132825698,27.32641556782294
11.303953550528135,55.342770078706806,42.77583751100444,1002.4463080973784,29.271576571123486
40.86526561066184,1.1389668088552796,96.79492574391074,1019.680358503315,34.801951262072286
46.51992100846628,69.65071834768891,50.32693784390817,1019.1266514331237,27.57715356405633
4.768046063650178,37.604179110915645,20.766851211551565,1031.6210200885134,39.75808508773993
22.502931971311263,94.26097101586556,42.707691867690926,988.4160896981257,17.75804770881812
16.872713948211448,81.79847710772053,29.543966448144996,1005.7963848671071,31.077064505886586
43.53442277287197,58.76944695313122,28.224684938868315,985.8334650755855,23.84764204690366
4.176245734000938,25.218198181926944,26.19898321085996,1003.3757149063177,42.73064229361151
10.556297127901871,20.371739327766658,67.46075761403019,980.9064467352623,41.19871966629445
37.623416879324715,34.03848376775491,35.147817890388694,1033.8963839066075,25.777926319724664
2.564692449060779,47.656794358001854,48.89942352328084,1011.6226398097209,42.49836258702641
24.626769035714464,29.606551003894708,88.96141729040134,1030.9881356481412,41.849808452928045
22.105351733986,51.49294953924828,53.94705118370205,983.5942820602019,41.94753491538235
16.720058949437433,16.537042551318592,93.25530800413101,993.6474866283752,46.7250632180332
19.728615765946188,97.77128128254999,59.8350442716485,995.5627997132708,28.69853965909341
26.497029346511646,10.792455496499386,51.90692918718046,1003.2014896783273,27.69119291615933
8.068367919419156,93.1944139654372,80.03111416725613,1028.1719823438527,32.66356911362541
28.59979391417964,91.35780114026949,25.85400790144017,1003.1934724238896,13.786477455272895
40.27161646499932,52.5360481819498,27.158270638593393,992.2792117787797,20.24892489336551
38.008046489507954,72.49102718360844,72.15789711383685,983.8994156203261,31.220494180433047
7.694995234688684,43.60482979725878,58.95525705913986,984.7695049011612,36.59134166435914
7.462473487073695,63.00345775424382,83.23322002553681,1025.6028323576586,44.30657817323757
13.408718387245667,34.05759374211187,93.30166698748252,1006.6881794621979,43.12850741417652
18.05373631705186,30.115901978544535,51.0693502137238,1023.570867320001,32.428647336718534
20.42277907042413,57.82297861695137,67.71280212677169,1020.9372273058218,33.84465905815963
33.98486084166726,49.81296741839804,60.05573022362479,988.1217477056155,30.694522948591523
2.83402160829177,57.95363691499811,98.52885245139463,988.573276051536,43.34134020707066
1.7336352113033193,28.6660581287023,86.48675258852761,1025.320520926048,45.586148074798444
19.595528147195452,36.695783181699525,92.93901666218828,1023.276097609125,35.75288715124862
34.85818460689902,8.38979606289093,40.347207006208336,1002.6818460124587,27.384401656610542
9.671767147824129,5.227637227220572,81.80211385300754,984.6453357999704,54.57123390765446
32.07522406281259,25.345712967301626,41.237857999811915,980.7258813019072,34.52539026255371
12.991406897014974,7.424685933054576,36.69940267427119,997.2894169677047,28.181603594036247
44.30430544067582,10.37747086347407,95.54129277244407,980.5533364152336,22.51837713808932
44.78449721333082,81.29284053939371,21.54435333742933,993.8043572662222,16.664069035243834
14.864360214066325,3.88736970166893,97.23109629307437,1005.1700444126803,49.04738476995792
11.499687698162026,65.89427939347428,31.940951759104497,987.2849459187172,26.63779824633295
20.565198603311565,27.255774881540052,85.55504654346146,986.2566654698928,43.51154686275929
12.026579259007436,87.15456807081264,42.073804245448244,1033.7862461431241,29.701637799931643
33.61919216458518,48.49922845774996,48.05618619445819,1015.1282017413733,26.500005070210772
41.30323422741428,30.557645932782574,37.34061690575879,1036.067341205767,29.396280379352525
33.65460654556085,51.76389356894345,66.84112339848637,1000.7495698271407,26.849009621241823
41.21752236246748,38.19580190452688,47.847643800629925,1020.6286962397498,24.711351986678288
19.84960811037371,56.43010646698302,72.59144315957306,992.2815004773074,37.22728971432401
7.815848535443043,11.453286832634824,21.251785435365278,1017.1004190367964,34.6227132668142
36.89754736987961,99.69905028125511,25.14999068120317,987.775143800599,26.77271360599174
18.023725257077693,42.55558776967175,27.972892218499894,980.1248383505772,32.34488130997613
33.56354126145663,34.82306397073687,53.51949482481849,1035.8919080845747,33.0784627515674
13.532197099088282,71.02098483162649,85.18369381279808,1013.2936625705125,36.374146480115485
4.061481740333633,36.389940649533244,91.05423283027062,1035.6164397669224,48.626798516373654
49.62908977438817,83.32743050287577,39.58485920487206,1000.0298914221244,15.843817862561039
7.810075396529964,45.42707243604253,65.94957793912113,999.6671641497054,39.1519388672966
49.42104969817405,71.95584132654349,81.46919941540804,1004.0393001063819,20.437801637309477
48.86399662832236,10.745321644188655,43.106354393568694,1022.3624590374901,31.11667814802249
39.69090519540198,84.61191855551118,52.72061893890186,1013.9485180511705,24.011623273995937
32.97114810409988,73.57179867781099,61.917936214857114,1035.521294425947,37.40215734022583
28.890352512554234,21.17167784619657,30.789987712643814,981.5264540679464,40.16624561821836
43.305077268891736,14.528600974578666,22.078583498062425,1022.4917562783522,27.87383662931676
14.471976080974397,31.62923487256244,32.22446474546266,999.8196613619932,32.407673183550216
23.38406062424385,97.60705860319044,70.14828970028267,990.8140191091077,23.57227722900451
30.969498468325096,25.683157456705864,25.889460922694532,1010.6237373512059,31.500477615554306
20.559523793474554,45.612720894663326,35.175709188010266,1010.3038270507998,30.54472651118498
21.3743227045134,3.0020225717336313,47.0283108556243,988.2206617213058,37.53633499001469
16.51423337510422,39.72275295662325,26.229605144509307,992.1137633679734,38.239107668123495
28.2115908342268,57.132001543310274,35.33594169293075,1004.4898798940933,21.831395003905673
42.5287264007558,95.3124612507965,92.90158311868089,1004.528684743539,21.85442627495984
10.076418900315643,51.67360449400644,21.54393057815878,999.0534883771811,28.5802435429187
46.72165193767207,81.91073261776877,72.27455393394897,988.9127090905988,27.25787417758494
34.45438268741148,54.712764256890054,50.752714473214795,980.2624207460588,28.924900555063388
41.16366063400151,4.07850134355181,73.8118991545897,1038.2141037456813,29.34067606506759
27.809534631500583,31.500827518977403,67.09533762907236,1036.6099537822356,37.82632108217006
38.97583507120317,57.55495078311033,37.87990034837154,1009.0190227505681,17.148055813128796
0.8100198669733605,95.05939659311244,87.77675900587109,1039.7031051965002,34.762921963663125
40.91902123897676,85.91303597512334,59.355230608748535,1020.4192598469346,22.60737323309966
2.006942954268326,22.835561417884765,85.80288151307774,984.1314522564525,41.64026601414564
44.49566881814312,22.01098300191635,52.481002895057536,987.0630919449576,31.25291077077788
49.59813736193217,20.117296711390075,98.77484431321912,1034.9666506321782,34.79628119491325
14.70337310883889,92.24988963025031,81.6391486801037,1017.8031321289777,42.53373993705471
10.515927814289682,85.26661531017207,97.27601640900588,1030.591017599441,37.02585611126352
38.26816819290204,77.48834322529487,61.14611831278871,1033.8961789780305,24.749545790875104
12.651317046012661,39.27351142242276,57.89529058325604,1006.8765206769432,41.89099079029001
43.278119158610174,50.43807042987668,80.43630474602062,982.9115570946016,27.98183004760542
5.142129607873835,46.43317447951528,90.42330104107441,991.2968209338393,49.413501483062
6.297759818967913,25.339810755937265,97.13166366924465,983.9943168381461,47.27046791778797
48.957577755030776,50.502804614876695,45.96415248259998,991.3243907419104,9.959624549804506
33.69194491350023,3.0496547852754463,83.89636590741111,1004.6319755873526,42.89239751602843
42.34436122144764,13.181037349745917,36.851647810842934,987.0918086308991,30.55180530843458
16.2164688675759,88.65895961689463,63.645947739635616,990.0039948683205,35.11279846690224
33.82418747603022,75.16797670314233,34.387851872735936,1006.7493069243008,12.814218113546817
29.71209136542986,42.286840905908704,47.79178894002711,1000.4102570233093,25.459712174895188
30.15750600614735,51.715036228387724,94.50866937651674,1008.0594874512825,31.915210563036332
34.126622976886075,36.999888595997746,31.68725598184689,1005.7503216655438,21.46451224012035
28.76795865645493,74.07798671606724,70.59207161081572,1018.668681558793,38.373610763724706
21.453118465133297,78.41871792320796,67.43634183419226,1036.2313729325513,31.24343221280091
13.796134719027343,76.32851902031591,29.659068216718918,986.4718603066545,26.963800407755283
38.4290665456601,72.26117248344495,46.07832350150497,985.9556089585517,25.37606504393315
11.31362150015931,20.450433869279582,65.03852036122126,1031.1683666654542,42.52652388996343
34.61771530772071,33.79699792404788,34.97428871907922,1010.3838022791475,9.754341415594684
11.666641132466331,46.98454349836749,84.04989251302523,1025.9843014141065,36.43693552991245
31.266508497722693,33.079299142765564,97.77252076277999,992.9253142164368,29.51255904619598
37.35391335645144,75.4940200158329,37.18075199699776,1029.731754390053,24.1577023446061
10.93569444532696,32.935352424995465,34.95295718324607,1035.4307974515618,32.672853878750274
2.997165043065414,13.823208678533716,56.39480574379557,1018.1289809327893,41.357267921958474
6.548687149708704,39.90404520483041,79.82122217120258,986.3527412884281,30.09262874160069
30.299848363551273,97.99144327823804,42.52804881882011,1033.7176888493802,21.355201139468946
42.47232031128678,22.588141293357587,21.590392695782434,1027.5492636422043,29.104685213653738
2.2498410617712183,61.21586589432291,63.29765024263152,1025.0526665908694,44.9864093757593
36.70756295208231,43.29730498397063,96.5280454213846,982.203691334355,37.11559835357653
17.065932297502606,7.102456764932663,51.30214843255565,1027.9377515154183,30.486725462207072
23.926418495976126,48.787660599805946,53.61076433464803,988.2770606281014,36.787473268946414
46.44297749227828,70.21643286483125,97.51213736912304,993.3431705718133,31.899158757638187
16.598575236792275,51.321997582781876,75.56860893013827,1014.6280900921555,35.67013564172528
23.2668466969743,87.21060637465811,77.53375382737002,995.898846375013,20.461743782498935
0.6841207380340553,28.893701665758265,65.01616042968541,1019.6808923787152,46.559410277353656
4.0799360002419185,8.624917130396492,97.96873686905933,1016.4842268619449,44.71769090456867
12.929579556739201,93.65656116580061,75.1093187540445,986.4889758807958,34.22247645239467
1.3926120410537202,37.8196349528219,91.60262012841356,1019.3608747754904,45.009832710356854
31.56876630241255,57.64055514536334,75.9503092586577,1035.4372945894959,39.298581797519866
21.319917840081125,79.20031261301959,78.80926598723167,989.66659431115,31.411880240993913
27.407260136401103,32.43136638755806,43.23287377137972,1015.8237212565732,30.00052286073255
8.732359294816478,71.61645381776111,44.27829584110552,1000.5119223162017,39.50370660466196
14.796601471830806,13.541884981782804,82.63877196608234,1007.5767003064162,38.20306964256221
33.191223742636254,29.129374720550526,43.73650313359197,997.2200107447381,32.446185347126516
48.26513618151999,14.47106361365199,65.02160566412253,1001.2478381808617,27.598471783022095
2.52083868011046,81.12305584013578,39.94818487253616,981.7347093959935,26.485654920728933
44.519216042763304,22.264923522678536,85.35867046472555,1038.8931042750332,32.74521042371701
28.844060065560424,71.74035554052102,28.8401080982152,1017.4879953243649,27.047048115539287
28.195978337781185,94.32983972456526,86.35573118093316,1010.0423354296331,36.770978111824306
25.013926760388017,52.7772209068877,68.21838404060814,1003.0229209700196,39.62478583341485
3.4697042952091692,54.00291922606877,34.95276278616618,1012.3624735294417,32.31514030621647
4.493842586808033,46.103356809781204,63.36283084048945,1002.8063599229482,33.40581720735078
30.045600282954304,32.589014339364276,42.59990694778723,1001.5944756496204,27.295599538450375
17.047928571777916,47.56550309249171,45.87738677843973,1007.8367925033208,25.999761219399048
45.86340332888403,60.28075322667594,48.122243327750425,996.5589820202714,21.015488821152665
20.329526867973613,98.59915721706594,25.065539757785675,990.8029939980071,20.648790643430527
7.1640729351320545,93.77645593182243,98.87693475211339,1013.3963538908176,41.950050837695336
35.7359416751018,86.21529582931218,22.522770250497928,1030.565926169018,8.357746075921401
14.667671072050492,88.91305357048583,72.99974985474228,989.1696906635535,28.513709882385484
26.27351536779466,46.784918329204295,49.698211820594445,981.9640604362531,25.645875016345826
34.8916392752585,65.74443271774648,71.68082327573592,994.8087047092422,34.281998793233164
45.01320556010352,89.50667229362142,48.4998602470067,1038.7832386072287,14.766793024797295
39.6095597400838,39.295076499135305,73.9000517007087,1029.7254844246004,31.74042866990461
33.818053393636205,96.17624783454688,78.33884075746886,1015.7519632117157,26.402182504210185
33.98165911975718,41.5786062069183,75.24421123197158,1035.7549349145881,37.604584660650424
47.296232201604326,60.10826653932156,29.116958508652182,1006.7167470102347,22.021341724641808
14.791204874826802,70.9804713272372,72.55145877237477,1038.9968361545104,35.473465602876566
0.05560470980937038,95.05920130759384,42.39900395632779,997.7781227071571,28.759477130949776
13.597727969909934,24.461627405226604,22.30410964554668,994.4183449709564,22.186789699206113
10.8945689813372,74.61309782386422,53.18645375111632,1018.2828920688206,33.589373705693305
33.09172925569991,52.081558614408216,54.68344822430409,1002.6892380770216,30.513076349684617
31.68557998827645,26.855714062064106,57.37393066819572,1017.5819325185755,23.63214478553826
29.67306913523619,77.66068397963906,76.3859332312573,998.2997310981611,23.327424646474306
0.812172160472685,55.22222801738466,44.70750473139673,1017.0750954102795,37.283403034893205
36.438902722532376,66.09738206496758,45.222441048313804,996.5447756351022,25.60856107773199
16.176520624274577,32.2901068577901,24.844180499300847,983.0583241291334,25.092590133956115
33.25279945033156,48.1273951827605,74.94569727938368,1034.728154115391,29.017514752999663
27.828921425107666,61.73542509880671,65.42608731196671,1032.9923121124077,21.50909620877806
17.13654627139536,40.4910814269844,47.95400901550305,1038.2478889563604,40.39430662640179
6.7288133552053875,19.837253984770133,76.41511831338838,1022.9916305732843,36.160358916593054
4.720944883024048,96.1640492315304,62.98861993815017,1020.9632706641182,36.28616697218739
41.57591665561118,51.14675400426174,57.53959566964318,1013.5401842044898,25.879489156659844
45.9198771040779,73.39203702877005,60.905963492890116,987.5565449811513,28.959826687579966
32.48940233821498,41.10471935560581,70.90785002136452,991.3541186569562,27.384696775444944
5.171705743024169,35.51317640257163,72.80020836596796,997.3681813203522,40.81082906983976
20.101360844412035,40.7164298467125,43.11662553125737,1033.4093817544037,23.281495680595068
36.446960005257864,40.91966437856498,31.25946907129226,990.3781714761845,14.517795166084905
38.9910442005034,54.418011594195356,32.530734495241504,1035.3723904692733,26.1696114834285
5.91093111455443,54.346986998136316,71.15127087224013,1011.367143983085,29.506926280969246
0.0015359422691207936,49.715381588287165,89.82986286137007,1022.9341781283844,42.5600763780911
35.60685229403025,13.478578491743809,52.759702267644144,986.614669200834,35.41281242664444
17.829808799310282,49.607547850053116,33.56161282635699,996.1420129265547,33.12080903815965
12.724066580913012,16.91039004206515,80.52819986350838,1037.5111164908856,38.73826589112058
0.644873489476272,12.613578629576516,86.59915795355589,995.9689968157838,38.25191803750766
27.014970338074985,93.26457173411677,90.44659544967732,997.7913032234687,33.37934141536444
42.557536771299084,60.49500131477043,68.54651431309865,991.8558430904648,32.75361676020823
47.881582313629394,65.94900581245842,88.85828475104677,987.7444199184098,23.55306544236243
28.287247530664462,40.179367033336376,21.233196675872613,993.9954584872398,21.28421341655713
25.72306638699471,90.89808919148642,28.57886414156188,1018.5396135170479,19.96638324198319
4.252819274462055,63.79304895796655,27.4060853641679,1007.3220640102138,34.20024696072977
27.443640077129988,76.91698695235874,77.00837474037864,1013.225350180274,36.77356052836197
18.99895394826973,36.85624690277138,25.566542683486322,987.3418897259614,22.738474265381512
30.356764044178846,96.00118808191255,59.70914979730456,1028.126986829774,18.060355138122993
19.436317393827334,82.0461290158315,57.81655189090313,1027.0456820347908,41.61786991426218
12.014956172518337,85.39484630145436,44.856281884659275,981.2953946685606,28.063764754718978
4.748263761418825,17.21942674257543,89.63241359536798,1003.0109056706183,46.363122328485915
15.745922229444787,27.096320787121954,33.63465615039968,984.1262361182688,28.574660194291493
4.832241714387614,28.562659968357707,48.19702275193919,1027.5263467648974,40.663953384200354
8.844847541199197,27.090922324687117,81.93372000183433,1024.2361809875422,46.952539498705136
49.366807928977295,85.5408162104288,22.43378515146274,1034.1192856575894,16.92231034399978
22.20517784533093,3.188479520859211,73.83603201970949,994.1842375371868,47.422978633087126
26.593588325250828,7.60999889807743,85.31181810892565,1007.3777529876679,37.31152843900376
43.680926436860766,27.39148706299037,94.58142710705337,991.0692726298639,31.59076051612114
49.77844502453439,19.987297464944366,90.10373123931879,1002.2740960684472,32.52581010979909
29.135722467234075,23.185961388284838,45.550729346694816,1011.334595094013,33.06479665241626
40.623691052208585,79.79431892533,66.90913130583621,983.1998473903153,25.41356374579921
16.347051216833762,56.31265938920469,26.18347945203727,1022.8922246406431,22.167909971872405
15.287197872364555,0.5770661292967993,40.62960028384069,1012.5976016222645,38.00510193136015
20.13518604972801,42.932276570419525,27.53779029980059,1029.7375410326404,27.260767969645354
33.625363133682455,40.78849268503589,45.21498321231711,996.3068300714718,24.377040804295447
34.10958446275494,11.394526944454352,90.01497707669832,1034.1992663161552,37.71631412832215
15.76197173247254,67.61417886014571,47.77334717394341,1039.9216551818265,26.406812337325636
6.660496206831434,70.20971883794911,64.95184824011412,1035.1579063026604,30.48985799685982
31.619812823275428,72.08932190520977,54.67046784919526,1026.6735485499892,13.70182031085622
6.416293109438226,72.8470945558592,56.713321943898826,1028.7421281724269,43.34843010916543
28.924625411466504,0.005282693229680113,97.56576414692466,1014.4246545526752,43.764098415844295
34.67110640281545,95.39208038467221,43.692357461108635,991.4092317747567,20.59767768881805
35.03057481972258,81.4208767054663,70.18595756185371,1020.6224411088631,23.692966155558675
37.673605532979835,90.39816965892852,53.605013566355765,1022.7651801235959,8.513995601406393
43.642971078283225,1.5643295307434135,24.891694483814895,1039.1231084160743,22.364247683226992
24.997949598239423,93.38587957857393,59.14646652993888,1012.4780789753793,30.602890407489582
36.51245947647856,80.97885286881046,85.06746632360867,996.2821409015033,33.08501115471609
30.958636768291836,83.72191429586987,27.90023749453507,1021.0203513043704,24.89712015820964
9.331996989884129,9.328738472196852,25.56734779170472,1038.7625491799872,36.409839986932866
1.2844822434704084,73.87780289185977,32.29052163146133,990.6328344961456,38.14248070207191
14.227069283846689,95.9916689642091,81.15200891114449,999.5598751121362,31.39402504689678
22.15168531688097,67.85473414181607,77.91963073157903,1012.5128572263609,38.67316732568999
30.855297221432814,57.05614046246065,65.20142151248885,990.2128780929203,27.439355357454758
42.497966525160265,94.5629677748997,57.45811232741059,981.3332383711963,16.37398833710865
9.812285835308282,44.2937121734436,91.06606517620976,1000.218987346475,36.00266765331151
6.277489494923855,59.92935663104787,81.3358259066786,1031.9222480900635,34.38015423035635
48.173997373716375,47.63382934943662,84.95538010414441,982.6081039594229,31.21522709176397
5.402227968820355,93.28462213602991,85.06098410805234,1005.735743541015,32.951004027293656
23.92455350535946,7.608472676550726,71.41737237964463,1025.732046375565,32.86388924002036
29.278186439665095,50.11197008253482,56.64116994527567,1037.190955814653,33.754017766238206
27.068721045371912,68.69524413854383,89.17422020685203,1039.128523940266,35.54841473472833
4.3016078516471605,79.1906538422237,94.08059340826006,1005.3181628365245,44.56186444248199
2.8513457001809686,58.301864744413635,21.904483460667443,1037.023057662747,34.6435410442234
5.274171373051784,90.8917744121454,24.124389861300102,982.1251383968519,23.56417449301542
29.279384193630626,94.19914468838716,96.69946375267499,1024.7550162799134,31.916802243914546
27.217244381716053,6.4319223193583515,42.17284910753558,1018.5647620780168,33.254522015088405
11.687039601837213,40.23705395413744,89.8695551719535,994.9713114551691,35.99424893656149
31.888707092279578,2.345902172115444,51.10360951691221,1010.4391100407789,27.28999641298703
41.00337510278247,32.94166573744429,29.528004608748446,987.7732242656298,19.92587802645717
2.078947992329688,53.68682179706021,26.43545601674674,1032.2958290570937,43.541780189609355
24.90649717740212,91.07949305099488,32.52063192643652,1001.4738851327389,21.00395356219239
34.465520605134515,84.65543224654029,39.991455589389176,1017.562668227943,28.449106253706425
12.615596353484355,12.749972667198573,59.08146831446609,989.5265771772357,35.98977307055047
15.388545264657456,9.303037474089571,76.11983204526268,992.3698906778724,44.90269939124062
30.68189514946919,58.926733875666706,98.911886118824,1039.517382248189,39.78234690816919
44.89676467218685,53.211797245878266,55.320539463133684,1025.1851836664798,29.51452800631599
40.49622101514497,26.637764143002386,61.45479538744879,1037.7183121864443,31.839079543047273
29.156510954979176,89.94530845538353,61.74525611066045,997.7510699127226,33.10215857672717
36.51108588786246,92.73664094615535,63.15474843903488,989.8737725971893,25.675467703588385
18.241123510389933,40.261143834016266,61.41925256835698,1010.1841078087299,43.22576725161094
32.04827640493789,89.03025571135203,20.701980404953424,1009.6800969336406,11.421791490857085
23.30907955637785,38.39488942629726,20.137985768787257,990.4967908254793,28.479852110618683
9.496806822878046,73.68168318297002,27.813305450089835,1023.9931741748846,30.591266898529085
35.08691369386286,47.59422175477241,28.124528274334306,1001.7066520663241,19.02471676981307
27.823231867441102,12.258315650718298,76.39175271638368,991.181913855831,39.3475211680887
17.93107909767957,92.79342012370215,36.39328260127998,999.9190036725973,18.088293344086765
45.566959503931535,45.40965933775366,91.57712838044903,1013.819521978101,27.270984282872902
1.0467058913366634,73.44870403224036,94.28850636616156,1023.5882559308266,31.700719838426693
15.7886575624748,36.71738144312921,98.0714670316719,1008.913453163449,49.01378628977848
2.844069888882328,1.888087857623466,95.12650439096161,1011.5356993897024,47.039912424284765
38.32636581108136,10.05303586918359,41.75106575348197,988.3367561565649,39.100601829992385
35.10537270568963,49.62194794899244,60.782147576281,1034.881455482494,33.075894272083374
16.567610936815854,68.99643571263624,34.03639761575528,1035.7234518795226,30.930492894400487
33.78314511035365,33.473532657927905,84.49677241379464,1021.0055954250802,31.421192500266923
19.796861309797492,69.54884591776504,91.07453641152769,981.0578845360415,29.896644989297126
37.812689571121716,69.8635589431956,88.1031071438012,1012.2244529541996,32.484650234482814
22.709183136835303,70.39359073278308,54.66935589574679,1017.7531383253169,29.085782090174543
20.61398639158328,49.25218540205084,80.69391077494248,1039.6792533774867,29.831905648684533
46.73649577441505,91.4886150121504,27.806333566101557,1039.764017311688,8.952128065067845
12.543954994535012,48.91965179806156,23.219581649540054,1031.4566741195335,25.4034004059371
6.022366999828272,45.026519349663815,80.25891314470087,983.8298595215668,49.25090825355276
29.22715566297291,19.9380819010627,54.0284219462947,1037.1965834467237,43.892629661937065
48.466090614208944,30.765508735633652,99.64394117916554,1016.75967482912,33.43035235217573
18.891960686359333,4.233449251830335,27.780337268442594,1028.0532062287507,34.121895564957015
3.101838181439076,63.35352936161702,88.4502145228187,1004.4315709811513,39.148657348304795
16.96526336547837,24.853574392709287,58.39864524231934,999.1801682740754,31.23603696136746
25.296582715977923,30.41552544854651,86.17201564031016,1007.7946487290285,44.067063249015284
8.096150331610685,77.08145216643211,85.37018257361159,988.8124707781296,46.552668454963595
32.9051109028246,32.72211831614539,93.27936010896619,1001.4239683251984,31.149542851190546
49.88746945051003,24.219589201314218,43.82800090288822,1031.4570499860968,24.14094948774773
22.58697379907219,16.905774913370575,95.98394827696025,982.2770291756528,38.06713169044754
17.736427836510632,77.48584021819559,32.13335682860962,989.0526828094763,24.170349433383336
20.035208341723333,12.970625799002688,26.557502207479242,987.5069695789691,37.095680917433306
5.757308919760057,45.37537602503535,54.529241389787934,1004.1845325620137,30.178538854446305
44.16368007131119,50.69301160771944,86.26583749134741,1039.8192140534518,32.49020317728738
20.7412827760676,68.73899126857145,57.873690450675646,990.401475812683,33.77398966070691
19.363720571242066,63.32834823329955,86.34293420244113,988.7289589759556,34.61331244717361
32.984513646523716,81.07206729451748,78.37494446354441,1034.9033437865692,33.65708685678805
22.101671046556177,4.475143392623815,36.754270891114686,1032.923031017958,34.57184480348438
32.4116734403923,29.64407247793972,95.9105299919571,981.9344221997933,42.163008268658324
3.0723145065393753,28.013411877537976,24.86249349035227,1025.1023576107589,27.63735911142314
40.68616718611137,14.601690559210823,91.86237660350359,1019.3279420885858,33.49601981550842
47.02519764397013,28.917825385644313,44.35547591922992,1026.0644485911625,24.556202813697094
32.4382693079693,30.976531414290342,60.01184665315194,1009.6701472877553,17.745009087551324
47.72829644294054,52.188446192747826,53.78814981605876,1039.4827531068977,18.63078031449715
7.5716157184981645,66.3704478926256,33.746764553353295,982.6308211226578,26.47810532885021
23.870809474017683,38.110051361181405,48.65174931213545,994.0622951842283,35.68779029629819
30.090336697272363,71.94702313133811,35.434754903423624,1003.7927592184169,20.375048365993365
29.086832371059334,33.616533857958,36.31091803684191,1006.9866764939422,24.148273201761643
20.07308895445216,29.028367731476035,34.964546882110426,1035.282044161971,35.85298835935369
16.90422046831307,54.11880558570243,59.12139042772754,1013.6002618446355,25.307513873037408
6.34120112752094,2.3716360305790607,83.83450940090525,982.7066597312237,34.47356532622821
19.58712252811391,7.9789123634000365,65.51760270089929,1004.4717778055397,36.17508646612478
8.133040755274257,41.796954358652705,91.45652708406735,1004.9894247421441,34.70012605461366
36.71828382461092,94.29127113917565,70.92355908613794,1037.9294563062672,18.644114254446947
10.441546774729499,72.15117798434237,75.14720925060836,1015.9518254612665,38.85070502440341
2.9282652642266926,8.812656950055775,73.40857837816026,1018.1390642695363,48.73419195740408
27.618306890861717,84.63180127808737,55.95673545469929,1022.7951818750762,30.785062839899787
29.76148663597008,73.2300770608181,75.14710577600663,1026.2023589409273,35.82854264988287
43.59565306402528,61.09465257026532,25.57661971751689,1018.1030642121493,25.956064665710414
28.849080620884095,82.02929606091773,88.78811775325305,994.2316610680361,20.442246047857026
17.274042686172287,40.41098477429571,82.22497147551339,1032.44275486047,40.751349334902486
40.150594076316025,22.150105085385274,39.61839665853431,1023.9271880246379,24.253073529991777
27.013944659371052,51.20233891087593,81.44259634032659,1024.5122291058174,30.485095514314246
3.964014231559587,54.88417555934738,21.01140811200148,1039.793404354085,34.81203063952283
28.292528015662334,53.83263720099121,37.37972579847043,1028.1515920917989,18.387491187329957
45.40092727108312,56.50737914801053,25.210979093671675,1029.749084189309,11.090069422349348
19.815631274911027,94.87049182391807,82.41815332943158,1037.0843309426095,35.5805347738104
14.816290094990004,90.22456230962314,80.46993209427097,989.0680399909336,35.56343744205449
7.173472850901002,87.57170365589394,85.09088190414646,1009.8636425886841,37.47535619589351
7.572276096767866,80.14168109086272,20.358535466042305,1014.8340214154473,23.405042786482973
21.638574217090945,94.34281072652854,60.09861813427264,999.7565437533475,31.54321843033833
29.783991208076475,9.849464167940326,76.38689580138691,1030.3642006336704,40.286689063966854
4.0307702584800875,26.51232614457395,32.432090299121235,1025.7451772987433,36.68577597407891
46.978429451258286,49.50559456545849,71.98325820100997,1023.2529844704875,21.071854921289056
37.75668087225979,84.65344931234053,26.728807944774857,1039.82896638549,17.627309597866507
29.331195914183134,50.51657115227325,34.50606848834505,995.5628824045034,30.16532041948177
41.42193354694954,74.80347393415887,58.06374519956808,1024.1274351005252,30.6611391384539
4.009337840605665,13.895990524891621,72.28521221448815,1013.0842684943541,41.6193837805078
23.84194388665622,25.24138129765602,31.669530156311687,998.7793509496325,28.540930407635624
31.50465634308317,73.17760950376724,34.81786646647503,989.6352122433875,22.17778082141203
41.43264530591446,16.473400888772403,36.35570936525304,1033.7530302240527,28.165748373172296
39.17347800246338,35.135593465492676,39.096064375918274,1015.7273289624707,22.748016988048754
13.853462485669981,26.48662578135714,38.124307882103295,1029.4960302584477,19.77294017578982
47.04400847796021,34.98616942224785,51.61192867981094,1012.7206990400927,31.088228805396128
6.217292071543517,70.83240490779703,72.30317206693783,993.1986248392411,45.474464930395484
43.75668093105761,36.7847181142801,55.042542650757575,1000.2529287860195,23.13396458456017
48.547012480230926,55.52633226079402,82.07791269999106,1002.8923305484128,21.659529701224365
8.857676161131279,9.993187705440965,77.54148047588919,1038.3760887502222,42.79661961555323
36.10330321018927,80.50176932346278,30.122153123926054,980.337996702883,19.046395588599644
2.014275938899923,36.988862564812486,23.907329865659513,1039.1399613814704,39.78332255514191
20.271141256957748,64.85341590333424,90.2353251199685,1038.8276981065899,36.758365970931514
25.8141649598837,72.53896016618326,26.386485325029874,1039.7690474318083,20.532094090951293
29.032261295481703,20.96609221117004,31.867134457577045,1008.5952907351781,22.293641120788358
46.79686241242798,88.467498495335,21.770662044649445,1037.82853817726,20.204532421079087
33.61253436470973,61.62242516069529,70.2669092238923,1003.7359509109897,32.10630878214244
24.06389756096185,42.87251417514815,66.58964505266789,981.5776664401033,38.15637879135797
40.48375181329447,18.233518357821954,98.95229331482045,993.4608311823059,30.64264948749318
47.526641047720446,94.23009379012068,90.95459170537376,1036.7177746962432,34.62872705404437
1.1033074341145421,75.50682041316252,52.86745419847278,980.825881600124,25.686488954936596
49.126063612801936,20.802456273324886,49.726867273002796,1012.7596481253785,29.184163449292317
4.3066069531840165,33.77107747242245,43.748162742398804,984.5360953336807,26.77594264885147
40.71933896343807,80.96742580880732,32.19255360303051,997.1837947056547,15.248357756163177
14.016737627570624,69.5677663215339,31.046692528160726,985.2855710427132,35.74603203189359
6.608982887693587,76.57842927157243,30.582696640768432,1031.5717172667835,34.475122320365564
21.992781985691746,44.12011022129324,29.129180574942282,1015.4642425788624,25.677714242545832
32.19782897238068,71.6476262642167,39.24096339244295,1034.1263879430987,21.890375735484106
19.04759225117375,38.64937228639137,44.533490425049315,1021.3011919724137,32.769943053391614
2.728270414134948,21.126291693819642,96.92631768311327,1038.261747874706,49.68377727014228
29.97305698293583,63.26770348413599,66.27786008015086,1010.5926592856244,35.83274166785426
45.120163805533736,97.60139255987941,99.00766196106248,1018.3226349057725,24.380243571584288
19.160768297362583,31.06009713953296,49.79735582605386,1014.5785291933433,25.588008437176867
10.816638881541351,46.09695922125396,56.610130607155284,1009.0556257667968,36.34278765506522
22.12886729664077,67.40013710698535,45.96629273322233,1030.7575619253807,26.584267061258224
2.4181355524390433,54.15062821224878,34.631012071724214,1018.6715081402216,27.664409962864237
41.02437922401374,84.34277957090492,31.453176622206335,1028.0787358913283,20.766304063426873
41.317040547509336,76.1742706469516,95.60633582462656,1027.1818361961448,28.54647909820497
29.400023171481422,5.829720386235704,98.94485454390046,991.4627096393177,41.5405644166524
17.655144446919476,99.8421233923774,23.592759720698524,1019.0098119510586,18.906133522876463
39.989168222289166,75.24024537194673,32.027669978541326,991.97888115088,22.296505767544872
27.73435123941836,86.39033162941132,53.881927384081806,1014.9992286946263,19.577444162963264
41.29661542750081,65.11977120953463,34.90667810755259,1020.646081066778,17.349304639781828
31.57293962915103,85.62851280467623,49.11043149015066,1039.8341042952552,23.65394248477838
39.22027366063986,11.238297492870942,30.32770798877067,981.8325186889844,34.744986799414804
29.928149660888,34.77378355593156,56.520940537743215,985.4745436468232,34.395935542480856
20.70705341078331,87.64209436044928,41.73556929354074,984.6216017822738,31.102404491735612
47.89729299630688,20.165521126689224,48.152404460692864,1003.9016771760045,32.74053936777875
27.05569124394224,7.824209858002273,27.54501211701981,1029.2953016891488,48.572690171407416
30.25447592702692,78.8118939945219,54.25024405681134,1030.6433799672282,26.740817368098167
11.024381970737462,83.54861556432962,98.66060887692558,1024.2187757432691,45.4632953143993
31.282539471363823,16.26522181899006,46.306643750495226,1033.8126945097968,36.414142701471775
28.580382474147193,85.43459827827155,90.11434198739481,999.3715966501671,36.10717117757888
9.241919897351247,68.67677955971696,87.45593132989481,985.289278655138,46.795119437610815
2.979354867657186,52.00826832165839,96.16467346377685,983.489181679391,40.64328620576897
30.217965985738555,83.0250192781385,83.20876098136756,1031.127963177163,27.98255656753108
38.18461346751603,41.92492493189658,72.76774616470519,1023.8261776612214,32.08263651189505
26.17006854610041,19.39939562233972,88.52675553819661,1021.9169183606673,37.75289271226931
11.338631265982285,28.485267661061364,26.05157445258797,1000.3805803127401,33.997735893233035
33.326098834651745,50.51640182933148,57.02645257590462,1002.7943113170936,36.11412820466395
4.0052863304801125,53.13307926731758,99.14049908920471,1037.4868117339593,41.4551836586527
22.091685240097732,80.55808264412336,81.56801210357858,983.8282846458761,30.445058859043996
8.16833791992101,79.13527236523345,96.96603024297785,1026.4239042162676,40.320909025905266
9.222952552994169,58.13665572045748,82.37074849067832,998.5779994225036,37.345028793981975
10.114697457910182,78.07854833654764,89.99055739537154,982.3432771047534,27.473155940305542
19.335352852198895,19.1773458293671,76.52237058425527,1024.5542066445473,36.09046106843817
2.5575102810198813,5.006452709329434,80.84016035337919,999.8547131407025,49.03208617176955
19.88967204645491,87.36338226347002,61.85424078716005,1023.3288511245678,36.96920705494512
25.585372355735043,7.5554493762769575,93.93901606513063,1022.4592629870872,35.07578818747449
24.164714248316262,24.66884297439973,86.00311284986893,1012.087212525987,32.369500609911015
19.139205020152026,69.53189496243846,87.51079725325057,1026.6423877526329,35.855685354337474
41.957330403537625,40.94479376273091,73.84072807704419,1014.8622994502746,19.053701378838554
7.266334621025205,87.63139699155089,44.36639576697992,997.1982111708957,28.171032488066615
25.2848371890687,29.797979466226955,22.850383631211145,1024.0469180638652,19.403036504858704
3.102070847827715,1.1871346669359295,94.85241035276357,1015.3483889526634,55.07080111013822
3.5577839438954872,30.06556405607441,66.88962790443975,980.7636369013952,36.46816956316576
28.693292483854815,57.80750491848317,43.85143769185122,1034.0986506662186,35.87512136179243
28.30092124439105,37.59383754032933,31.930808627803025,1012.7386170994588,33.102340276101074
43.90167564222285,53.48727557587553,86.36185324006037,1032.117635928772,26.585813965843002
27.89368378300366,87.65981188350187,86.92161555580631,1032.9642103389347,25.94364203266796
47.98955102024251,91.24850542303685,85.16063745044252,1006.6979994041053,23.1586110114341
2.434742419996488,26.59740646541121,71.6066153573429,1010.4595997870739,41.77678780551183
4.900384239037053,46.21404732699007,49.28123100735007,1004.9452632605361,37.870304631665114
2.20329307851907,54.91440152414512,44.32562278242056,1006.9662065184827,31.493023024111608
9.263842516677002,94.9112456888247,20.684381609453617,1033.7088295383037,29.978530875909563
27.063505547083906,99.86173191643847,86.68860469505923,1027.2886408380746,31.51047894025085
32.2786090713714,23.540724884152663,26.9946157994914,987.5915405789347,24.8013921880964
2.27925789743344,72.69798713458154,70.46039984326141,1016.6184668924058,34.127649954559026
47.298544492279966,37.80310622331952,60.32599574720707,1039.7543984231806,25.6896884450353
42.10826883251905,0.8108196886213226,62.13514871410809,1015.7330420739492,27.576864270839504
14.830624107854657,0.9252522435902355,94.13702762462187,1027.1522975355863,45.15408111210752
3.859376511323398,46.05660075622558,22.52920090169937,1026.1436884028703,33.30597430039228
8.494353660952864,48.833491300433465,81.87137797030178,1001.0190515523398,40.91796891564456
6.347220687748633,2.2569696573442655,24.16419186938457,1002.3109581622375,45.112196819952686
6.164188964947343,68.69274167743025,23.052288474830178,1023.4445853074242,29.28598052164792
25.928084433286696,29.400338859495314,54.385415851310555,1009.9990118962901,37.40232273530926
12.292372124670015,55.98931015359494,25.046013947437338,1014.2342425478233,30.642881275190078
17.906985826457223,30.091907316541878,83.13151610343297,1022.7743474218903,38.092706374869124
49.475266669216126,16.71343148693072,62.365047491866974,1026.654501622343,27.51812765701283
34.21571244626724,40.71737385988753,22.323102612781955,996.2909946639843,23.383702119487804
47.44903335235007,23.227336479050077,23.24005491855356,988.8076255662178,22.843555634138447
7.127827751655779,53.480097691916804,69.01348237915835,997.5076788034235,32.75921401215895
19.106973741628465,19.882853028647997,84.4889454126724,1010.4522995055245,32.575308459433174
27.736590164117715,50.840597664462706,55.023962501981885,1000.5284790378223,32.87061410774352
3.837903094436901,15.737851486886756,64.36645372284995,1014.1017655308556,46.44246645493116
0.20937218139789326,67.09747094857849,83.98635632399213,983.2079434475377,43.95773273228637
33.521716689845874,75.39376844414241,68.84049392334553,1010.585024696826,28.45674282385271
32.09097584007176,11.039423424993377,37.98081901270556,1002.0790944162625,33.58359278297666
20.53944049998059,46.78024120373392,69.0441620695583,1012.080005293573,38.065513276023346
24.48220380160163,7.087170065487358,70.26235672521707,1005.3520012930986,41.27116218239008
20.77215002960448,59.81824455420024,78.72855847049013,997.0535510382525,29.97918122032663
1.2002522422444428,26.440429792964537,69.6699350045441,1034.2464743274581,37.38654209948783
16.768580310873123,52.76244568387079,97.53937043664304,991.0858993052814,36.94295865619172
8.854112769864491,51.746100938429116,35.783064697365475,1020.8819345348336,32.60733392278596
4.921209455068437,92.43543461938005,96.0872543653661,1035.4786827549449,37.93314987578383
47.83602169446749,54.90832225687229,63.0671592280013,1012.320197581126,15.221387445105862
29.967986252108282,58.29984797183157,73.75649123959296,1032.5845093147689,40.24324626009439
36.432814211830134,40.165312576438026,27.956927796175187,987.4910887059971,22.3667554779247
15.768187163305875,94.90796031828168,50.44607531024856,1009.6273262153845,29.14172772290981
19.65735647470076,77.71859094396096,81.55033171705381,1007.4215168288564,39.67465901114417
11.846199694836173,28.540529030284155,76.55288120791923,980.4871284222197,27.699900590546978
4.848283548271237,84.42095857762321,23.211151053232815,1006.5954404815601,25.898531185813873
8.95158187207919,43.239636018508996,63.72754107977957,1002.1417853829558,35.39694233825237
39.87570226482429,82.8667143533594,27.062255437472757,1020.1879236664769,17.272164446914
33.87729025918879,82.28880682935021,99.66851433425299,1036.2997867145912,31.15677217016835
27.346443799273846,18.88701867628544,91.78372708266357,985.1474652957222,45.35354735312751
23.754493643338403,70.1141131383577,21.686452834282957,999.6485832028774,27.215474560998814
46.12171418280622,29.06429693065311,88.69196631221047,1006.6438842436551,36.223905026941644
3.6367473889334203,29.749266999266823,93.55436804467261,1007.311122682063,45.08902810279006
14.030040661895798,29.634807688058075,48.28385780507641,1026.4885832505352,28.3429921376701
17.4968926785357,72.55682475599482,77.56013240382127,1006.6037399500065,23.602859204683096
39.12129061063939,22.982604179253606,55.368299696622316,981.6296780872192,20.9961522989624
49.62573100809857,0.09058352460902253,72.41859876610752,1022.6062456755699,32.95696559436715
12.033525737857653,71.52368534826331,47.22539234385532,1033.0897817087402,31.882026793057644
43.71536670685403,17.118474383512527,45.80473893066147,1010.8342827529804,25.95012080647133
41.53113802158956,10.448239530783464,53.954711108606325,1014.8665113019104,27.78348699907326
11.23286988208833,23.751612059406014,31.64542069220009,989.7761863381428,43.5959225372395
19.966629009961128,37.9900522322704,86.4911171548306,993.2387566807374,33.67493082574159
20.483643464625956,47.59063274732007,47.895831628930935,994.1102143474767,35.541519997749674
48.91103342632792,4.457004071263082,52.01196431246761,1005.8445184928777,27.54923926180798
9.044595068944917,97.05733326273605,91.52436901617156,1035.6887132537386,36.458620211613436
39.957898555239105,71.60630534195582,59.729905125053705,1011.3070860028931,30.660815131132328
16.709635708655497,32.31940653243362,63.540312748069034,991.5258587120811,43.16938463406919
36.54351728880802,31.869725728539734,96.51984998216788,995.965264152137,33.789507736447355
21.000550214783143,44.85425493684594,90.93811065159913,1003.040901783631,41.65195767150366
28.917988155827,62.6244822763033,33.55733671107516,1017.3955385415679,27.00312341386447
41.63058866630656,14.637306658896776,57.857202393448404,1006.4019891802403,29.630898570889993
40.20827824919421,18.892981376495232,97.70369819428365,1003.5466906506155,36.53598164303221
43.321159176985006,85.94345828335508,49.789303858288214,1013.8837160239397,17.455332243566826
2.980866267232951,25.625492388907254,49.72584868129601,994.510099697268,37.10177321042373
34.602527651987245,38.01949979751775,35.602418543132345,984.7341963550749,22.68916203445987
6.999368836088143,87.12718509501171,29.145849129530017,981.4648588893333,32.43552896903315
20.79092840092055,66.31478293998225,79.22438326047853,995.0755498080276,33.18040609325263
27.429420752734423,34.171187934168834,81.60243749612133,985.4955220486681,28.555760923079156
20.136974237341537,68.36995457246208,97.52103708023999,1000.180438311246,32.87649048399682
25.980583790150373,1.968321538141371,81.87345687242905,1026.3760124215853,23.561208262375924
49.82631543993096,73.56426600113653,39.4681995226879,1022.9776598292103,16.342998883483705
6.760865685642736,48.701604051623946,23.209326263081238,1016.6556573672817,31.844317301438352
33.77280226682128,81.31821472844612,98.83499074957282,1031.1500146327687,31.243907507865433
19.800048319280762,95.46376520064683,47.236055643488456,996.9240574726566,36.17827023778445
6.650489945366439,92.57885494945684,44.95772339459366,1033.1032251817978,33.76722073884457
7.936838168715477,90.92650434553407,92.4764167799506,1003.9543501801508,39.86910690087331
47.46365531228084,51.21699559338872,66.80799188359889,1004.0535990959976,17.265129438585276
43.9800748355881,36.014211413893804,37.18969390793077,1004.3210968175313,21.786222159888773
45.35209802075109,46.503532473067274,91.12769941729917,985.8856619744589,27.437571461933516
49.57663879136933,68.98960033133608,99.46886840437946,1038.5294298998633,24.728561194069737
10.415769500425897,88.39977768711867,26.934284892066458,988.3104066695096,22.58223892079379
17.771966868203087,20.698630300011956,88.98013026419898,1000.4531434681511,31.65401454882263
33.46095149624333,91.8193158461703,51.24125581475152,999.1580192196054,16.809865699708165
24.19012699303236,81.5180231969889,61.92579572053635,984.4807659690026,32.68011127367665
20.919476668916676,97.88560151782346,93.18527806119846,989.1356078067126,31.72152725289076
17.890562466779652,88.02517732816871,97.87033566200938,982.6915001711232,32.37268178850143
29.68903159717261,27.993732969190667,40.97311283270395,997.5442696136308,29.103712867843818
28.7796714320041,10.595591134404769,37.0280616767931,1031.9994154417343,37.077690410817695
8.072891703212004,11.224107199158862,26.44132468732095,1000.3665323442431,35.190303723482444
23.586991875921953,29.12233185782761,64.94382821297104,987.4215099240428,36.94354433652236
27.673588810492493,61.418372398453926,21.08835163605346,1018.741632103035,19.60114729253429
28.514346936569524,80.43203260971725,52.951863808794926,1039.7960547232947,23.788043570108954
10.50535964561759,89.92503069815648,25.870721332160684,993.9394273719156,28.12517020907987
37.11356961261434,62.37533843692328,52.41806263434672,996.7742603222341,34.62985841580563
1.2599547410534817,0.563131274805373,23.19457514124874,1038.3108232568472,45.69997748410205
17.741592777158132,18.63167765185335,86.8173808487015,990.7265772530292,43.30563342131373
39.010632426781676,9.972620385336795,36.77911951508527,1010.6728440475498,28.527041842449194
28.194646052770118,36.332447556901,46.26469682863296,994.3791279809657,36.48099529052897
13.058121625543013,50.13509936337459,89.60383972851135,1035.9411138740747,43.94184342798346
34.74765596715238,4.339717857856085,79.7012849065764,1038.8912608745777,25.146439265693388
28.36954720780367,34.84779757956553,37.523068931364676,1028.881870767201,23.68079959547496
39.81218047281936,17.917967462532257,25.751953492599682,998.8870289487686,26.535784341555953
36.75125930949117,64.70701662588739,77.25390214842716,1004.2092485168303,19.981353009409727
30.505396101811733,46.427236932434,51.25620405504875,994.5383410199853,24.036909881085787
24.4088837655407,49.531764693390876,81.2863999294577,1033.4454780205394,31.82695323253828
6.65910628337617,42.76917880334611,55.623581790016836,1034.8734966612894,36.22552790515169
13.066650894269188,95.6019710486567,47.68019303778211,1005.1322397347628,27.077330336085105
20.954973645854263,21.473512512156322,56.09643265699172,1019.3919841941802,33.66285910162631
29.964964350319434,51.66642598438743,79.88471885365414,989.9331907864816,36.49177732644475
25.68539276076524,73.60173683653359,92.17762292322993,1006.0961540218045,32.29665567978498
14.409226297976474,55.684441313456254,23.981375727086043,1017.8899464004098,26.880642605976362
0.32321788948552754,92.90208857168011,61.92892329815641,1003.1241871110811,27.958787492213833
24.811961095040697,37.796835564128415,22.62683432671021,1001.4559715411876,32.061603704834354
14.281299428112154,46.3675805773178,57.4727636019487,980.0599395360166,30.68347787510978
36.730415035526754,8.852231521472842,90.82262632775203,1028.2576078266268,31.589046802883658
1.1973132635241746,60.89991110519285,48.92722131362477,1033.360256721287,37.36255611623777
29.241390565289542,28.821196844810604,94.59603368645146,1038.16781177275,34.20351812243948
47.07371187530327,16.030903951556887,70.44867773204875,1023.156283104153,27.415459665172232
8.720463355574976,54.45312929045081,94.7324275034405,1012.9275387421931,42.439263836237714
23.58247453752977,53.23102633799106,80.57333003300158,996.1570711885225,32.71888281476487
4.5710995908569085,7.587164122404754,28.274813331900983,1039.9579685578099,49.20838195794696
31.28409561306763,69.82154534944728,38.49210940501416,1015.3851712719263,24.079993900729647
27.52658402981128,62.377219065085285,51.5336363666805,1020.8692443398268,31.480924320742805
20.368276210641618,18.90172827464972,33.60855056096608,1020.9443697173191,22.491044050369112
26.06885107368706,46.943486215404384,59.59292838213284,1030.715107745431,27.474991809008337
44.82873292345051,72.032291647856,57.70945245611925,980.5803523308151,16.921607398629874
9.814715115553351,52.94357405412765,96.5007358421905,993.2148164258823,36.06873614825432
1.1282255852673617,39.54890761835702,54.69823063167822,1019.9320400102008,41.12770692672485
43.083244234955046,32.233845808094365,82.85014434303983,1033.7087442094742,36.87116402323656
28.855854119395325,61.039386664405356,95.35284358811839,1021.1203269152813,36.427790697436805
44.53292277309212,93.91086983102406,90.15910647791884,1004.8094774896208,24.475868588618656
29.84726117065863,67.17448404774834,36.69340996092735,1001.6933297522157,21.451976139648895
40.50805449798512,7.474590363631551,59.68239154028354,1024.2768804969992,36.846019711156366
21.483668167757397,46.06849734821338,47.819182583674056,1024.4742618282316,41.7066897097415
37.49299656441344,89.08241315106275,51.98869561097724,1016.4234795503414,23.38591217214156
45.6520733444928,9.446242580108688,48.864546099660096,997.4880214458402,32.07601140286497
28.606148186110314,98.88757121375433,86.10873681400034,1035.5092891034326,31.61274647593755
9.039257528118977,94.90693936454213,56.171124409795794,1013.1127965271183,35.00297792944977
13.439880751509909,7.827448072987586,61.895546579575054,1027.4295413748998,33.93547989113194
9.93222884487029,93.3413320449555,98.59578856376598,992.85849572971,34.63205494049183
12.342851379786646,36.31325902594622,24.798341775321315,1000.6424473168837,33.115766096333175
15.32077246755182,84.47091670758626,59.03661118325991,1032.4747709832404,37.264118406539524
27.756689337659424,41.83833377132715,81.92493655568929,983.0064217963981,30.08735763266244
29.39958147319164,44.08551127025159,32.092956655058124,1010.7389186753998,16.37380074758343
21.324987362093058,63.42430909775426,68.92252756918191,1008.9023287906406,30.025176460580507
30.77103899104177,77.44774192759833,39.15718236275734,1025.0738113344848,29.189621262772185
4.078746280568296,3.3789150948248636,89.39232905796541,996.9136262359599,38.60612853432178
4.389411852907998,59.31559955271343,46.16797323200635,993.1440093115759,28.39509319923081
8.591473017882922,18.673299409737098,46.325025352072764,1035.567970326394,38.73493429325576
25.903874902017236,34.594951786320294,67.85551028143148,1014.3025791175079,33.39386421152036
10.699733934915677,34.79686661552165,34.6850326495927,986.2813740970192,35.951107945118565
14.164220174628866,46.906034022115364,42.791091112244885,991.5821697328593,25.906803804665827
20.015641808649704,33.41364118761734,53.33054800955292,1039.929563570855,32.56722384065005
40.59330620051899,10.736111845066777,48.29102905120883,991.7365397751315,34.54270912053707
0.6931067956430059,14.562873852545144,61.990177440446594,1016.6285306812207,36.742396837560065
32.46894101183112,3.343798556109767,67.9712115255173,1005.207684739737,42.34933474601337
33.44382655203427,47.02490853287543,65.33339630001316,1033.1359456909902,25.130004610480512
39.93278901783183,95.44476948529885,72.33346495935459,1025.3101155377196,28.818816287666202
46.63764695301566,11.567522364811655,44.61996132862562,1015.817083775709,24.736497001356533
1.0068924474644914,94.6264493003082,30.114098172402244,980.6443389078789,23.380747551552872
7.689185275660809,73.33615147320936,80.86460331448617,1032.7877124496076,35.40057878038291
44.30856470279965,63.74988029341632,88.06243061045456,1006.680048250323,31.140054057288086
22.925928109350767,64.52777553235629,40.560498577794576,1035.8946591811145,28.17714200974316
28.229531946673177,82.67276483962821,52.56735649264158,1009.7323407712521,31.67596127857322
33.15136018615737,10.691986437982138,59.885537357084424,1021.6534693509635,40.31999359561092
33.95333022478187,50.47543235655417,62.666147420234914,984.1575589679985,22.674377662715973
46.58702016582541,69.70911382607585,72.75921368701215,1024.709099211607,18.919700880377032
49.847470870583486,58.682044507356366,23.328258668425708,1000.2797618787154,10.898419457823273
36.00787304654701,83.27790710232946,77.71816661872137,1001.0815408599069,22.793222705569196
14.36106046025754,7.22717090113515,24.95768055835282,987.1193506825634,38.716076473312135
43.98762011471718,69.0701039499166,57.46308541382943,988.8114289184122,25.83420471436952
2.4610457270380803,53.40277303847177,86.21369084553552,991.1455433723726,38.69123560770702
11.55404264372481,37.91608639799434,56.097225062271704,999.6923701142854,35.83509677559541
44.869285873185746,34.027498223403086,31.927179901459823,1033.5181947665362,30.35743282208336
12.809575721967747,62.083263277419285,98.80270760047678,1002.0956142938048,49.09117363651096
11.032552981087424,89.09953746442648,91.14283696594106,1023.4617623937932,37.95786281921215
6.906264657012362,49.61759261011153,81.70509065800113,984.9648502333923,26.365016025016168
42.955587882345824,82.47231640769202,52.920928231936834,1015.4659279563195,23.339985262243832
25.002912959554337,40.21563818439675,34.707658151143825,1008.9134738762264,33.27572114159686
33.74466015270774,10.239446279317654,95.3128945134801,1038.6774768172702,39.786302618903704
11.953319203751484,6.1505736458638545,62.588090121371124,1030.7724661927377,44.17518431002251
37.902021050560826,5.1334371323677574,88.18843683099881,1007.289786346319,38.01543809547311
38.00027724810492,38.015014195766994,47.36760046075406,1026.5085658427204,21.000499704550016
15.629901245415006,33.72377508358421,46.823065366357646,991.5823244776267,29.102566245705948
20.53413165051414,71.79370236225695,98.84323845392314,1013.7401796435067,34.89591869392788
10.484513871510043,74.28215015848659,61.746643879587985,984.4771433341225,38.44504416251074
48.828051166145215,5.085396883373983,31.255633908859703,1000.885341935101,20.45967654524691
32.28012885292058,22.112326288901496,37.57397423957659,993.5517308973302,30.631372634955007
46.727194035775774,27.42618501588997,58.555542351417664,1023.1345889195127,28.74370938838716
15.169277181456659,54.76119841428094,23.397672839072907,1009.4054414728616,36.341843084848726
39.094545649844484,14.451522390695025,57.00271883026404,1025.0642287308806,30.409777574487297
38.2929321942371,13.394121940000037,53.51526736641021,1010.9177262578868,21.384560686466834
34.582782593327074,94.3788889207958,82.34690122555895,985.1890665290983,30.217445168821996
48.28194876334002,80.4202907297781,48.39535715913934,1024.1220589839515,30.64540710974014
19.677766805315777,18.06549020911703,98.60390092316794,1029.9937558392683,45.9824979170864
6.535866179487865,40.6567807905491,34.46159354407225,1034.2118735547676,30.62873061075288
33.58544296220304,35.56219992575655,67.27893479745079,1014.3195167184025,26.07664827685427
36.46549002386031,79.10040740654073,27.17594376066037,1025.2151215399697,15.706162079549257
28.753028672940733,51.021291647812205,78.70911871951856,1025.1226602129577,43.33734264743373
10.340894656669814,12.784973699346702,99.58029504495772,989.3449855879367,43.44654099895959
25.222797083467768,73.89920631562438,85.53109102013057,989.8532412475743,29.096751752228162
15.60948682845647,39.68879782249189,64.45628325762411,984.2531303485475,34.64959604419227
21.373326408334453,26.292424763214704,58.779308591975365,999.1948181084181,32.91501700911435
32.260928792233194,37.54986220207201,86.80239690134775,1008.4105152644639,42.333556781551806
37.26073713454173,49.77565636068964,94.87792677685795,1039.873871165253,28.540992208320755
11.611234545067155,34.311551641700945,99.13652206384744,1005.8596005240902,48.71636095067091
20.266268032347668,24.190577259175782,51.72313820515873,1023.5745553104423,35.081484183616205
13.45807854958146,39.85020288039804,99.27339798356098,1021.6038215763521,48.075774843285366
9.931580693093455,1.9172910749898242,32.47410017390652,992.2689170150347,44.19838526962991
39.16936099979192,77.24978460963139,40.28398207455274,983.5104290869662,21.401007301586993
45.46263472184962,17.09448935675858,27.121289978711694,1012.7604050920153,22.139844198420487
18.511609284228836,4.390461363063725,41.73908131875854,1022.0183355388685,35.779594146341644
37.56394621868834,65.36986929050792,81.4350041294409,1039.8951074111753,29.47312861295669
44.849764468220556,77.39361288236722,88.23394865427598,1001.5166631368702,18.52630265348227
42.30621052651158,81.38291315928431,82.31141160820573,1033.7818737248658,34.69459661077164
9.140669426961296,49.35091826605999,70.4852622534157,1002.9159473521512,38.92274071726695
47.81459407566807,20.53681846899853,61.117321001811646,1021.3647025058308,22.12133620553282
18.833822021473125,73.72276772498267,76.69634313709172,1015.8951758310232,23.202315007251975
16.962033058691816,69.97130771543371,51.26668394137774,983.1787275981558,18.36984028936711
3.1215663638890168,24.627073410317323,87.30466811997614,984.7033056182155,47.98299126359982
24.30868270524415,90.34077558627929,74.17520751814283,981.2458453834677,26.069627823154125
5.450680782046435,10.4371458082829,75.82437587955269,1002.2500450756394,41.205235127477806
12.426991046371299,98.26882395913256,62.8748794503257,1024.7480629259605,33.55198478893753
15.847131088364069,86.02478109774646,90.8183187368938,990.3653236394433,32.233196066530176
40.4413161745842,68.78986454790751,40.1611786943242,1016.3511781030337,24.812441139310856
43.77443251979483,93.87498882798329,50.49181226888406,997.3296668018647,20.2168568595167
15.123315873073484,72.23111683237077,82.21140557421512,1027.8195574387444,35.44734762400185
42.93490606222869,19.045699703004594,59.419911690347014,1027.9037689401794,21.562268314929128
42.861546868489555,44.21561381128117,91.13712107393526,1026.5248708979855,27.56238335518072
38.232547519243674,7.150302433163535,47.71194558102819,1011.4900108280826,32.954474382560754
7.334755700759077,38.96574222881154,49.54641350557158,997.0740026047911,32.60633207050242
34.51614234503645,74.16030197372086,91.09886315093003,1028.566642632718,37.232137203333295
47.25120322902844,38.644335093081736,57.149625614563284,991.1660337163545,36.82797665846187
34.12702393835785,33.02941754681341,61.28996673619894,997.3855761217194,33.62208410088215
16.580842455391696,59.53557225103119,46.62109722685435,991.0368623696373,38.090251326526065
25.028965871541565,87.2204528998895,42.13359537432655,1020.4526096232588,28.841992638643084
32.28625216755268,4.7583192546112425,72.47589686707136,1021.1741616869491,33.201850074711814
25.52852043642518,38.54704346997354,29.58725292329631,1019.1505995672052,29.048597775950764
5.997647086548491,15.82407418152627,90.34181129463275,1004.9360880118801,55.07489664080255
15.603202232601031,69.53542507318696,82.33625094120863,986.0102604320859,32.55837095958675
40.119801527681624,10.572456043113487,35.25986109646422,1034.6701750709012,22.432560108881454
43.07090230477587,66.48077585802446,75.52159566596524,1010.4638578407342,21.037196113897917
6.865001635778512,28.618087079790733,68.21063370285079,1004.4183316946655,39.051005571440555
47.61933761993623,19.89168137372247,34.76280405893153,1015.3294935948976,18.96868061416926
16.441130892430465,93.63525578249853,41.8562804840186,991.5674261491464,34.924022886792905
33.115686936536,1.8524576745955867,52.71892029870675,987.9529267462925,33.368727404267936
37.591257297834055,43.777727188956895,75.93941881963791,1004.3315132874766,35.421024729251826
40.59731173189417,2.162699246179378,71.09787270536047,993.6332416459946,31.388555341639282
47.287485111296505,48.3593048104329,62.578787814135836,994.6574176722298,19.29680452235214
15.64597740144113,50.10473777944182,81.47284344912273,1033.5506892667117,31.380703577159736
42.92532272757772,32.1662471394747,80.63501916849327,1011.8455506311495,26.437983644785586
6.584345171810352,13.216177752502368,69.42873232498047,1009.0081438594011,43.7751788692753
35.25204531767964,37.63875377344753,82.95920667078602,1021.3687756237158,35.87118219928331
37.098886475699295,67.2262939932566,46.74106998233674,1037.0928868206045,27.65670325702057
33.88616206006602,78.23958086444591,90.49996226580845,986.7319138682338,22.616462493862258
12.61573680675765,53.07506023881423,69.19280686415526,1030.0120740265554,36.62488951475432
43.65215735076017,58.98343944397556,85.78908110499444,1015.0411507920708,23.78488487750301
8.44292316851975,20.06163711246527,63.70232838322272,988.7699212287102,41.53903685817781
2.681739576041542,28.733033322764946,37.47505959909443,997.8289591213395,39.03539819468925
35.87324953059561,16.18956100523584,63.39281029426469,1008.9416849878844,26.18595904906294
23.773785761636685,24.929535000461133,49.68893310212705,1021.4706286746454,37.837811346256586
42.454900997933805,22.488678022553177,75.79992288296756,994.5564210172072,42.709893458795044
19.16985705291295,51.94487863912376,58.063503338778865,1012.0927289280554,36.920113787514985
8.413929425385641,56.26887557907294,86.88902439421501,1021.0802976449517,39.22972302875277
41.82210962349349,94.49474208215045,74.24580098575333,1006.9244450508504,22.436523437568205
27.445481582003584,19.557064710152304,74.76355464250591,1031.7815576672106,35.35549349574125
9.459789619517744,64.1675710161496,37.3724266792852,1032.1675461704242,27.930851703945933
36.01919992932229,81.72592689875229,98.73998131930323,1008.2414730584268,31.99946502365235
25.555681924475028,56.024146378305254,87.3340167417191,1038.3755426245339,29.646181192803986
30.215649112015992,25.50036525010757,83.12039076485557,984.5351055443268,25.83554053400982
23.044916910329093,26.255023002000023,46.417218012802195,980.2017426993762,32.86564859167687
41.43544919090032,3.925305307099991,62.85053222777855,1002.8400958282351,31.507381791630493
41.47813578415249,30.54442265484817,30.968255045946293,1016.0658236823506,21.35282164762242
35.46944109121931,74.46036790033801,63.078078133016476,1017.7520094469796,20.056399678440634
5.270068869823113,4.751775720711038,31.67113971866298,1008.5867441776297,39.054927742904184
41.942693095203445,21.929528250483067,64.2430275191681,987.4929987944388,24.3996781573024
33.55064902664549,70.6232498531782,71.89775041239244,990.2298513072736,27.5070181403662
34.85120830021498,78.26515628228766,51.21567737999219,1031.1288790311205,33.5879103399602
18.149142020193583,45.53184100619284,59.88359026650346,1032.0746679043557,37.622054039262196
43.963977807850334,69.80743384786489,90.05227101396687,1020.4339122716432,21.640918858477818
36.26858001174288,38.7952168654892,28.68505157622475,1019.8530783367329,18.305465758035076
5.629523326459723,15.991324502412752,83.33863143997223,1015.8609276816685,45.029119285168804
20.388901720308134,39.814949352290654,33.66036407969571,992.1755531421193,22.657796813180134
44.319018098007085,57.996782020314285,22.93663862437027,1005.6950420155941,9.190385596362434
2.3598350848689496,94.80532818528903,34.84596821960382,1021.7536790878028,32.87534552719066
48.07083098210248,6.875095208867732,81.20345519763917,1012.2351363202004,33.66114096213671
33.95812841597814,50.73940938449606,52.410085866948805,981.1148200433059,29.21542147406105
31.56879888216883,32.89197782107244,89.80164134769456,1037.213408403206,37.509852832549925
13.52796282439957,50.83116942766945,61.97660329458127,1030.6889631543286,35.18221040882497
12.439589436958853,2.397544737653168,21.780028154106475,995.6327008465843,30.63708419681138
47.102910974429776,31.302535470158134,77.33708876815413,1016.9875361099778,31.999862028517644
14.913622711706138,81.9868147527005,28.818632697698618,1035.3943630236913,34.74733131837248
38.77526483594997,55.39417338546375,83.15037067695395,985.7606607268191,27.249626989530842
19.65608991035396,45.05824928161174,33.448203984414405,1010.181768847802,24.454513022309342
6.962703539235199,28.552507171533957,47.63571086444108,1007.3745815507776,31.41318938470156
0.5357648847679475,29.80425227913559,80.90171437002883,1004.6123003170119,39.492697301832024
27.21286685076254,38.31014335905844,96.33850859811373,1030.1353165335754,38.81160085163433
48.78894092744663,83.55707099645603,49.71471605173859,1002.8387688018474,8.56345558815034
18.456809690460226,96.72132068082684,86.35201761591486,983.8197999944605,34.35587578921732
17.859616699652243,43.865538135037454,35.2633812380671,983.9502645298581,33.18363870438859
17.204580892472105,39.33528387477618,84.57438161619929,982.5646763914765,28.992156315325772
26.027191865242923,84.65507758198628,72.59952474050009,1004.5487253124422,24.55133571816436
22.033244171214676,42.69053206363036,35.41948057698947,1023.1043766619016,30.034388061286087
43.99573133635072,55.20181722956512,44.200316828112925,992.223347715831,21.77826470314984
25.276039586174516,23.094166459874444,30.54167108776288,1018.788111225893,32.40297170718544
25.38789190942844,74.35025357790752,50.637360885145064,1021.2253083262223,27.00303326109509
6.91857973602783,53.19883182707819,36.29189128986219,995.3121274409359,39.0184167726567
49.136977045519295,80.90345502403416,71.51983629043788,1016.0334593636378,21.351359019560824
12.498644543441484,78.07327300286697,99.5604083376447,1021.0921004016109,33.62381766176101
3.668203372980133,21.500476827002856,20.960733046741133,1007.9968173681275,29.47632827847061
33.15731244876044,71.56355505577623,63.27358506298389,1000.2029958368057,30.80889098238638
29.768318507843635,80.00544079513713,65.89332780392078,1017.1490930944597,28.184047110395092
20.757282699637287,34.61072407823951,93.13670317446496,1038.6708252396834,42.96424426687425
21.1096116940339,17.260911290227455,60.48042678135501,1005.6104845621387,38.93091156735904
39.253196052321556,0.263215557958818,63.4961135715934,1003.5041057771073,22.432969515969603
9.785632004982453,45.09036530931482,57.73222410627109,1007.8560141455667,30.411814761308563
41.012665947244486,35.24327315388416,41.51234436491851,984.573103606703,19.727061424790975
32.437355694750906,55.49098338254089,24.482330659913096,1013.1897967802834,19.31551954545446
20.94848868897622,18.804109258878576,52.69261457678689,999.7218432330358,32.371594885715396
22.90143082919343,85.96655476664752,24.207317699254283,987.2853273398757,27.64546744934881
12.83236035930479,25.775521562810965,64.03939755727342,1007.9754044670424,44.07056922077883
37.60571663484874,22.642960508764997,44.58349145938345,980.2030391944387,26.021119310450185
25.643737115263388,48.071405648435594,62.68819212203422,1004.1071147097655,30.468705106454145
16.04272713749218,49.885102374427426,30.743757151614936,986.3441160755871,25.749948895277154
29.80250578804751,21.508522878509282,94.61039725914877,981.4575622039869,37.9150452948796
49.78672260256615,27.18607267259158,91.56169948399479,1029.46850277467,32.4216053437333
21.763113982827694,16.970523915524495,35.19972073618276,1034.974928196958,36.525847862977145
46.03457003893098,71.84601783231668,47.47554266352079,992.4604789015464,24.707761812560854
17.250841996228306,77.0089031254082,69.07942174815837,1012.3578958300557,20.962338012070298
2.7366353462492943,46.23284974592826,27.654896584472503,996.6774894278591,32.61478395957485
10.212105318421443,71.40870226850174,48.36542568929207,1009.614646320331,38.90310511187434
20.93475716638421,73.59353919374455,40.088982945520485,1006.1978792536496,25.046949321086764
10.981746429728451,13.82755276778086,93.24133829733573,996.1430633048292,49.667991896816766
0.011351910912776875,96.61780248345367,88.20085090313641,1022.0236147781179,37.21315510935768
45.75007688737636,82.1031947096431,66.3866193013491,987.5894575592152,23.389056846419273
42.19397056154645,20.44834611958235,61.62770694972593,983.1843669302821,23.260364138646615
37.11461157434736,18.616503574607023,94.45806356363177,1026.0605259822366,30.937643436592015
8.390729782301431,12.566114557958274,94.59422263830523,1019.9558018732408,49.18187690403942
6.018178810499303,13.837856254191838,97.54641002813284,1009.9115674487839,50.790044985629955
3.3802374736191574,74.81617990286962,30.03031072865501,1008.0673862283525,31.042349632495053
36.20145943864606,46.96542569516235,32.84462486105362,1009.8446827694855,18.16898577024574
46.44039803439426,78.29341727398672,74.13893589439093,1006.2214445659204,24.44283092079617
21.526791045651848,74.62548943502054,63.31475812878759,1003.5735377498708,36.67427302048933
5.957033599802408,60.46127135052216,21.477272391458875,1009.9814361731673,39.042314717448036
25.61964103660533,68.63666065786795,24.958002879161548,1011.7109102695856,22.584820598867974
17.441595372931506,1.8355724379141791,91.04643058070441,1021.5141388450172,35.11187225704619
18.741246217499885,31.177764680502197,89.5096636431509,1022.6724296440414,44.08156580382717
31.066531207785363,63.78221792594102,48.58167375968361,1002.6577448084087,25.002409322915998
35.93590566311012,0.9344953486244201,91.28404935444277,1004.8124313646093,42.36983800446831
5.530179943658043,3.2976943682593407,67.49400595183215,1002.4218301841734,44.329075201623034
1.7795115403238193,85.18879824703832,84.47245176151215,1012.1921464175426,34.18475687696744
49.71651513428574,68.40248616920718,54.19448569281714,1007.2012122748517,21.549215745510068
11.636417445777592,26.536973312034394,29.071866187592697,1033.3757877881717,40.16536495423726
2.6915262454229536,68.7962840118709,54.6981650116813,1021.7816760149883,34.94750205240177
9.493766454795999,79.24566691392633,56.58398383975183,1033.9193830252668,27.959262791409788
1.947892317423211,30.679428311010128,64.07553550724825,1022.5482194935655,33.20676334664728
19.590544730858582,3.603737749918745,28.44661703235424,1038.2595289114288,29.673822504509012
40.120089222566214,93.27791246877345,99.31214904396892,1018.1442066953161,26.58520716799954
17.062222487886032,34.51798382956305,39.530945664552505,1037.8130082897833,36.95543256574272
22.209170343918327,10.648176328470637,35.88419228296743,989.4901934245655,26.58061763585576
33.77933867837194,49.18568713931474,62.144233508474926,983.1486608497643,36.44099735447165
25.444703503494008,76.84677956641337,62.976654351591094,1014.7475111122316,22.4775983130878
43.07228430106621,22.164731461755917,55.18565902665954,1039.0095923479864,40.31731272724738
43.301783752287825,26.949005013336336,81.75137170602036,1005.0563148381439,40.0459892094183
0.49553477455768213,24.27149867985832,61.332352058288215,992.7226017315776,41.9243257899616
38.90231532415996,99.16730528316782,68.77563641159873,1011.2924869516108,15.456302401359292
23.036680012083693,19.740373373054254,77.89971083262284,1018.9279174747334,37.64135332354545
49.442027065183154,57.5520216966124,22.002008125109327,998.9107217309534,15.496500574236748
24.161603793771757,92.52646416569644,65.65153460360358,1022.8861615099556,22.17288975078386
49.344797269414876,14.689656887777925,90.73555769826955,1038.5068704227435,34.30311432983026
37.72846806028683,97.08541978677002,21.391099434034714,1033.817787302637,13.479722615116678
12.430244230665316,94.74772343956246,52.41456830407689,997.4951224107317,25.77371284542242
26.919748964347885,88.45719870582626,94.0981960164664,999.6034209886759,30.90676008949471
49.60678197392914,21.455652133000225,48.252352182603026,1002.2924734669754,22.12155834772268
42.87653038759618,63.405505601098334,56.69830593601927,1003.6731667036187,34.505482633636724
4.868344689561055,76.08914729612401,98.52331144354503,986.0191699515967,37.49088881408522
35.3185998404998,98.60279281964297,35.945908716045906,1025.7177703333573,22.39478753693217
17.27897929354065,18.04238220813704,25.220415130000475,1001.9203558166421,32.301149838008826
0.34911309401740587,76.60258995192964,88.75380726890435,1032.7891986023271,42.70761326527837
20.17404845134998,33.880116992711294,89.47722729698948,1035.6164373872066,41.579128625671096
11.737721086248564,17.56264655680023,57.766226774401055,981.4658785584613,42.16347803880541
40.94346352602358,42.13769412138549,61.1365739581829,1039.3101841956923,29.53211168578887
16.866530442288273,79.38359121486164,86.86450956942689,1022.601363890011,36.347864433473205
41.37618469769085,46.48498037040522,79.0847598492636,1011.2235335595777,30.05821654457402
0.029896941739765426,53.75231002030485,41.21192017736085,1003.3716565023532,34.91293181039891
15.390957501305957,99.51594102001212,21.351468405721477,1011.1110879565828,19.03707125929349
12.058260715388098,39.9109299557426,58.37601300268366,999.4774834387067,35.57303852188498
11.67836805343055,61.54007547092398,88.71298608765132,1017.3612688217929,39.94299220278966
3.409330988273135,36.524420161537186,91.66677413521298,985.5788165866875,45.53717392224401
9.356213520525086,39.27856463287049,96.4980957660923,1017.2673561747087,43.72676483391463
27.777478494280995,69.56407534454081,90.3650590090225,996.5206910083067,31.77074652153846
14.568053641887225,93.78869760948835,66.40348442384787,981.0580897431407,30.2869990889455
20.869739116457396,54.23589504923214,55.56844793888807,1013.1623459697727,28.88577044761427
18.843344017359424,76.83999289487798,81.98798772272792,1014.7068653511618,35.561452925769615
43.795246249994726,8.920655881696382,79.18573074924771,1005.5941402826921,31.593461815302334
45.264949950525775,21.115803743192696,63.05147440651635,984.337173953019,29.096203971548178
24.647848582793003,50.213164091953246,26.98618980467753,1033.6005771682514,32.04828424694619
16.50779751578022,2.001172362877479,94.0865077429535,1016.6858484336733,40.48744209088258
5.340035200118182,25.28549787625588,56.44820300013297,986.9427979741382,41.799002966394085
47.67014396910475,51.740128982496614,49.06670255330114,1010.6558345956489,23.004116885353927
3.0113472450148726,1.4961198256300712,70.36539161350174,1009.8352589569083,54.54446576299973
14.882513878414022,26.45462862260417,73.90703689335815,983.6241121275756,37.30681910845306
14.903310058500207,51.40308194758695,36.855033362424116,1016.4115822161768,34.46100835213373
16.020064307010745,57.314924798124565,86.9551075847965,1028.499583935294,37.89251330328956
8.214342163620463,92.57516930553055,43.19496749299023,1024.9404832549087,23.054712667840047
39.15807154618486,64.53456232506079,34.93471407314534,992.178164849851,19.019447234011565
6.124893098299461,41.473580252999376,52.5119882283598,1031.7375517732528,41.669078842071215
31.74533295765814,93.03511771330678,78.44480647179722,1000.552529939561,25.527187607891317
6.192301335290873,78.48829833877943,97.23665427518428,1036.7905026975166,29.253506386564702
3.526781879647828,20.00089211127476,84.74250114971466,984.3048778535428,43.92233386988371
45.47147518429382,13.084236134881976,95.22787021361535,1009.1725213111905,28.79608329973472
9.506438315935284,67.58116357427329,31.248464326122143,1015.8274626306529,30.79285971230706
41.06250772798521,55.98831655769838,25.694143909094144,994.8590059084763,28.329453137358335
27.23154355535679,78.96736137927557,64.61638095253369,1026.2828113232138,32.73920071882426
3.89282598043848,73.88050500786865,43.22379864352275,1017.613740788643,40.70322546108275
47.772409571903374,62.521153385751504,86.24439783754183,981.0865662372773,23.906992683008205
12.348058349594627,98.63821716288922,73.75902971218608,1016.5021154417741,31.849825876318423
42.98226726763033,53.35897301104087,97.65825311886356,1009.4886940651068,26.125753383699582
8.44050028922821,11.310575650171984,40.383388458504335,991.7617521022105,33.54931843383373
42.69714410709264,82.82735648159884,58.862729148418595,1039.7448936235717,18.638004203015647
0.6614406452646993,25.185336234570897,60.09923819402826,1033.829731689657,35.180899699801095
25.589022828474032,77.73021481439183,39.13414358859009,997.5504617017438,31.940685568998695
38.472128971077844,95.71070960000515,67.20747195904062,1012.464255247917,13.497894772358457
46.739775874639164,69.67955139643412,55.46287888633916,998.9901283946174,28.90004102283084
45.460106810324355,59.60301609498011,55.73772447918989,1026.5297450981648,30.263214545847617
40.98124347738224,46.03861756750406,49.01893183779869,1035.8198859917873,28.409966072935458
44.4095674830652,36.440986599540324,21.354348194042807,1001.5297164148631,15.434241312059743
9.960984291853825,35.30047509718363,61.76761895318312,1028.3350549486177,30.14262558745927
14.209214785586438,63.63727057095906,46.81982685602649,1009.9044525627922,28.592553180570153
14.448426246052925,75.12731169377459,20.105589518746374,1003.7947136786946,29.110075939892134
18.85269655008494,67.85170694844143,44.63549661295456,1036.3053111259262,29.73576924179545
19.666033519259436,19.841010119356273,42.29026664718056,1010.6242813231419,28.194617080352675
27.227766232733774,49.39871801434912,51.475852257890864,1008.0446300154479,35.25509269101999
7.993988168322069,79.1640072183063,30.548159171471756,1020.3460641177405,37.83646462665601
34.562333189299466,47.57040781890562,60.61470597080675,995.6740520610971,27.48695037808956
8.378326965225325,53.66232797354938,75.3952282014504,999.487572247299,38.70598930622773
15.515424105227376,77.11360481708222,70.4148455243658,1035.9227501743173,26.1104507007173
25.167256530307704,66.12653062650915,84.30039580553525,1020.7117907262166,31.56453158306622
39.822028076173865,40.93449208823926,56.16066303896649,1029.5982288662603,30.268206291499062
36.97346166193636,89.54127111942189,61.52733842717826,996.2667057161258,25.62255196916504
32.276717820526116,16.25670686634786,84.83215526871867,1012.6274113957924,33.870346239382485
7.788663029008508,99.55164485903248,54.216093665539084,1038.28377601937,29.975108633230228
27.352267280778886,11.88525784762372,76.12794799196776,999.122233941693,34.51137722591022
4.3723250899942725,1.4949971104238902,54.76818949743935,989.6285885790226,39.894279389563756
18.86815883983254,89.00189011487647,53.41889556092501,1010.6531604934798,30.521434893161576
20.67582651449796,24.49535083659561,80.81644996233283,1003.2692653234926,28.43788433596521
1.9905719722876913,72.96996274467209,33.986953237296895,989.5746339672028,31.363620224745468
13.699404973498591,81.10153749320693,47.08687775532589,1033.313082962202,31.9991957593011
47.78247336332447,85.89863910321168,37.93378213975214,1039.4434346332266,15.441906666103458
47.681630391484475,99.15942356641668,48.72879543740777,1014.1149308413999,15.714521238527745
17.616352712626966,29.403971003999906,38.42998578928192,1026.4806061024071,30.556834872175102
2.155005447416203,71.02433419272592,66.35245048693237,1031.542302172778,35.17952869531216
8.954746966409077,11.539985828082822,83.85366420942762,1022.0589203613097,43.94822425516119
19.610889671677008,40.68092913568494,82.92904489743215,982.6493629467038,37.525997968546214
47.38898489846149,84.79716933125904,49.160077163903395,989.458053903009,8.704188668812343
7.059953176859246,36.76580460591084,99.10083247154094,984.2593514690832,46.76014734382539
38.175792183410614,59.10953805356141,67.50834917646407,980.5927763985234,25.664422022325958
5.434126968734604,50.377344372463405,51.95202414226358,998.3597845254342,45.496842661324166
49.06287886956384,64.59515311120451,86.84314233931404,1003.5413576288936,20.700676836991832
19.080824955456748,97.28943893876949,78.38992101141127,994.4617839401556,26.597959906229164
38.7617269449528,5.573552650140212,79.94202694592835,983.8762788851792,33.20841137817668
17.129554140556593,57.39615175016297,35.69114797870973,1011.7917854502007,31.517153737057377
31.383443857940435,86.30287792502848,57.46594458948441,996.3991591974285,15.488717285628743
9.600804237001837,48.13827117484275,88.94625046596822,1027.7622292918138,36.79761350656615
7.301050964848127,7.852718594157282,60.32304061030058,980.4831572975169,43.37913289149447
46.903206978406565,56.05393524167709,74.67621947368403,1030.5516230772566,22.13549003274534
45.88236389522167,33.20738908238204,67.03469864274116,1037.2852207367573,35.30559301622275
44.37344701064412,15.49417853379359,87.38854301747057,1022.9681037892142,31.176773577586918
31.271672508329672,84.9034513283473,42.764867180928206,1024.018643915754,19.266390063411198
40.413410560813915,52.15995129911216,66.03802223090919,1036.013738696164,31.077181099351865
3.4518468455687454,93.32764123790666,29.85877344078432,992.544277118021,36.73947031513901
16.73945209453396,80.6016504603069,75.21686213595743,1039.6739340925146,35.81598862157251
15.68515623785781,69.29717937736673,78.55742706821697,1026.4088722027125,41.71867369130907
31.78226609763066,0.5025503365311934,23.426985695119875,1023.5942424996676,37.524174544503836
17.797888673532025,42.782345663825,74.06327709023881,1001.6654347397175,31.655905690250172
7.42533908218404,19.74862816520323,53.175212333262905,1012.7466491243366,43.46070696159857
29.823353770677187,91.07979110488678,29.927750088774587,1019.2350672964009,13.941526071034637
40.719196033454075,17.458398467636027,53.59260381587741,1017.2205716790329,31.28621600809437
19.10617472299866,28.60600516592855,35.53863437564654,1022.2990783086549,31.56773433645353
6.613435754924085,51.68367677344992,53.24476256986532,984.9429043447046,41.487925083761986
9.834409865641152,26.336361899807926,50.747122236682216,1001.3389059699018,42.65614487015144
11.8741652584692,20.986467727912117,79.0713309548846,1006.0400009957286,43.9095200654873
14.994879649726812,59.90993251027524,81.93724465330871,995.637757872498,37.94602420691479
32.139753525315456,8.892952275502386,68.56229235076373,990.3576362161534,36.8421186754025
30.04727422688595,5.816775872092473,21.814947374595803,988.3356487947717,28.491949583692502
34.80399307835196,37.22452951860714,94.48178232567952,1001.9830035353951,34.48229783865401
18.125099226575657,72.06644545078623,74.89866240771582,1009.6065020337539,40.735645950043335
41.199882593998915,55.4806758273948,22.735635993695105,983.7785864087997,27.732333864681983
10.204383057788014,42.28764684667789,85.50663193712943,1036.787485675433,40.30336891356285
23.452037375907697,56.57515642245824,36.02129237743969,1025.9145993716454,29.15654100408445
40.046936077071514,36.54514846532736,66.33769516568854,1023.851106391128,29.907356856885524
9.007932386630962,93.61463354321128,57.33074959601497,990.3716314993236,23.02470978939232
5.493155687039147,5.490489091077433,53.58710258840613,1016.2280460807314,39.22345280659602
44.18419838439949,67.33914790298353,91.1770976099518,1011.78349680852,36.661581277285485
17.146483137959795,89.12826648277505,54.988903325009176,1038.9481307472017,25.96164714887091
34.1935062454516,80.38847087352534,26.027529405852057,1024.8603062048094,31.417153885492485
1.267430213196924,18.404103482144674,95.7310981771962,1014.5457130229738,53.03057112281227
34.50234442047248,29.592634898028834,93.6428184991702,1031.0487599882074,38.104921911426096
15.805065577348525,71.70479387071047,74.7546151665279,989.3056562516425,36.631522769618535
2.787042679372087,8.427055918076555,57.431402250562,980.9129917814587,36.708118295919064
30.49063807740585,81.18616998325841,27.4287578354817,1021.4140000048714,20.690641492748572
12.040190803658662,71.89069446047903,83.25984948619809,985.8986876142343,43.352820039677695
19.340362102594,72.96066492353425,26.038233153922317,986.9260183990106,22.213433522069263
4.029040614325679,10.024137026759139,25.488078791611652,1024.6808435854718,42.15136158822156
7.358162554747266,71.77605448162309,62.99070739514945,996.2320906480394,27.842992760461428
14.898861774792188,67.981812521997,32.81025921477122,1017.7178729341335,22.75726449388594
4.487975028007857,83.09224908218505,20.61842138722792,1035.0444155655648,38.3849574307062
45.54131323431576,4.159595625646951,53.8490744796629,998.9884718982715,28.659591345853823
0.3023521591989209,2.3110668467792195,30.977378528805275,993.0286494703952,36.23286800131939
24.19301094321557,37.300709987856074,32.8412332224553,986.3937730244631,35.219790297102094
6.1623729066275725,14.878828384915288,26.152851098826773,987.8277416851836,41.311995562865405
15.383954473897427,55.838447757022195,36.407500297888795,983.7333617227306,34.28053398755267
46.30297799091328,91.73489015067489,77.23873438195115,985.2585427297844,20.117109002486355
8.084727663699343,39.14797303340157,84.71418457742331,1005.9202753285492,39.79072971104614
48.29161598591663,84.49503772726041,56.202691522344054,999.2519027014382,21.776597332502995
10.289718849471086,0.024087451786647396,60.524305270513416,1022.3936488593799,44.6491910784808
37.078305423341476,16.851464345918423,22.61240276753621,1032.21449949482,23.42509447333986
27.333863244865586,3.042353965408562,25.545300909705347,1027.086392188543,31.46281416332961
44.22393637983796,32.814718051506865,40.60541805196135,1011.8382353999391,25.855881200677942
27.699662775156547,90.81895956965027,63.5118736570518,986.1465269739592,33.03176558040123
26.727960957815434,9.695212359898775,79.16409189879943,1022.5860370364932,41.850754146890864
9.772900018419994,60.64097767438004,68.40024490704265,1001.7697234836124,28.505455208588188
8.311468102582936,45.14959391194442,51.37022839894306,985.1390236349246,34.071763368143706
45.82445755577571,93.84682123658125,29.465925840251053,1030.5479844327576,11.994912324384888
16.391909942501705,12.251914253709383,82.46185879097516,1000.2929910309504,43.81281133420221
18.604112748144797,21.202785050222893,49.10288412792457,993.0949299506943,38.88158564126206
37.99118292141942,2.9541968611493274,78.88432115862317,1032.2871238771306,36.03339601684655
16.941174121140367,43.393524963137374,61.038307353147346,1034.1280321068202,33.815966859313406
47.60312233195014,27.783289956465428,79.09296428494602,1000.3382502314936,29.897292917320105
36.89638844994001,86.99059338903209,92.58316491620575,1001.2880851568824,29.929856934072074
29.871462128671,60.4940813197755,93.68236128430416,1014.7777116549886,30.87656339658201
44.04475802723763,61.409073797570166,62.808542400048275,1024.0064896286394,19.193520860804895
2.480295417474138,53.19106968813024,60.9206691812511,983.7889521144118,27.239988612643867
12.853134609460437,9.1850337229201,41.25427724022698,1015.6006194313084,42.80162087822449
23.251816711045496,44.501868372535526,94.86398652234331,1037.169203707015,40.76908142009941
11.34892697357605,99.95051897085165,56.63353337596967,995.7256338307973,31.562367750574275
37.195259365107596,83.52292908460149,30.207299142990173,1034.529632845816,26.77681125013716
45.96040155268626,89.34590541671159,54.61639317012399,1037.0101004457856,14.67260992849519
21.18850599654617,82.32263592464994,30.164260019040317,996.1492184582654,15.920653601317417
17.10663000559475,10.304169343098268,60.20253474056601,1025.2521119531211,40.03417609675452
48.07753660687831,22.74482540647996,64.90204118849698,994.3265004991736,29.13044954276368
22.242621641377042,0.3121651356409627,47.02046091948682,1024.2566697039279,26.9176654776606
24.45242002246416,30.351012487811147,25.732049138518775,1027.8451982773295,30.583489391506404
17.582493617095267,10.860740234649258,95.48028285065912,994.832342222639,40.5967524014603
45.477423650606916,47.2793345301583,81.86824907867437,1022.9521726149941,25.072679967215223
28.447774164092536,67.7127488573902,87.11048644040969,1028.7262723318454,31.408372736319514
38.10872935908223,87.4505295038077,49.34947154289836,1001.5147323264147,9.787400765265254
40.590335917544316,74.92171650908982,80.86648240155604,990.0621665593836,24.045072148289112
17.09245209586291,93.85855957785051,58.82983161353554,985.5178740390509,25.239767788846404
21.684716566019002,5.3898290393788795,36.086679072483676,1014.5229022165965,36.184574266141595
42.423588720313234,1.217983541654144,29.95387015257706,1038.6858871589427,26.3667726132516
18.16276758379051,66.13381138362126,47.604069545764546,1029.377019201333,33.600283770786476
39.696756672592564,28.935241022224623,31.004168918011175,1006.1503783360731,11.963385076739506
47.04961612872186,25.350101610577312,99.86151809632548,1012.1972541712976,29.117786685345248
31.16051865340035,33.08870876937943,23.935119218561766,996.7716731247091,28.388660130177616
37.08136437259444,26.979605789236416,55.29148794952612,989.7839520416038,27.462709189693243
40.254865602056746,51.14364063015873,56.16748179123073,1008.9248694939364,30.380098579802276
42.25198244483212,44.01484472241325,44.050554286534044,1007.8100939700311,15.403691269743652
19.752666892839798,51.242855137665636,65.70812525655563,1011.3157971682256,37.428003348676725
2.5631729587999086,67.27136115004362,31.998161932123573,1037.1682751338365,29.591305700925723
20.093813561836978,38.71305089711483,82.7129904469787,1016.2337180086863,33.89118834704458
33.68781148920449,25.13076871421568,46.595817459811066,1016.3463101973424,34.39211373937285
22.51751928903964,16.62005368087455,67.30740718389134,987.6814857716646,41.981985288000175
37.448157543019924,34.94741195326255,77.25113888535674,1039.7893319706093,37.56776749441987
17.849121473433193,74.1806475246172,91.12336941521289,1026.3706966540801,46.35632777611318
31.737207055201477,75.67049101114695,86.862994916176,1032.6322006456403,37.66790007488074
9.320990242698729,66.69053866842103,68.66472224828476,1004.8580247098596,31.694334973126697
37.46847183224784,23.402817530687457,51.07145443071096,1010.1276857471375,29.730639217484548
27.284798440651294,58.80862458546977,60.25637360599711,1011.3250285497365,28.137665078727256
10.20321942733003,57.0689661576848,81.4987834703042,991.6456723573763,48.175317823471
14.595558674890363,48.42661981097255,90.20364340475784,1021.3693493796175,45.000953688235214
37.43043542909162,54.997898638386424,28.30255425413375,1034.1786034170475,21.995634030327608
24.130061783076034,49.17906326236681,50.78850099944428,989.8223490883051,34.387346259288265
10.80157201965361,56.54563660741082,82.08932787308004,985.1790964091699,31.700953510942718
48.36355951851488,71.55059546211288,54.53214100751688,1024.2931343324205,22.992865124237557
35.75625099084439,10.962819440343974,46.578221125302704,996.392109900379,25.141805662499852
47.85674162698981,74.96257521490237,52.90581574586157,1017.4317524970397,12.728266399095812
21.35525226801716,13.58861501275942,68.22757974290806,1021.7455002795308,41.566290972994906
23.755017034586025,6.6627998410374705,99.98441153070412,999.3146458149093,46.474125027362014
44.89776080925096,97.60796862214676,59.43939432836254,1028.9086758455471,23.29002074223529
26.252467012269232,95.69917688704415,36.67955799634085,1012.999338926853,22.141427482770496
35.36394559528336,6.043654494056405,33.02772602232758,1032.1399644771082,22.7916157906686
12.608643874776499,44.32534414749622,23.387979798113143,1025.7976131535368,24.742287302018898
22.336323435132027,18.624493829977474,64.70537879346571,1032.1145379222473,31.678351265233463
6.172493290517755,48.53448971344181,63.56576731910674,981.2096829270737,36.02549533928336
10.299001793848085,83.01772429995874,36.41871414242473,994.6103756443157,34.0844353341243
0.04717076338155435,95.06117747428902,75.62635251620536,985.4004764267563,41.57371448491582
1.9632525824330116,63.42526534515373,79.28856333037446,1006.524981031361,31.58944381287373
48.86419115884647,35.390566721181706,40.7278564305689,1033.397607296919,19.852649907166867
12.117684756838115,60.332556564459836,47.52798112237892,1008.0524157360121,28.760879301720465
33.165535475200095,31.200130610845033,99.23773378778053,1030.9827826748237,24.517726375512797
41.95498493998058,90.98236408320604,49.94115742805874,999.6306942811591,23.369660344266755
27.533022961828213,87.04004631058369,80.86413374048814,1000.3742043683152,28.682393507240082
7.65722500419781,55.8231750279661,56.218034130395196,1033.7337038196126,35.402181508740696
36.40582186680832,32.47989153803606,83.46758622887808,1005.5490287907021,39.93073808817785
30.012570504979152,29.338967558297835,81.52185910261183,1027.38592926768,36.01987460984363
36.562529467368755,3.341799470505946,73.42048201588284,994.198612872914,32.1804534477494
38.48733114285436,81.58208510252952,88.38226770364633,1036.928049780658,31.891881403075573
48.770518384237256,45.038321303900794,95.13747959021481,1014.4746947918343,35.459487421585465
28.6781640013355,32.513292840026445,66.39866563616671,1025.5594141147042,34.838547473561924
17.082055634530093,47.11103549977539,38.997512577819656,985.3709419876932,33.90727347958099
32.42322784501185,81.8737990454652,51.890316931526,1009.5598535498317,24.072558103961036
3.4220354621313067,12.461420770752119,80.66445708106346,1034.0623098640415,44.838873311927436
44.86986591607931,85.76559882418273,72.07067880990957,1032.6223177425982,24.730632070590477
5.969050566909839,89.7508835108354,34.2238670852199,982.8088374340537,24.998348538144256
16.392141894290912,94.67079150338881,24.099163291713978,998.2219081477368,21.094282866237677
40.787269031306046,39.74879924226278,74.63692748336518,1006.5992003887447,36.74586070575395
29.865618916535592,21.714040403767186,40.08632192234763,990.3358888613473,39.4683568295533
